Mine_ID,Mine_Name,Region,State,Mine_Type,Commodity,Year,Month,Date,Production,Initial_Reserve,Remaining_Reserve,Workers,Working_Hours,Productivity_Index,Energy_Consumption,Commodity_Price,Revenue,Operating_Cost,Profit,Profit_Margin,Waste_Generation,Environmental_Impact,Environmental_Breach,Inspections,Violations,Violation_Category,Violation_Status,Safety_Incidents,Incident_Category,Severity,Risk_Factor,Corrective_Actions,Completed_Actions,Pending_Actions,Action_Status
MINE-029,Andhra Copper Mine 29,Southern,Andhra Pradesh,Open Cast,Copper Ore,2022,12,2022-12-01,45124.85,11305197.36,8225022.0,283,60927.5,0.7406,48236.04,8097.5,3653983.9,2953915.16,700068.73,19.16,10869.54,21.169,0,3,2,Operational,Under Review,0,,,2.44,2,1,1,Completed
MINE-002,West Iron Mine 2,Eastern,West Bengal,Open Cast,Iron Ore,2018,8,2018-08-01,65935.02,31788526.71,29229930.51,2020,397396.8,0.1659,63442.86,5604.55,3695360.07,3122691.29,572668.77,15.5,12928.1,31.71,0,0,1,Environmental,Closed,0,,,0.33,1,0,1,Completed
MINE-008,Telangana Iron Mine 8,Southern,Telangana,Open Cast,Iron Ore,2024,6,2024-06-01,21116.92,4242653.83,2652298.77,813,151019.5,0.1398,22087.5,7689.97,1623883.78,1231027.05,392856.73,24.19,6440.83,10.155,0,2,0,,,1,Fire,Minor,2.26,0,0,0,Completed
MINE-005,Madhya Coal Mine 5,Central,Madhya Pradesh,open cast,Coal,2018,2,2018-02-01,20049.92,6162270.35,5622249.18,1108,228650.9,0.0877,20692.18,2514.59,504173.29,366842.15,137331.14,27.24,5934.83,10.344,0,1,0,,,1,Electrical,Serious,1.52,0,0,0,Completed
MINE-010,Uttar Coal Mine 10,Northern,Uttar Pradesh,Mixed,Coal,2018,6,2018-06-01,23450.85,3804225.22,3281328.65,739,161536.2,0.1452,28271.86,2674.9,627286.55,509363.32,117923.22,18.8,11154.87,21.391,0,0,0,,,3,Machinery,Minor,1.71,0,0,0,Completed
MINE-008,Telangana Iron Mine 8,Southern,Telangana,Open Cast,Iron Ore,2020,6,2020-06-01,17256.89,4242653.83,3515628.53,750,162461.4,0.1062,15809.05,7198.25,1242194.58,729934.44,512260.14,41.24,7587.95,13.77,0,4,0,,,0,,,2.06,0,0,0,Completed
MINE-009,Andhra Iron Mine 9,Southern,Andhra Pradesh,Underground,Iron Ore,2024,6,2024-06-01,38448.12,7961285.52,4476777.3,1210,262373.6,0.1465,57823.67,5028.07,1933197.24,1242788.51,690408.73,35.71,10592.46,25.471,0,2,0,,,0,,,0.89,0,0,0,Completed
MINE-027,Gujarat Iron Mine 27,Western,Gujarat,Open Cast,Iron Ore,2021,4,2021-04-01,9229.31,6248149.8,5309214.34,702,132228.9,0.0698,11814.15,5439.06,501988.43,369570.94,132417.49,26.38,1998.95,9.008,0,1,0,,,0,,,0.61,0,0,0,Completed
MINE-014,Chhattisgarh Bauxite Mine 14,Central,Chhattisgarh,Underground,Bauxite,2016,1,2016-01-01,13234.46,3172486.06,3159251.6,865,167094.1,0.0792,15994.59,1930.57,255499.96,166845.25,88654.7,34.7,3885.0,8.225,0,0,0,,,0,,,0.52,0,0,0,Completed
MINE-024,Chhattisgarh Bauxite Mine 24,Central,Chhattisgarh,Underground,Bauxite,2022,8,2022-08-01,60545.1,8763956.29,5474285.36,1268,275215.6,0.22,90353.03,1557.33,942887.53,707199.17,235688.36,25.0,28586.72,48.326,0,2,0,,,0,,,0.53,0,0,0,Completed
MINE-001,Jharkhand Coal Mine 1,Eastern,Jharkhand,Underground,Coal,2023,10,2023-10-01,207618.62,15973322.74,3673857.71,3089,644190.8,0.3223,363362.77,2527.21,5246963.18,3178118.4,2068844.78,39.43,86881.37,153.873,0,1,1,Environmental,Open,0,,,0.9,1,0,1,Pending
MINE-014,Chhattisgarh Bauxite Mine 14,Central,Chhattisgarh,Underground,Bauxite,2021,9,2021-09-01,7593.31,3172486.06,2486893.54,795,160526.5,0.0473,9684.08,2784.62,211444.87,181068.25,30376.61,14.37,2538.48,10.143,0,2,1,Environmental,Closed,0,,,0.61,3,2,1,Completed
MINE-009,Andhra Iron Mine 9,Southern,Andhra Pradesh,Underground,Iron Ore,2021,4,2021-04-01,33312.55,7961285.52,5792794.68,1105,217421.9,0.1532,44597.62,5095.23,1697350.55,1025402.39,671948.16,39.59,9553.88,23.369,0,0,0,,,0,,,2.08,0,0,0,Completed
MINE-005,Madhya Coal Mine 5,Central,Madhya Pradesh,Open Cast,Coal,2024,11,2024-11-01,9159.71,6162270.35,4599374.23,1054,210167.5,0.0436,11586.13,2507.1,229643.17,152563.29,77079.88,33.57,1963.73,11.044,0,1,0,,,0,,,2.0,0,0,0,Completed
MINE-015,Madhya Iron Mine 15,Central,Madhya Pradesh,Open Cast,Iron Ore,2019,7,2019-07-01,61161.51,14086398.07,12013245.52,921,188984.6,0.3236,51692.88,6015.73,3679311.95,2711970.63,967341.32,26.29,11474.31,24.923,0,2,0,,,0,,,1.74,0,0,0,Completed
MINE-012,West Iron Mine 12,Eastern,West Bengal,Open Cast,Iron Ore,2019,8,2019-08-01,89288.1,17808314.68,14592587.51,986,211855.7,0.4215,115567.92,5696.0,5085849.12,3939638.09,1146211.03,22.54,19473.88,52.35,0,1,0,,,1,Gas/Explosion,Minor,1.45,0,0,0,Completed
MINE-018,Telangana Iron Mine 18,Southern,Telangana,Mixed,Iron Ore,2022,6,2022-06-01,9443.57,4638464.7,3752155.69,885,180933.1,0.0522,11758.38,4165.18,393341.16,337297.66,56043.5,14.25,2030.8,9.405,0,4,1,EQUIPMENT,Open,0,,,2.35,1,0,1,In Progress
MINE-029,Andhra Copper Mine 29,Southern,Andhra Pradesh,Open Cast,Copper Ore,2023,1,2023-01-01,44076.39,11305197.36,8180945.61,296,55745.6,0.7907,36808.08,8111.88,3575425.1,2300011.05,1275414.05,35.67,15410.59,19.659,0,1,0,,,1,Machinery,Moderate,2.15,1,0,1,Overdue
MINE-026,Maharashtra Copper Mine 26,Western,Maharashtra,Underground,Copper Ore,2016,8,2016-08-01,14367.66,3439638.4,3315623.73,466,85793.8,0.1675,18866.78,7412.18,1064956.85,756580.88,308375.97,28.96,4316.57,10.606,0,3,0,,,0,,,1.28,0,0,0,Completed
MINE-002,West Iron Mine 2,Eastern,West Bengal,Open Cast,Iron Ore,2018,3,2018-03-01,71107.31,31788526.71,29592498.45,1986,391772.7,0.1815,83472.51,5206.03,3701865.9,2519462.98,1182402.91,31.94,17443.81,34.598,0,1,0,,,0,,,2.33,0,0,0,Completed
MINE-028,Telangana Coal Mine 28,Southern,Telangana,Open Cast,Coal,2019,7,2019-07-01,20217.29,10510635.28,9365210.31,998,196736.6,0.1028,16908.21,2410.26,487290.1,291419.62,195870.48,40.2,7079.21,15.77,0,1,0,,,3,Slip/Fall,Moderate,1.81,0,0,0,Completed
MINE-016,Maharashtra Iron Mine 16,Western,Maharashtra,Underground,Iron Ore,2022,11,2022-11-01,11132.98,3852023.09,2716323.32,450,95365.9,0.1167,18606.26,7820.9,870700.02,488150.96,382549.06,43.94,4017.02,13.777,0,0,1,Environmental,Closed,0,,,2.28,1,0,1,In Progress
MINE-025,Madhya Limestone Mine 25,Central,Madhya Pradesh,Open Cast,Limestone,2019,10,2019-10-01,9912.06,5333812.33,4776984.92,1152,239803.9,0.0413,9421.65,867.26,85963.38,86335.57,-372.19,-0.43,1803.9,9.498,0,3,1,Environmental,Closed,1,Haulage/Transport,Serious,1.26,1,0,1,Overdue
MINE-028,Telangana Coal Mine 28,Southern,Telangana,OPEN CAST,Coal,2024,4,2024-04-01,9442.17,10510635.28,8581736.3,904,164191.8,0.0575,7561.87,2076.15,196033.47,169412.66,26620.81,13.58,4092.4,11.991,0,1,1,Equipment,Closed,4,Gas/Explosion,Serious,2.2,1,0,1,Completed
MINE-011,Jharkhand Coal Mine 11,Eastern,Jharkhand,Underground,Coal,2020,11,2020-11-01,72692.63,4815796.69,2544163.64,539,116693.0,0.6229,99261.45,2227.26,1619050.92,969962.25,649088.67,40.09,17737.76,46.455,0,0,0,,,0,,,1.34,1,0,1,Overdue
MINE-005,Madhya Coal Mine 5,Central,Madhya Pradesh,Open Cast,Coal,2019,11,2019-11-01,14370.74,6162270.35,5276953.87,1087,227275.3,0.0632,15383.48,2395.69,344278.07,223467.57,120810.5,35.09,3845.76,8.0,0,4,2,Operational,Closed,0,,,1.69,2,0,2,Completed
MINE-005,Madhya Coal Mine 5,Central,Madhya Pradesh,Open Cast,Coal,2019,12,2019-12-01,14849.92,6162270.35,5262103.95,1091,203709.3,0.0729,17318.72,2332.0,346300.2,282394.59,63905.61,18.45,5349.14,9.668,0,2,2,Documentation,Open,1,Slip/Fall,Moderate,2.53,2,1,1,In Progress
MINE-003,Odisha Coal Mine 3,Eastern,Odisha,Underground,Coal,2018,1,2018-01-01,103845.83,24608205.58,22589217.24,1162,250351.4,0.4148,131180.3,2662.12,2764503.65,2079917.64,684586.01,24.76,33367.43,57.941,0,2,0,,,1,Fall of Roof/Rock,Minor,0.95,0,0,0,Completed
MINE-005,Madhya Coal Mine 5,Central,Madhya Pradesh,Open Cast,Coal,2016,1,2016-01-01,24979.25,6162270.35,6137291.1,1171,223722.3,0.1117,26846.55,2412.64,602658.19,406882.46,195775.73,32.49,6894.5,12.53,0,0,0,,,1,Fire,Moderate,2.19,0,0,0,Completed
MINE-017,Gujarat Iron Mine 17,Western,Gujarat,Open Cast,Iron Ore,2019,3,2019-03-01,31167.05,13268212.21,11907045.14,441,91739.7,0.3397,25665.76,5408.95,1685811.05,970301.96,715509.1,42.44,10107.11,16.364,0,2,1,Emergency Preparedness,Closed,1,Fall of Roof/Rock,Minor,2.87,1,0,1,Completed
MINE-017,Gujarat Iron Mine 17,Western,Gujarat,OPEN CAST,Iron Ore,2023,4,2023-04-01,28599.98,13268212.21,10428313.89,433,89804.9,0.3185,23317.08,5267.99,1506644.13,873054.61,633589.52,42.05,9734.71,16.731,0,0,0,,,0,,,1.43,0,0,0,Completed
MINE-014,Chhattisgarh Bauxite Mine 14,Central,Chhattisgarh,Underground,Bauxite,2017,6,2017-06-01,11194.28,3172486.06,2959250.08,821,158200.0,0.0708,16153.42,2154.61,241192.81,200133.77,41059.05,17.02,3541.55,11.483,0,3,0,,,2,Electrical,Minor,1.34,0,0,0,Completed
MINE-017,Gujarat Iron Mine 17,Western,Gujarat,Open Cast,Iron Ore,2022,8,2022-08-01,25569.54,13268212.21,10649559.3,421,76773.4,0.3331,29533.05,5366.61,1372218.32,942452.15,429766.16,31.32,8465.92,14.254,0,1,0,,,0,,,0.34,0,0,0,Completed
MINE-011,Jharkhand Coal Mine 11,Eastern,Jharkhand,Underground,Coal,2019,12,2019-12-01,54812.83,4815796.69,3190853.53,472,99306.2,0.552,68304.96,2533.86,1388879.77,1103461.22,285418.55,20.55,14442.72,27.812,0,2,0,,,0,,,0.48,1,0,1,In Progress
MINE-001,Jharkhand Coal Mine 1,Eastern,Jharkhand,Underground,Coal,2018,7,2018-07-01,95420.51,15973322.74,13468136.08,2368,443142.0,0.2153,115906.42,2573.08,2455250.64,1727533.94,727716.7,29.64,53267.37,64.438,0,3,0,,,0,,,2.26,1,0,1,Pending
MINE-007,Gujarat Coal Mine 7,Western,Gujarat,Underground,Coal,2022,8,2022-08-01,10558.11,4595599.71,3669753.21,1514,308763.3,0.0342,17637.06,3265.53,344778.34,294590.85,50187.49,14.56,3698.1,7.898,0,3,0,,,2,Machinery,Fatal,1.86,0,0,0,Completed
MINE-010,Uttar Coal Mine 10,Northern,Uttar Pradesh,Mixed,Coal,2021,1,2021-01-01,36624.35,3804225.22,2398527.44,857,155719.1,0.2352,38457.25,3202.2,1172783.59,711566.45,461217.14,39.33,9229.65,21.327,0,0,0,,,2,Fall of Roof/Rock,Fatal,2.2,1,0,1,Completed
MINE-016,Maharashtra Iron Mine 16,Western,Maharashtra,Underground,Iron Ore,2019,12,2019-12-01,13200.43,3852023.09,3152061.6,464,93045.2,0.1419,22048.28,6637.4,876165.71,639060.7,237105.01,27.06,3255.21,13.837,0,1,0,,,1,Haulage/Transport,Minor,1.39,0,0,0,Completed
MINE-011,Jharkhand Coal Mine 11,Eastern,Jharkhand,Underground,Coal,2017,3,2017-03-01,28042.74,4815796.69,4459154.48,386,71441.4,0.3925,44157.74,2555.4,716604.93,455582.84,261022.09,36.42,15666.46,24.858,0,0,0,,,1,Slip/Fall,Minor,1.01,0,0,0,Completed
MINE-004,Chhattisgarh Coal Mine 4,Central,Chhattisgarh,UNDERGROUND,Coal,2017,11,2017-11-01,11573.63,3455223.81,3183517.91,1403,306728.3,0.0377,14643.27,2277.18,263551.87,187409.21,76142.66,28.89,5145.49,7.402,0,0,0,,,0,,,0.64,1,0,1,Completed
MINE-011,Jharkhand Coal Mine 11,Eastern,Jharkhand,Underground,Coal,2020,8,2020-08-01,51255.43,4815796.69,2744270.22,453,96819.1,0.5294,76316.55,2296.61,1177135.68,941303.34,235832.35,20.03,12938.8,36.025,0,1,0,,,0,,,0.27,0,0,0,Completed
MINE-003,Odisha Coal Mine 3,Eastern,Odisha,underground,Coal,2022,2,2022-02-01,264531.32,24608205.58,14236451.68,1633,315680.1,0.838,334036.02,3005.11,7949457.18,5497881.33,2451575.86,30.84,154418.65,179.176,0,0,2,Environmental,Open,0,,,2.65,2,1,1,Completed
MINE-017,Gujarat Iron Mine 17,Western,Gujarat,Open Cast,Iron Ore,2019,4,2019-04-01,33269.65,13268212.21,11873775.49,433,79943.4,0.4162,38933.23,5401.59,1797088.77,1479505.61,317583.16,17.67,10467.69,16.984,0,1,0,,,0,,,2.13,0,0,0,Completed
MINE-019,Andhra Coal Mine 19,Southern,Andhra Pradesh,Open Cast,Coal,2024,4,2024-04-01,41230.59,6903354.37,3865699.34,137,28525.2,1.4454,40006.73,2242.84,924735.72,640357.74,284377.99,30.75,11875.48,25.633,0,5,0,,,4,Slip/Fall,Minor,3.92,1,0,1,In Progress
MINE-002,West Iron Mine 2,Eastern,West Bengal,Open Cast,Iron Ore,2022,5,2022-05-01,61055.59,31788526.71,26149558.87,2006,362948.9,0.1682,53531.15,5777.32,3527377.52,2656326.22,871051.3,24.69,23415.32,31.089,0,1,0,,,0,,,0.45,0,0,0,Completed
MINE-003,Odisha Coal Mine 3,Eastern,Odisha,Underground,Coal,2024,11,2024-11-01,561666.12,24608205.58,2204351.6,2451,461827.6,1.2162,721838.23,3119.82,17522964.58,12016613.09,5506351.49,31.42,163687.41,301.135,0,2,0,,,0,,,2.48,0,0,0,Completed
MINE-029,Andhra Copper Mine 29,Southern,Andhra Pradesh,Open Cast,Copper Ore,2016,8,2016-08-01,30501.25,11305197.36,11050810.03,282,53312.7,0.5721,33038.63,8652.11,2639000.86,1586840.65,1052160.21,39.87,9154.68,22.374,0,2,1,Operational,Under Review,0,,,1.53,1,0,1,Pending
MINE-010,Uttar Coal Mine 10,Northern,Uttar Pradesh,Mixed,Coal,2019,4,2019-04-01,24745.63,3804225.22,3044331.89,774,154037.6,0.1606,28797.41,2786.84,689621.26,480883.26,208738.0,30.27,12195.37,20.362,0,2,0,,,0,,,0.18,0,0,0,Completed
MINE-012,West Iron Mine 12,Eastern,West Bengal,Open Cast,Iron Ore,2022,11,2022-11-01,146269.8,17808314.68,9942542.01,1116,245254.7,0.5964,175062.87,5359.14,7838796.48,5429876.51,2408919.97,30.73,49957.72,84.529,0,2,0,,,1,Gas/Explosion,Moderate,0.51,0,0,0,Completed
MINE-029,Andhra Copper Mine 29,Southern,Andhra Pradesh,Open Cast,Copper Ore,2021,2,2021-02-01,35098.59,11305197.36,9127933.01,284,62303.1,0.5634,41158.78,7906.6,2775104.6,2347833.15,427271.46,15.4,10183.81,25.134,0,1,0,,,0,,,1.75,0,0,0,Completed
MINE-015,Madhya Iron Mine 15,Central,Madhya Pradesh,Open Cast,Iron Ore,2021,9,2021-09-01,82331.93,14086398.07,10128016.11,1022,204206.6,0.4032,81886.44,5345.66,4401182.71,3665465.72,735716.99,16.72,19468.82,41.611,0,1,0,,,0,,,1.83,0,0,0,Completed
MINE-001,Jharkhand Coal Mine 1,Eastern,Jharkhand,Underground,Coal,2021,11,2021-11-01,181623.15,15973322.74,8283840.79,3003,649561.5,0.2796,294563.03,2695.98,4896524.23,3125158.68,1771365.55,36.18,46711.74,119.275,0,1,1,Environmental,Open,0,,,1.9,1,0,1,Pending
MINE-018,Telangana Iron Mine 18,Southern,Telangana,Mixed,Iron Ore,2019,12,2019-12-01,10961.74,4638464.7,4048978.49,897,190892.0,0.0574,12931.28,4085.52,447843.86,340791.09,107052.77,23.9,4367.29,8.909,0,1,0,,,0,,,1.22,1,0,1,Pending
MINE-003,Odisha Coal Mine 3,Eastern,Odisha,Underground,Coal,2023,10,2023-10-01,362323.93,24608205.58,7852096.04,1943,356825.7,1.0154,620608.2,3008.76,10901440.96,8031914.12,2869526.84,26.32,195641.16,285.641,0,1,2,EMERGENCY PREPAREDNESS,Under Review,0,,,2.81,2,0,2,Completed
MINE-004,Chhattisgarh Coal Mine 4,Central,Chhattisgarh,Underground,Coal,2023,7,2023-07-01,4979.15,3455223.81,2654102.02,1334,261478.3,0.019,7842.79,2240.16,111541.13,97250.46,14290.67,12.81,1723.74,9.871,0,2,0,,,0,,,2.26,1,0,1,Pending
MINE-002,West Iron Mine 2,Eastern,West Bengal,Open Cast,Iron Ore,2021,11,2021-11-01,73755.44,31788526.71,26536044.06,1966,377177.5,0.1955,71758.53,6208.0,4578739.89,3744939.18,833800.71,18.21,23709.03,35.607,0,0,1,ENVIRONMENTAL,Under Review,0,,,0.76,1,0,1,Pending
MINE-028,Telangana Coal Mine 28,Southern,Telangana,Open Cast,Coal,2024,6,2024-06-01,9026.04,10510635.28,8562257.2,983,199652.8,0.0452,10114.15,2060.9,186018.1,161213.38,24804.73,13.33,2831.77,5.713,0,0,0,,,0,,,1.43,0,0,0,Completed
MINE-001,Jharkhand Coal Mine 1,Eastern,Jharkhand,Underground,Coal,2024,7,2024-07-01,233180.88,15973322.74,1391536.5,3314,677705.0,0.3441,370602.53,2482.92,5789701.2,4721161.29,1068539.91,18.46,99744.77,162.783,0,2,0,,,0,,,1.76,0,0,0,Completed
MINE-003,Odisha Coal Mine 3,Eastern,Odisha,Underground,Coal,2019,3,2019-03-01,129995.8,24608205.58,20928086.98,1182,222869.3,0.5833,220832.85,2490.3,3237284.23,2082424.46,1154859.77,35.67,37880.67,89.012,0,2,0,,,2,Fire,Serious,1.63,1,0,1,Pending
MINE-025,Madhya Limestone Mine 25,Central,Madhya Pradesh,Open Cast,Limestone,2022,1,2022-01-01,7955.47,5333812.33,4546175.55,1154,207918.1,0.0383,7308.24,767.0,61018.11,51908.95,9109.15,14.93,1347.95,10.413,0,2,0,,,0,,,0.83,0,0,0,Completed
MINE-007,Gujarat Coal Mine 7,Western,Gujarat,Underground,Coal,2018,7,2018-07-01,11018.22,4595599.71,4237825.05,1486,269935.4,0.0408,12760.81,2609.97,287571.91,175993.57,111578.34,38.8,2932.28,12.077,0,4,1,Documentation,Under Review,2,Machinery,Minor,1.33,1,0,1,Completed
MINE-018,Telangana Iron Mine 18,Southern,Telangana,Mixed,Iron Ore,2019,3,2019-03-01,10851.02,4638464.7,4147526.64,963,209754.1,0.0517,14782.59,4011.97,435340.16,381048.33,54291.83,12.47,4907.42,8.526,0,1,0,,,1,Machinery,Moderate,1.16,0,0,0,Completed
MINE-018,Telangana Iron Mine 18,Southern,Telangana,Mixed,Iron Ore,2019,7,2019-07-01,10311.6,4638464.7,4103480.29,949,183788.3,0.0561,11153.66,4009.76,413470.92,250200.88,163270.04,39.49,3754.37,10.313,0,0,1,Documentation,Closed,0,,,2.64,1,0,1,Pending
MINE-004,Chhattisgarh Coal Mine 4,Central,Chhattisgarh,Underground,Coal,2021,10,2021-10-01,6751.57,3455223.81,2782950.79,1364,293171.3,0.023,11395.46,2587.68,174709.15,153865.86,20843.29,11.93,3909.53,8.799,0,2,0,,,1,Slip/Fall,Minor,1.5,0,0,0,Completed
MINE-015,Madhya Iron Mine 15,Central,Madhya Pradesh,Open Cast,Iron Ore,2019,11,2019-11-01,66401.47,14086398.07,11768727.94,953,191880.6,0.3461,82108.61,6657.48,4420661.52,3658134.7,762526.82,17.25,19237.95,35.426,0,1,0,,,2,Fall of Roof/Rock,Moderate,1.64,0,0,0,Completed
MINE-028,Telangana Coal Mine 28,Southern,Telangana,open cast,Coal,2024,5,2024-05-01,10453.06,10510635.28,8571283.24,961,200080.1,0.0522,13459.44,2094.78,218968.98,164411.04,54557.94,24.92,3251.8,8.597,0,2,0,,,1,Haulage/Transport,Moderate,0.81,0,0,0,Completed
MINE-004,Chhattisgarh Coal Mine 4,Central,Chhattisgarh,Underground,Coal,2021,4,2021-04-01,7069.89,3455223.81,2823284.01,1326,260555.3,0.0271,10665.05,2535.8,179278.12,130423.22,48854.9,27.25,2518.42,6.628,0,0,1,Documentation,Closed,0,,,2.02,1,0,1,Pending
MINE-005,Madhya Coal Mine 5,Central,Madhya Pradesh,Open Cast,Coal,2021,10,2021-10-01,11935.96,6162270.35,4964550.51,1056,230720.6,0.0517,13758.83,2542.85,303513.66,182602.9,120910.75,39.84,3267.99,12.477,0,0,0,,,0,,,1.84,2,1,1,Pending
MINE-010,Uttar Coal Mine 10,Northern,Uttar Pradesh,Mixed,Coal,2018,4,2018-04-01,20732.88,3804225.22,3329191.17,704,146667.8,0.1414,22662.73,2620.02,543206.31,439523.98,103682.33,19.09,4096.39,9.672,0,1,1,Safety,Open,0,,,2.24,1,0,1,In Progress
MINE-022,West Copper Mine 22,Eastern,West Bengal,Open Cast,Copper Ore,2021,6,2021-06-01,124583.05,11657228.78,6929831.84,2546,509018.9,0.2448,106796.37,8820.56,10988919.36,7270307.54,3718611.82,33.84,37749.59,53.398,0,2,0,,,0,,,1.93,1,0,1,Completed
MINE-015,Madhya Iron Mine 15,Central,Madhya Pradesh,Open Cast,Iron Ore,2018,2,2018-02-01,49174.22,14086398.07,12984278.59,910,178097.4,0.2761,51382.46,5619.87,2763527.48,1639506.11,1124021.37,40.67,21365.42,33.725,0,0,0,,,1,Slip/Fall,Minor,0.72,2,0,2,In Progress
MINE-005,Madhya Coal Mine 5,Central,Madhya Pradesh,Open Cast,Coal,2016,7,2016-07-01,21076.94,6162270.35,6004324.58,1142,208492.3,0.1011,22716.95,2380.61,501758.64,373721.61,128037.03,25.52,3677.56,13.839,0,1,1,Operational,Open,0,,,1.8,1,0,1,In Progress
MINE-003,Odisha Coal Mine 3,Eastern,Odisha,Underground,Coal,2022,11,2022-11-01,337553.95,24608205.58,11746747.63,1824,338018.3,0.9986,3252587.9999281326,3074.59,10378410.7,8436800.65,1941610.05,18.71,84321.21,218.96,0,0,0,,,0,,,0.05,2,1,1,In Progress
MINE-002,West Iron Mine 2,Eastern,West Bengal,Open Cast,Iron Ore,2023,12,2023-12-01,59589.55,31788526.71,25041832.58,1975,357109.1,0.1669,62659.78,5703.64,3398774.95,2619325.72,779449.23,22.93,15919.08,30.989,0,0,0,,,0,,,0.64,0,0,0,Completed
MINE-015,Madhya Iron Mine 15,Central,Madhya Pradesh,Open Cast,Iron Ore,2017,9,2017-09-01,45454.2,14086398.07,13231659.32,896,183900.1,0.2472,59002.82,5539.59,2517975.38,1947605.8,570369.59,22.65,17187.81,30.366,0,2,1,Safety,Open,1,Electrical,Moderate,0.75,1,0,1,Completed
MINE-007,Gujarat Coal Mine 7,Western,Gujarat,Underground,Coal,2019,10,2019-10-01,10729.86,4595599.71,4067150.13,1544,306143.9,0.035,12779.51,2655.4,284921.24,250732.1,34189.14,12.0,5439.3,8.274,0,0,0,,,1,Fall of Roof/Rock,Moderate,1.42,0,0,0,Completed
MINE-028,Telangana Coal Mine 28,Southern,Telangana,Open Cast,Coal,2018,8,2018-08-01,22811.85,10510635.28,9602152.97,976,187105.2,0.1219,21240.05,2529.3,576981.1,451967.97,125013.13,21.67,4592.78,14.863,0,2,1,Equipment,Open,0,,,2.5,1,0,1,In Progress
MINE-018,Telangana Iron Mine 18,Southern,Telangana,Mixed,Iron Ore,2017,3,2017-03-01,11358.04,4638464.7,4440573.47,933,176877.9,0.0642,11812.12,4528.72,514373.58,303684.39,210689.19,40.96,4189.6,10.45,0,0,0,,,0,,,0.1,0,0,0,Completed
MINE-005,Madhya Coal Mine 5,Central,Madhya Pradesh,Open Cast,Coal,2018,6,2018-06-01,18301.71,6162270.35,5547000.75,1061,210915.7,0.0868,22446.05,2486.75,455116.97,378405.33,76711.64,16.86,6900.78,17.556,0,2,1,Operational,Closed,4,Haulage/Transport,Minor,2.16,2,1,1,Completed
MINE-028,Telangana Coal Mine 28,Southern,Telangana,Open Cast,Coal,2018,2,2018-02-01,24476.18,10510635.28,9750854.05,989,206026.8,0.1188,26089.64,2469.11,604343.64,365928.41,238415.23,39.45,4651.91,10.404,0,2,0,,,2,Fire,Minor,0.86,0,0,0,Completed
MINE-021,Jharkhand Limestone Mine 21,Eastern,Jharkhand,Open Cast,Limestone,2024,1,2024-01-01,3287.12,1715441.24,1323323.8,322,64098.4,0.0513,3526.62,628.4,20656.3,15659.44,4996.86,24.19,1371.99,2.538,0,3,0,,,0,,,0.39,0,0,0,Completed
MINE-001,Jharkhand Coal Mine 1,Eastern,Jharkhand,UNDERGROUND,Coal,2017,6,2017-06-01,90584.96,15973322.74,14657678.74,2476,448138.5,0.2021,154541.18,2669.0,2417712.8,1582982.29,834730.51,34.53,18611.8,57.892,0,4,2,Environmental,Under Review,2,Fire,Minor,2.78,2,1,1,In Progress
MINE-013,Odisha Coal Mine 13,Eastern,Odisha,Open Cast,Coal,2024,7,2024-07-01,80300.09,11260157.97,6268259.79,776,153071.2,0.5246,67567.24,2749.04,2207480.82,1267814.22,939666.6,42.57,18249.75,30.166,0,2,0,,,1,Electrical,Serious,0.84,0,0,0,Completed
MINE-008,Telangana Iron Mine 8,Southern,Telangana,Open Cast,Iron Ore,2022,2,2022-02-01,16162.38,4242653.83,3187600.72,740,141039.3,0.1146,15652.63,7690.61,1242986.36,718375.89,524610.47,42.21,6374.3,9.268,0,2,0,,,0,,,1.55,0,0,0,Completed
MINE-010,Uttar Coal Mine 10,Northern,Uttar Pradesh,Mixed,Coal,2021,6,2021-06-01,43158.83,3804225.22,2193336.85,902,189911.9,0.2273,40581.49,3484.13,1503710.04,1090940.27,412769.78,27.45,17572.58,28.661,0,2,1,Operational,Under Review,0,,,2.16,1,0,1,Overdue
MINE-029,Andhra Copper Mine 29,Southern,Andhra Pradesh,Open Cast,Copper Ore,2016,10,2016-10-01,30477.99,11305197.36,10990102.23,271,52287.2,0.5829,33105.86,8389.18,2556853.14,2132498.6,424354.54,16.6,7967.27,15.768,0,0,0,,,1,Slip/Fall,Minor,1.8,0,0,0,Completed
MINE-028,Telangana Coal Mine 28,Southern,Telangana,Open Cast,Coal,2023,10,2023-10-01,10171.04,10510635.28,8639959.99,960,183289.6,0.0555,9179.17,2045.16,208013.74,136517.71,71496.03,34.37,4524.7,5.629,0,0,0,,,0,,,2.18,0,0,0,Completed
MINE-015,Madhya Iron Mine 15,Central,Madhya Pradesh,OPEN CAST,Iron Ore,2020,4,2020-04-01,69979.35,14086398.07,11426138.27,942,204983.5,0.3414,88869.84,6297.43,4406901.0,3164900.68,1242000.32,28.18,20250.17,40.616,0,1,0,,,0,,,0.76,1,0,1,Overdue
MINE-029,Andhra Copper Mine 29,Southern,Andhra Pradesh,Open Cast,Copper Ore,2016,6,2016-06-01,32335.47,11305197.36,11111761.41,263,50777.1,0.6368,41279.93,8202.69,2652376.98,1558460.92,1093916.06,41.24,14521.8,25.017,0,2,0,,,0,,,1.12,1,0,1,Pending
MINE-013,Odisha Coal Mine 13,Eastern,Odisha,Open Cast,Coal,2022,9,2022-09-01,62760.84,11260157.97,7848007.28,683,142081.9,0.4417,58886.72,2687.4,1686633.54,1295119.14,391514.4,23.21,22124.64,35.268,0,1,0,,,1,Fire,Minor,2.05,0,0,0,Completed
MINE-030,Uttar Iron Mine 30,Northern,Uttar Pradesh,Mixed,Iron Ore,2016,10,2016-10-01,28748.38,9769224.08,9490580.79,788,168893.6,0.1702,32341.71,5158.35,1482943.24,1028589.86,454353.38,30.64,9950.11,17.284,0,4,0,,,0,,,2.33,0,0,0,Completed
MINE-005,Madhya Coal Mine 5,Central,Madhya Pradesh,Open Cast,Coal,2023,12,2023-12-01,9629.48,6162270.35,4693868.6,1040,222261.4,0.0433,10530.53,2494.29,240187.35,184392.77,55794.59,23.23,4115.83,6.932,0,1,2,EQUIPMENT,Closed,2,Fall of Roof/Rock,Minor,3.42,2,1,1,Pending
MINE-016,Maharashtra Iron Mine 16,Western,Maharashtra,Underground,Iron Ore,2024,2,2024-02-01,10760.6,3852023.09,2552546.97,462,93208.0,0.1154,11633.61,7556.34,813108.14,485992.69,327115.44,40.23,3614.03,9.842,0,1,1,Documentation,Under Review,0,,,0.35,1,0,1,In Progress
MINE-010,Uttar Coal Mine 10,Northern,Uttar Pradesh,Mixed,Coal,2018,11,2018-11-01,25902.32,3804225.22,3170468.24,737,133782.9,0.1936,38712.23,2657.45,688341.54,446683.84,241657.69,35.11,12100.04,21.318,0,1,0,,,0,,,2.46,1,0,1,Overdue
MINE-013,Odisha Coal Mine 13,Eastern,Odisha,Open Cast,Coal,2024,4,2024-04-01,81625.4,11260157.97,6514153.67,699,151902.3,0.5374,79131.86,2687.13,2193376.57,1301006.13,892370.43,40.68,33228.44,42.225,0,2,1,emergency preparedness,Open,1,Slip/Fall,Moderate,2.55,1,0,1,Completed
MINE-020,Uttar Iron Mine 20,Northern,Uttar Pradesh,Open Cast,Iron Ore,2020,12,2020-12-01,23338.65,4723977.98,3639376.2,453,86971.8,0.2683,25851.3,5049.05,1178379.57,797954.63,380424.94,32.28,10436.03,16.937,0,4,0,,,3,Machinery,Serious,3.35,0,0,0,Completed
MINE-001,Jharkhand Coal Mine 1,Eastern,Jharkhand,UNDERGROUND,Coal,2018,9,2018-09-01,86120.38,15973322.74,13282881.74,2442,463354.5,0.1859,98760.62,2571.91,2214936.61,1827936.91,386999.7,17.47,24487.96,43.358,0,1,0,,,0,,,1.2,1,0,1,Pending
MINE-003,Odisha Coal Mine 3,Eastern,Odisha,Underground,Coal,2024,10,2024-10-01,424465.24,24608205.58,2766017.72,1981,429072.1,0.9893,552109.43,3070.26,13032181.3,10624842.06,2407339.24,18.47,92956.6,219.653,0,0,0,,,1,Fire,Minor,2.28,0,0,0,Completed
MINE-019,Andhra Coal Mine 19,Southern,Andhra Pradesh,Open Cast,Coal,2022,9,2022-09-01,34532.13,6903354.37,4610791.07,138,25254.7,1.3674,43574.02,2280.79,787604.01,538589.7,249014.31,31.62,13277.69,20.267,0,3,0,,,1,Fire,Minor,2.74,1,0,1,Completed
MINE-006,Maharashtra Limestone Mine 6,Western,Maharashtra,Open Cast,Limestone,2021,6,2021-06-01,34000.78,4919591.78,3619437.89,840,157205.3,0.2163,32311.9,1309.81,445346.32,282380.24,162966.08,36.59,11901.66,23.013,0,1,0,,,0,,,2.01,0,0,0,Completed
MINE-009,Andhra Iron Mine 9,Southern,Andhra Pradesh,Underground,Iron Ore,2016,4,2016-04-01,34805.78,7961285.52,7823533.68,1097,236327.1,0.1473,51654.4,5168.95,1799094.76,1209334.31,589760.45,32.78,7226.03,23.413,0,3,1,Emergency Preparedness,Open,4,Machinery,Minor,3.35,1,0,1,Completed
MINE-003,Odisha Coal Mine 3,Eastern,Odisha,Underground,Coal,2019,5,2019-05-01,150539.17,24608205.58,20645014.97,1318,246433.9,0.6109,167510.03,2510.93,3779929.44,2099013.65,1680915.79,44.47,62694.65,86.863,0,1,0,,,1,Electrical,Serious,1.83,0,0,0,Completed
MINE-002,West Iron Mine 2,Eastern,West Bengal,Open Cast,Iron Ore,2021,3,2021-03-01,65900.11,31788526.71,27055942.66,1957,412173.7,0.1599,69882.36,6215.73,4096172.61,2408520.28,1687652.33,41.2,19887.95,34.367,0,0,0,,,1,Fire,Minor,1.58,0,0,0,Completed
MINE-027,Gujarat Iron Mine 27,Western,Gujarat,Open Cast,Iron Ore,2018,7,2018-07-01,14068.63,6248149.8,5684450.93,720,150580.4,0.0934,15680.18,5846.63,822540.64,603710.14,218830.5,26.6,2364.37,13.13,0,1,0,,,0,,,0.25,0,0,0,Completed
MINE-022,West Copper Mine 22,Eastern,West Bengal,Open Cast,Copper Ore,2017,5,2017-05-01,55650.42,11657228.78,10850124.92,1828,377227.8,0.1475,72001.55,7455.54,4149040.28,3145217.7,1003822.58,24.19,13000.3,31.73,0,3,1,Emergency Preparedness,Under Review,0,,,0.42,1,0,1,Overdue
MINE-027,Gujarat Iron Mine 27,Western,Gujarat,Open Cast,Iron Ore,2019,7,2019-07-01,11176.3,6248149.8,5527114.72,744,153618.0,0.0728,9884.84,6109.24,682787.1,493620.0,189167.11,27.71,3089.99,9.974,0,3,1,Emergency Preparedness,Closed,2,Electrical,Moderate,2.2,2,1,1,Completed
MINE-005,Madhya Coal Mine 5,Central,Madhya Pradesh,Open Cast,Coal,2020,7,2020-07-01,14598.7,6162270.35,5159198.69,1057,191853.5,0.0761,17056.17,2534.57,370013.64,266137.28,103876.36,28.07,3285.06,11.975,0,1,0,,,2,Fire,Minor,1.1,0,0,0,Completed
MINE-025,Madhya Limestone Mine 25,Central,Madhya Pradesh,Open Cast,Limestone,2016,8,2016-08-01,13290.08,5333812.33,5221395.23,1277,260649.8,0.051,11770.61,846.07,112443.38,89002.55,23440.82,20.85,2399.71,11.606,0,1,0,,,0,,,1.02,0,0,0,Completed
MINE-001,Jharkhand Coal Mine 1,Eastern,Jharkhand,Underground,Coal,2022,5,2022-05-01,204578.42,15973322.74,7189818.95,3137,668463.9,0.306,301070.31,2712.36,5548901.24,4146623.89,1402277.35,25.27,94326.88,141.662,0,2,0,,,0,,,1.99,0,0,0,Completed
MINE-005,Madhya Coal Mine 5,Central,Madhya Pradesh,Open Cast,Coal,2016,8,2016-08-01,22351.07,6162270.35,5981973.51,1106,242281.4,0.0923,22250.04,2364.84,528566.38,325655.04,202911.34,38.39,7021.16,11.659,0,2,0,,,0,,,0.97,1,0,1,Overdue
MINE-006,Maharashtra Limestone Mine 6,Western,Maharashtra,Open Cast,Limestone,2020,7,2020-07-01,25415.34,4919591.78,3927337.2,794,161271.4,0.1576,29218.42,1271.63,323190.27,188407.7,134782.58,41.7,6270.38,18.084,0,0,1,Emergency Preparedness,Closed,0,,,1.97,1,0,1,Completed
MINE-019,Andhra Coal Mine 19,Southern,Andhra Pradesh,Open Cast,Coal,2021,1,2021-01-01,36116.14,6903354.37,5291868.95,131,28771.2,1.2553,42463.76,2451.8,885496.92,515696.43,369800.49,41.76,6421.32,16.455,0,1,1,Environmental,Closed,2,Machinery,Minor,2.1,1,0,1,Overdue
MINE-008,Telangana Iron Mine 8,Southern,Telangana,Open Cast,Iron Ore,2016,4,2016-04-01,10568.19,4242653.83,4196846.67,699,143811.5,0.0735,11900.59,6067.3,641203.62,442223.48,198980.14,31.03,2405.94,8.03,0,2,0,,,1,Haulage/Transport,Minor,1.58,0,0,0,Completed
MINE-030,Uttar Iron Mine 30,Northern,Uttar Pradesh,Mixed,Iron Ore,2016,5,2016-05-01,26186.22,9769224.08,9628976.26,780,154317.2,0.1697,35521.84,4935.38,1292389.09,959541.84,332847.25,25.75,7785.22,18.388,0,0,0,,,0,,,0.94,0,0,0,Completed
MINE-022,West Copper Mine 22,Eastern,West Bengal,Open Cast,Copper Ore,2021,8,2021-08-01,115021.13,11657228.78,6708963.33,2225,442556.1,0.2599,131941.23,8928.66,10269841.53,5902235.68,4367605.85,42.53,50700.63,72.558,0,2,0,,,0,,,0.01,0,0,0,Completed
MINE-010,Uttar Coal Mine 10,Northern,Uttar Pradesh,Mixed,Coal,2024,7,2024-07-01,77843.09,3804225.22,14220.82,1213,257309.3,0.3025,110338.75,3524.4,2743502.84,2084557.52,658945.32,24.02,32795.04,53.218,0,2,1,Equipment,Open,0,,,1.79,1,0,1,In Progress
MINE-005,Madhya Coal Mine 5,Central,Madhya Pradesh,Open Cast,Coal,2016,11,2016-11-01,21826.75,6162270.35,5920482.5,1106,214319.7,0.1018,27803.39,2456.66,536208.48,375503.15,160705.33,29.97,6174.04,13.305,0,1,0,,,1,Fire,Minor,1.74,0,0,0,Completed
MINE-005,Madhya Coal Mine 5,Central,Madhya Pradesh,Open Cast,Coal,2020,6,2020-06-01,14394.59,6162270.35,5173797.38,1041,220837.0,0.0652,17221.33,2514.25,361915.76,310579.42,51336.34,14.18,2734.6,14.187,0,2,0,,,0,,,1.87,0,0,0,Completed
MINE-022,West Copper Mine 22,Eastern,West Bengal,Open Cast,Copper Ore,2019,6,2019-06-01,84883.12,11657228.78,9214401.22,2090,406887.4,0.2086,77713.04,8189.82,6951775.97,4169329.39,2782446.58,40.02,13316.99,34.786,0,1,0,,,0,,,0.23,1,0,1,In Progress
MINE-029,Andhra Copper Mine 29,Southern,Andhra Pradesh,Open Cast,Copper Ore,2024,11,2024-11-01,44714.79,11305197.36,7212676.68,298,64584.1,0.6923,36035.59,8005.44,3579615.29,2910754.24,668861.05,18.69,10181.17,21.715,0,1,0,,,2,Fire,Minor,3.04,1,0,1,In Progress
MINE-027,Gujarat Iron Mine 27,Western,Gujarat,Open Cast,Iron Ore,2023,11,2023-11-01,5467.63,6248149.8,5092593.93,683,127236.7,0.043,6629.0,6280.01,343367.29,282960.01,60407.28,17.59,2061.57,10.907,0,3,0,,,0,,,1.56,0,0,0,Completed
MINE-002,West Iron Mine 2,Eastern,West Bengal,Open Cast,Iron Ore,2023,1,2023-01-01,53216.51,31788526.71,25672730.99,1937,387221.6,0.1374,45053.58,5875.49,3126728.53,1911935.27,1214793.26,38.85,17693.97,23.786,0,1,0,,,1,Fall of Roof/Rock,Serious,2.76,0,0,0,Completed
MINE-016,Maharashtra Iron Mine 16,Western,Maharashtra,Underground,Iron Ore,2020,3,2020-03-01,12956.69,3852023.09,3112154.5,472,87574.6,0.148,19502.99,6599.77,855111.56,524584.83,330526.73,38.65,3656.63,11.496,0,3,1,Environmental,Under Review,0,,,1.97,1,0,1,In Progress
MINE-005,Madhya Coal Mine 5,Central,Madhya Pradesh,Open Cast,Coal,2022,4,2022-04-01,11260.85,6162270.35,4895142.63,985,214866.4,0.0524,14111.05,2483.27,279636.67,237588.03,42048.64,15.04,3390.83,8.472,0,1,0,,,1,Fire,Minor,2.05,1,0,1,In Progress
MINE-003,Odisha Coal Mine 3,Eastern,Odisha,Underground,Coal,2017,11,2017-11-01,107150.53,24608205.58,22780486.79,1176,237108.5,0.4519,155674.7,2635.72,2824191.74,1800884.65,1023307.09,36.23,52250.14,76.118,0,1,0,,,2,Fall of Roof/Rock,Moderate,1.63,1,0,1,In Progress
MINE-029,Andhra Copper Mine 29,Southern,Andhra Pradesh,Open Cast,Copper Ore,2017,12,2017-12-01,31864.0,11305197.36,10522810.39,280,51812.9,0.615,29575.15,8475.43,2700611.84,2285927.25,414684.59,15.36,12245.89,17.878,0,1,0,,,0,,,1.37,1,0,1,In Progress
MINE-028,Telangana Coal Mine 28,Southern,Telangana,Open Cast,Coal,2023,2,2023-02-01,11038.46,10510635.28,8719206.23,977,203564.8,0.0542,8929.74,2259.64,249429.61,177560.05,71869.56,28.81,2750.57,7.599,0,2,0,,,1,Gas/Explosion,Serious,2.36,1,0,1,Completed
MINE-014,Chhattisgarh Bauxite Mine 14,Central,Chhattisgarh,Underground,Bauxite,2019,8,2019-08-01,8178.36,3172486.06,2695431.6,763,142125.2,0.0575,11352.04,2753.82,225217.68,134527.04,90690.64,40.27,4699.72,12.795,0,2,2,Environmental,Closed,0,,,1.93,2,1,1,Pending
MINE-009,Andhra Iron Mine 9,Southern,Andhra Pradesh,Underground,Iron Ore,2022,10,2022-10-01,34556.97,7961285.52,5180679.25,1138,227600.3,0.1518,43535.75,4947.07,1709558.23,1356988.71,352569.51,20.62,19836.46,23.218,0,2,0,,,2,Fire,Minor,2.39,0,0,0,Completed
MINE-029,Andhra Copper Mine 29,Southern,Andhra Pradesh,Open Cast,Copper Ore,2020,5,2020-05-01,40555.45,11305197.36,9474966.46,283,59422.5,0.6825,36762.64,7395.95,2999458.97,2220415.97,779043.0,25.97,14647.04,19.401,0,2,1,Emergency Preparedness,Closed,2,Slip/Fall,Minor,2.21,1,0,1,Completed
MINE-022,West Copper Mine 22,Eastern,West Bengal,Open Cast,Copper Ore,2022,5,2022-05-01,138151.09,11657228.78,5552809.42,2673,557486.3,0.2478,141607.21,9491.36,13112412.22,7646839.1,5465573.11,41.68,20858.42,58.049,0,2,1,Environmental,Open,0,,,0.76,1,0,1,Completed
MINE-025,Madhya Limestone Mine 25,Central,Madhya Pradesh,Open Cast,Limestone,2018,5,2018-05-01,11366.17,5333812.33,4957282.22,1128,208544.9,0.0545,12610.68,883.58,100429.27,85989.85,14439.42,14.38,3633.43,12.07,0,1,0,,,0,,,1.79,0,0,0,Completed
MINE-003,Odisha Coal Mine 3,Eastern,Odisha,Underground,Coal,2019,12,2019-12-01,169259.84,24608205.58,19604261.32,1312,250947.1,0.6745,231404.51,2749.21,4653304.84,3463913.55,1189391.29,25.56,61425.05,100.454,0,2,0,,,1,Electrical,Minor,0.77,0,0,0,Completed
MINE-025,Madhya Limestone Mine 25,Central,Madhya Pradesh,Open Cast,Limestone,2016,2,2016-02-01,14444.62,5333812.33,5305495.99,1265,259435.8,0.0557,14301.59,895.51,129353.0,114412.53,14940.47,11.55,6323.55,14.203,0,0,0,,,0,,,1.36,0,0,0,Completed
MINE-013,Odisha Coal Mine 13,Eastern,Odisha,Open Cast,Coal,2020,9,2020-09-01,46530.13,11260157.97,9162086.68,585,117396.4,0.3964,48295.66,2740.92,1275352.67,889599.88,385752.79,30.25,12158.09,28.39,0,3,0,,,1,Machinery,Serious,2.48,1,0,1,In Progress
MINE-003,Odisha Coal Mine 3,Eastern,Odisha,Underground,Coal,2022,4,2022-04-01,236926.35,24608205.58,13732603.34,1605,300225.0,0.7892,369826.68,3052.05,7231122.35,4668342.8,2562779.54,35.44,123322.17,180.288,0,1,0,,,1,Fall of Roof/Rock,Minor,1.69,1,0,1,Overdue
MINE-018,Telangana Iron Mine 18,Southern,Telangana,Mixed,Iron Ore,2024,2,2024-02-01,7943.58,4638464.7,3578506.92,943,171256.4,0.0464,9058.23,4227.97,335852.14,277677.49,58174.65,17.32,3069.44,9.036,0,0,1,emergency preparedness,Under Review,1,Gas/Explosion,Serious,0.99,2,1,1,Pending
MINE-028,Telangana Coal Mine 28,Southern,Telangana,Open Cast,Coal,2019,4,2019-04-01,20518.25,10510635.28,9429748.64,966,180533.7,0.1137,24957.67,2502.39,513446.45,300323.68,213122.77,41.51,5632.0,10.353,0,1,1,OPERATIONAL,Under Review,2,Fire,Minor,1.24,1,0,1,Overdue
MINE-016,Maharashtra Iron Mine 16,Western,Maharashtra,Underground,Iron Ore,2018,9,2018-09-01,12914.91,3852023.09,3359369.94,457,93416.8,0.1383,19778.49,5950.92,768555.44,576200.28,192355.16,25.03,7723.95,15.849,0,0,0,,,1,Fire,Minor,1.17,0,0,0,Completed
MINE-028,Telangana Coal Mine 28,Southern,Telangana,Open Cast,Coal,2018,7,2018-07-01,22607.19,10510635.28,9624964.82,1011,182701.4,0.1237,18365.45,2468.56,558072.02,332123.02,225949.0,40.49,8127.96,11.564,0,1,0,,,0,,,1.02,0,0,0,Completed
MINE-014,Chhattisgarh Bauxite Mine 14,Central,Chhattisgarh,Underground,Bauxite,2017,11,2017-11-01,11329.95,3172486.06,2902162.97,820,175134.2,0.0647,19432.93,2307.32,261418.12,164008.5,97409.62,37.26,2878.84,13.955,0,1,1,Operational,Closed,1,Electrical,Serious,1.08,2,1,1,Pending
MINE-003,Odisha Coal Mine 3,Eastern,Odisha,Underground,Coal,2017,12,2017-12-01,87423.71,24608205.58,22693063.07,1088,234091.0,0.3735,119496.21,2648.75,2315635.04,1583384.79,732250.25,31.62,28377.04,51.141,0,1,1,Operational,Under Review,0,,,0.52,2,1,1,In Progress
MINE-025,Madhya Limestone Mine 25,Central,Madhya Pradesh,Open Cast,Limestone,2020,7,2020-07-01,8721.82,5333812.33,4694313.6,1126,213529.8,0.0408,11284.97,835.62,72881.37,70060.29,2821.08,3.87,2086.96,5.3,0,0,0,,,0,,,1.08,0,0,0,Completed
MINE-012,West Iron Mine 12,Eastern,West Bengal,Open Cast,Iron Ore,2019,3,2019-03-01,76279.52,17808314.68,15055770.64,941,189749.6,0.402,91242.8,5394.82,4115144.5,2835545.78,1279598.71,31.09,12474.11,40.914,0,2,0,,,0,,,0.42,0,0,0,Completed
MINE-022,West Copper Mine 22,Eastern,West Bengal,OPEN CAST,Copper Ore,2018,12,2018-12-01,70922.02,11657228.78,9669974.3,2061,425817.8,0.1666,87011.93,8017.95,5686494.93,3792940.12,1893554.81,33.3,28901.83,48.541,0,0,0,,,0,,,1.16,0,0,0,Completed
MINE-012,West Iron Mine 12,Eastern,West Bengal,Open Cast,Iron Ore,2017,12,2017-12-01,71835.47,17808314.68,16251445.55,998,203427.5,0.3531,77413.4,5627.91,4042832.37,2868085.05,1174747.32,29.06,20357.12,40.399,0,1,0,,,2,Machinery,Serious,2.77,0,0,0,Completed
MINE-015,Madhya Iron Mine 15,Central,Madhya Pradesh,Open Cast,Iron Ore,2018,3,2018-03-01,51358.35,14086398.07,12932920.23,853,175075.4,0.2933,59562.48,5700.83,2927854.82,2282073.69,645781.13,22.06,12345.05,30.502,0,0,0,,,1,Fall of Roof/Rock,Moderate,1.07,0,0,0,Completed
MINE-019,Andhra Coal Mine 19,Southern,Andhra Pradesh,Open Cast,Coal,2016,4,2016-04-01,22672.02,6903354.37,6819774.46,124,24566.7,0.9229,22087.67,2485.45,563502.13,387635.33,175866.81,31.21,7716.57,15.749,0,1,0,,,0,,,1.16,0,0,0,Completed
MINE-023,Odisha Copper Mine 23,Eastern,Odisha,Open Cast,Copper Ore,2019,3,2019-03-01,69403.67,20545143.55,18283577.8,1628,310448.0,0.2236,55969.78,7243.07,5026953.66,3325191.19,1701762.47,33.85,20322.59,28.947,0,1,1,Equipment,Under Review,0,,,0.31,1,0,1,Pending
MINE-013,Odisha Coal Mine 13,Eastern,Odisha,Open Cast,Coal,2017,8,2017-08-01,29116.06,11260157.97,10669805.7,555,101699.5,0.2863,36607.95,2510.36,730916.76,455316.76,275600.0,37.71,6471.65,14.728,0,0,1,safety,Closed,1,Gas/Explosion,Moderate,1.31,1,0,1,Pending
MINE-022,West Copper Mine 22,Eastern,West Bengal,Open Cast,Copper Ore,2023,8,2023-08-01,141934.48,11657228.78,3346824.18,2482,519424.2,0.2733,170112.51,10270.71,14577673.18,9677582.39,4900090.79,33.61,24750.84,69.878,0,1,3,Environmental,Under Review,0,,,2.2,3,1,2,Pending
MINE-002,West Iron Mine 2,Eastern,West Bengal,Open Cast,Iron Ore,2022,4,2022-04-01,63788.46,31788526.71,26210614.46,1995,434101.8,0.1469,81689.44,5709.16,3641785.49,2923501.29,718284.2,19.72,18970.12,39.628,0,0,2,Operational,Closed,1,Electrical,Minor,3.32,3,1,2,In Progress
MINE-030,Uttar Iron Mine 30,Northern,Uttar Pradesh,Mixed,Iron Ore,2018,12,2018-12-01,30346.05,9769224.08,8751884.26,770,160022.5,0.1896,28132.3,4800.23,1456679.15,1074145.54,382533.61,26.26,8310.4,17.536,0,0,1,Documentation,Under Review,1,Fire,Minor,0.96,1,0,1,In Progress
MINE-029,Andhra Copper Mine 29,Southern,Andhra Pradesh,Open Cast,Copper Ore,2021,7,2021-07-01,40917.73,11305197.36,8921069.81,303,65276.2,0.6268,48819.54,7733.58,3164404.48,2480294.32,684110.16,21.62,14407.47,24.821,0,1,2,Emergency Preparedness,Under Review,2,Haulage/Transport,Minor,3.63,2,1,1,Pending
MINE-028,Telangana Coal Mine 28,Southern,Telangana,Open Cast,Coal,2022,8,2022-08-01,11498.74,10510635.28,8790216.14,958,209339.0,0.0549,14349.33,2311.69,265815.09,223892.47,41922.62,15.77,5052.04,10.907,0,0,2,Safety,Closed,1,Haulage/Transport,Moderate,3.15,2,0,2,In Progress
MINE-001,Jharkhand Coal Mine 1,Eastern,Jharkhand,Underground,Coal,2018,3,2018-03-01,96017.92,15973322.74,13869294.52,2380,509266.2,0.1885,104006.65,2673.83,2567356.54,1910647.24,656709.31,25.58,49501.04,62.796,0,1,0,,,2,Machinery,Moderate,1.6,0,0,0,Completed
MINE-010,Uttar Coal Mine 10,Northern,Uttar Pradesh,Mixed,Coal,2024,8,2024-08-01,72794.43,3804225.22,0.0,1147,226687.2,0.3211,90183.76,3407.26,2480295.68,1467897.41,1012398.27,40.82,34787.91,50.941,0,3,1,Operational,Under Review,3,Machinery,Moderate,2.87,1,0,1,Pending
MINE-007,Gujarat Coal Mine 7,Western,Gujarat,Underground,Coal,2019,12,2019-12-01,11807.72,4595599.71,4043263.23,1548,297474.9,0.0397,17366.62,2623.36,309758.58,248543.7,61214.89,19.76,6580.13,15.903,0,0,0,,,2,Gas/Explosion,Minor,0.96,0,0,0,Completed
MINE-010,Uttar Coal Mine 10,Northern,Uttar Pradesh,Mixed,Coal,2022,9,2022-09-01,53936.06,3804225.22,1476383.14,966,210734.5,0.2559,69905.6,3325.22,1793490.96,1169508.84,623982.13,34.79,16337.93,35.566,0,2,0,,,1,Haulage/Transport,Minor,2.76,0,0,0,Completed
MINE-002,West Iron Mine 2,Eastern,West Bengal,Open Cast,Iron Ore,2019,1,2019-01-01,68825.01,31788526.71,28862921.68,2093,435854.6,0.1579,76319.56,5357.8,3687507.46,2258077.77,1429429.69,38.76,18164.01,39.372,0,4,2,Environmental,Under Review,0,,,2.22,2,1,1,Overdue
MINE-002,West Iron Mine 2,Eastern,West Bengal,Open Cast,Iron Ore,2019,9,2019-09-01,72275.26,31788526.71,28289577.15,2040,390726.8,0.185,64868.11,5742.37,4150314.56,2998062.18,1152252.38,27.76,24888.94,35.009,0,1,0,,,2,Electrical,Moderate,3.12,0,0,0,Completed
MINE-022,West Copper Mine 22,Eastern,West Bengal,Open Cast,Copper Ore,2024,1,2024-01-01,194431.5,11657228.78,2479525.28,3015,607687.7,0.32,199581.4,10426.17,20271753.41,11602182.05,8669571.36,42.77,59016.58,90.838,0,2,0,,,0,,,1.95,0,0,0,Completed
MINE-011,Jharkhand Coal Mine 11,Eastern,Jharkhand,Underground,Coal,2021,12,2021-12-01,81878.54,4815796.69,1597706.81,570,112214.4,0.7297,92243.09,2178.27,1783531.99,1461047.26,322484.73,18.08,20957.58,41.948,0,1,0,,,0,,,2.11,0,0,0,Completed
MINE-028,Telangana Coal Mine 28,Southern,Telangana,Open Cast,Coal,2016,7,2016-07-01,30504.42,10510635.28,10281205.64,1048,194650.1,0.1567,34226.56,2325.99,709528.61,451715.01,257813.6,36.34,10817.22,20.913,0,3,0,,,2,Fall of Roof/Rock,Minor,2.64,0,0,0,Completed
MINE-024,Chhattisgarh Bauxite Mine 24,Central,Chhattisgarh,Underground,Bauxite,2021,2,2021-02-01,54953.17,8763956.29,6575245.33,1135,218625.2,0.2514,85728.04,1673.5,919639.51,595638.67,324000.84,35.23,19374.68,39.481,0,0,0,,,0,,,0.0,0,0,0,Completed
MINE-022,West Copper Mine 22,Eastern,West Bengal,Open Cast,Copper Ore,2022,7,2022-07-01,123870.95,11657228.78,5292408.27,2450,490337.5,0.2526,107661.71,10105.61,12517909.11,7824457.75,4693451.36,37.49,30397.6,55.164,0,0,1,Emergency Preparedness,Open,1,Machinery,Moderate,1.75,1,0,1,In Progress
MINE-029,Andhra Copper Mine 29,Southern,Andhra Pradesh,Open Cast,Copper Ore,2020,4,2020-04-01,38657.84,11305197.36,9515521.91,296,59028.8,0.6549,32858.06,7386.08,2855300.9,1644105.39,1211195.51,42.42,17045.93,25.439,0,0,0,,,1,Gas/Explosion,Serious,2.04,2,0,2,In Progress
MINE-010,Uttar Coal Mine 10,Northern,Uttar Pradesh,Mixed,Coal,2022,1,2022-01-01,41627.68,3804225.22,1890976.64,890,193514.6,0.2151,48316.42,3278.98,1364963.1,1004622.89,360340.21,26.4,9481.43,21.404,0,4,0,,,2,Machinery,Minor,1.36,0,0,0,Completed
MINE-003,Odisha Coal Mine 3,Eastern,Odisha,Underground,Coal,2017,2,2017-02-01,85732.22,24608205.58,23572898.52,1123,212064.1,0.4043,104203.22,2637.47,2261157.58,1574305.99,686851.59,30.38,26837.67,52.638,0,1,0,,,2,Gas/Explosion,Minor,2.98,1,0,1,Completed
MINE-013,Odisha Coal Mine 13,Eastern,Odisha,Open Cast,Coal,2021,5,2021-05-01,53430.08,11260157.97,8751461.98,597,108555.7,0.4922,45787.34,2665.3,1424070.44,1010266.87,413803.57,29.06,15715.01,26.219,0,1,0,,,1,Fire,Serious,1.38,2,0,2,In Progress
MINE-015,Madhya Iron Mine 15,Central,Madhya Pradesh,Open Cast,Iron Ore,2020,10,2020-10-01,71592.05,14086398.07,10998601.03,915,197246.2,0.363,80179.48,5904.53,4227171.13,2460092.1,1767079.03,41.8,29831.52,40.255,0,1,1,Safety,Open,0,,,2.45,2,1,1,Overdue
MINE-009,Andhra Iron Mine 9,Southern,Andhra Pradesh,Underground,Iron Ore,2016,11,2016-11-01,34049.61,7961285.52,7591779.01,1116,237673.6,0.1433,46414.87,5424.06,1846870.26,1564871.95,281998.31,15.27,11691.46,21.93,0,2,1,Safety,Under Review,0,,,0.51,2,1,1,In Progress
MINE-003,Odisha Coal Mine 3,Eastern,Odisha,Underground,Coal,2022,12,2022-12-01,337302.71,24608205.58,11409444.93,1869,336838.6,1.0014,541706.75,3064.62,10337057.2,6919560.07,3417497.13,33.06,104663.52,218.861,0,1,1,Environmental,Open,0,,,1.73,1,0,1,Completed
MINE-021,Jharkhand Limestone Mine 21,Eastern,Jharkhand,Open Cast,Limestone,2016,7,2016-07-01,4715.61,1715441.24,1681253.53,347,63064.1,0.0748,5075.39,960.79,45307.16,36170.48,9136.68,20.17,2013.7,5.564,0,0,0,,,1,Fire,Minor,2.57,0,0,0,Completed
MINE-024,Chhattisgarh Bauxite Mine 24,Central,Chhattisgarh,Underground,Bauxite,2018,12,2018-12-01,39132.3,8763956.29,7719325.66,1100,225672.8,0.1734,47103.56,1702.95,666404.79,447264.69,219140.1,32.88,11852.64,23.801,0,1,0,,,1,Haulage/Transport,Minor,2.87,0,0,0,Completed
MINE-026,Maharashtra Copper Mine 26,Western,Maharashtra,Underground,Copper Ore,2023,8,2023-08-01,20469.01,3439638.4,1626559.49,501,107421.2,0.1905,24952.7,6081.81,1244885.29,940405.78,304479.5,24.46,6706.98,11.34,0,2,0,,,1,Haulage/Transport,Minor,1.93,0,0,0,Completed
MINE-015,Madhya Iron Mine 15,Central,Madhya Pradesh,Open Cast,Iron Ore,2019,10,2019-10-01,62119.06,14086398.07,11835129.42,892,194453.9,0.3195,64765.11,6464.33,4015583.44,3242458.6,773124.84,19.25,23542.04,36.037,0,2,0,,,0,,,1.86,0,0,0,Completed
MINE-015,Madhya Iron Mine 15,Central,Madhya Pradesh,Open Cast,Iron Ore,2024,3,2024-03-01,115527.53,14086398.07,7007284.18,1155,226789.3,0.5094,122786.0,6440.16,7440160.79,5146028.85,2294131.94,30.83,20815.41,55.093,0,0,0,,,0,,,1.24,0,0,0,Completed
MINE-003,Odisha Coal Mine 3,Eastern,Odisha,Underground,Coal,2024,3,2024-03-01,415496.81,24608205.58,5868213.85,2057,445897.5,0.9318,662788.3,2763.31,11481462.62,7280879.14,4200583.48,36.59,139362.64,276.06,0,1,0,,,1,Machinery,Moderate,1.3,0,0,0,Completed
MINE-025,Madhya Limestone Mine 25,Central,Madhya Pradesh,Open Cast,Limestone,2020,2,2020-02-01,8383.23,5333812.33,4739222.2,1156,224555.6,0.0373,8111.52,854.37,71623.77,70929.71,694.06,0.97,1776.93,9.43,0,3,1,Equipment,Under Review,0,,,0.74,1,0,1,In Progress
MINE-018,Telangana Iron Mine 18,Southern,Telangana,Mixed,Iron Ore,2023,6,2023-06-01,9191.91,4638464.7,3646799.01,917,167864.6,0.0548,8508.21,4421.81,406448.59,260198.63,146249.96,35.98,2952.12,6.844,0,2,1,Equipment,Closed,1,Gas/Explosion,Minor,1.09,1,0,1,Overdue
MINE-030,Uttar Iron Mine 30,Northern,Uttar Pradesh,Mixed,Iron Ore,2018,6,2018-06-01,28124.97,9769224.08,8922700.52,775,143004.5,0.1967,41972.44,5234.01,1472063.44,1237608.82,234454.62,15.93,12396.29,19.853,0,0,0,,,0,,,1.98,0,0,0,Completed
MINE-011,Jharkhand Coal Mine 11,Eastern,Jharkhand,Underground,Coal,2020,5,2020-05-01,59603.11,4815796.69,2920223.54,531,96145.4,0.6199,66815.12,2385.8,1422009.07,1196874.66,225134.41,15.83,16534.07,31.256,0,1,0,,,1,Fall of Roof/Rock,Minor,1.44,0,0,0,Completed
MINE-014,Chhattisgarh Bauxite Mine 14,Central,Chhattisgarh,Underground,Bauxite,2018,2,2018-02-01,10695.51,3172486.06,2870690.92,836,178626.5,0.0599,14118.7,2475.75,264793.8,173376.68,91417.12,34.52,6271.34,13.444,0,1,0,,,1,Fire,Minor,2.79,0,0,0,Completed
MINE-024,Chhattisgarh Bauxite Mine 24,Central,Chhattisgarh,Underground,Bauxite,2016,11,2016-11-01,26343.11,8763956.29,8499017.63,1029,216766.5,0.1215,41416.44,2140.09,563765.92,356346.72,207419.2,36.79,15818.59,25.025,0,2,0,,,0,,,0.96,0,0,0,Completed
MINE-004,Chhattisgarh Coal Mine 4,Central,Chhattisgarh,Underground,Coal,2024,11,2024-11-01,5060.99,3455223.81,2572923.87,1298,248106.0,0.0204,8855.14,2367.81,119834.8,84987.15,34847.64,29.08,1961.31,9.148,0,2,0,,,1,Haulage/Transport,Moderate,2.34,0,0,0,Completed
MINE-022,West Copper Mine 22,Eastern,West Bengal,open cast,Copper Ore,2019,4,2019-04-01,66013.51,11657228.78,9380759.16,1979,404474.0,0.1632,84217.39,7816.32,5159824.51,3735483.03,1424341.48,27.6,26765.84,40.939,0,3,0,,,1,Fall of Roof/Rock,Minor,0.6,0,0,0,Completed
MINE-027,Gujarat Iron Mine 27,Western,Gujarat,Open Cast,Iron Ore,2019,12,2019-12-01,12580.6,6248149.8,5470070.64,738,136272.9,0.0923,14615.57,6309.25,793742.01,503774.72,289967.29,36.53,4699.79,11.845,0,0,2,Equipment,Open,1,Machinery,Minor,2.67,3,1,2,Pending
MINE-001,Jharkhand Coal Mine 1,Eastern,Jharkhand,Underground,Coal,2017,3,2017-03-01,75439.18,15973322.74,14920567.54,2384,479192.4,0.1574,89812.76,2514.05,1896577.0,1554530.65,342046.35,18.03,32262.89,49.788,0,1,0,,,0,,,0.2,0,0,0,Completed
MINE-014,Chhattisgarh Bauxite Mine 14,Central,Chhattisgarh,Underground,Bauxite,2019,5,2019-05-01,10059.89,3172486.06,2721753.92,807,176547.0,0.057,16721.99,2628.58,264432.77,187287.85,77144.92,29.17,3699.4,8.108,0,2,2,Equipment,Open,0,,,2.2,2,1,1,Completed
MINE-002,West Iron Mine 2,Eastern,West Bengal,Open Cast,Iron Ore,2021,6,2021-06-01,67384.81,31788526.71,26854517.64,2016,429013.2,0.1571,62555.88,6296.86,4243128.29,2454485.6,1788642.69,42.15,26118.82,35.04,0,3,0,,,1,Fire,Moderate,1.22,0,0,0,Completed
MINE-019,Andhra Coal Mine 19,Southern,Andhra Pradesh,Open Cast,Coal,2021,7,2021-07-01,29535.12,6903354.37,5096996.22,131,25017.9,1.1806,37488.97,2518.03,743702.89,414054.27,329648.62,44.33,9895.09,18.152,0,1,0,,,0,,,1.33,1,0,1,Completed
MINE-020,Uttar Iron Mine 20,Northern,Uttar Pradesh,Open Cast,Iron Ore,2017,4,2017-04-01,17267.56,4723977.98,4451886.95,422,77498.6,0.2228,20243.57,5318.37,918353.2,773554.41,144798.78,15.77,7742.86,10.608,0,1,0,,,1,Slip/Fall,Minor,0.81,1,0,1,In Progress
MINE-012,West Iron Mine 12,Eastern,West Bengal,Open Cast,Iron Ore,2023,12,2023-12-01,182987.3,17808314.68,7866597.82,1241,258092.0,0.709,219841.06,5684.76,10402386.83,5868103.93,4534282.89,43.59,68148.29,105.581,0,2,0,,,1,Machinery,Minor,0.6,0,0,0,Completed
MINE-024,Chhattisgarh Bauxite Mine 24,Central,Chhattisgarh,Underground,Bauxite,2023,4,2023-04-01,75596.47,8763956.29,4876701.74,1311,275293.9,0.2746,99185.48,1434.78,1084642.56,769773.48,314869.08,29.03,21210.0,47.412,0,0,0,,,2,Fall of Roof/Rock,Minor,1.25,0,0,0,Completed
MINE-002,West Iron Mine 2,Eastern,West Bengal,Open Cast,Iron Ore,2021,7,2021-07-01,59867.53,31788526.71,26794650.1,2034,436859.0,0.137,74320.98,6341.79,3796673.36,2607769.47,1188903.89,31.31,11315.41,31.964,0,0,1,Equipment,Open,0,,,0.8,1,0,1,Pending
MINE-008,Telangana Iron Mine 8,Southern,Telangana,Open Cast,Iron Ore,2020,4,2020-04-01,15271.08,4242653.83,3547094.69,699,128909.6,0.1185,18322.27,7691.66,1174600.59,984250.38,190350.2,16.21,2417.01,12.58,0,0,2,Equipment,Under Review,1,Fire,Minor,3.32,2,1,1,Completed
MINE-001,Jharkhand Coal Mine 1,Eastern,Jharkhand,Underground,Coal,2019,9,2019-09-01,111058.86,15973322.74,12005079.85,2549,528781.2,0.21,168872.05,2545.91,2827463.72,2432460.98,395002.73,13.97,26771.36,69.87,0,2,0,,,0,,,1.68,0,0,0,Completed
MINE-007,Gujarat Coal Mine 7,Western,Gujarat,Underground,Coal,2020,10,2020-10-01,12529.38,4595599.71,3927127.87,1554,310008.5,0.0404,15805.49,3076.46,385461.51,252099.51,133362.0,34.6,7170.27,10.86,0,2,1,Emergency Preparedness,Closed,0,,,0.61,1,0,1,In Progress
MINE-024,Chhattisgarh Bauxite Mine 24,Central,Chhattisgarh,Underground,Bauxite,2016,5,2016-05-01,25384.34,8763956.29,8646273.67,974,203306.2,0.1249,30977.38,2205.73,559909.08,385120.2,174788.88,31.22,14677.67,22.18,0,1,0,,,1,Electrical,Moderate,1.27,0,0,0,Completed
MINE-025,Madhya Limestone Mine 25,Central,Madhya Pradesh,Open Cast,Limestone,2023,8,2023-08-01,6556.93,5333812.33,4416343.68,1141,235454.1,0.0278,5358.46,679.67,44565.48,38227.38,6338.1,14.22,2583.6,7.232,0,1,0,,,0,,,0.32,0,0,0,Completed
MINE-010,Uttar Coal Mine 10,Northern,Uttar Pradesh,Mixed,Coal,2023,9,2023-09-01,63837.24,3804225.22,739129.22,1161,209520.7,0.3047,68450.43,3632.85,2319112.39,1440126.67,878985.72,37.9,22894.74,37.178,0,1,1,Operational,Closed,0,,,2.38,2,1,1,Overdue
MINE-017,Gujarat Iron Mine 17,Western,Gujarat,Open Cast,Iron Ore,2019,1,2019-01-01,32843.94,13268212.21,11970976.77,424,77792.0,0.4222,41825.25,5363.54,1761599.4,991587.51,770011.89,43.71,6046.39,15.801,0,2,0,,,0,,,0.4,0,0,0,Completed
MINE-028,Telangana Coal Mine 28,Southern,Telangana,Open Cast,Coal,2020,3,2020-03-01,19157.71,10510635.28,9212910.55,1005,208650.5,0.0918,20535.7,2400.5,459881.76,269734.47,190147.29,41.35,7840.15,10.509,0,1,0,,,0,,,1.82,0,0,0,Completed
MINE-012,West Iron Mine 12,Eastern,West Bengal,Open Cast,Iron Ore,2022,4,2022-04-01,151934.92,17808314.68,10893798.21,1163,233764.3,0.6499,151729.82,5817.57,8838927.8,6378110.44,2460817.36,27.84,45511.19,75.743,0,1,0,,,0,,,0.78,0,0,0,Completed
MINE-018,Telangana Iron Mine 18,Southern,Telangana,Mixed,Iron Ore,2018,10,2018-10-01,11066.05,4638464.7,4205984.94,998,213429.9,0.0518,12408.46,4320.2,478075.12,292456.74,185618.38,38.83,4325.39,11.423,0,3,1,Safety,Open,0,,,1.37,1,0,1,Pending
MINE-013,Odisha Coal Mine 13,Eastern,Odisha,Open Cast,Coal,2016,7,2016-07-01,26377.72,11260157.97,11069718.26,521,107644.5,0.245,33482.3,2390.77,630629.85,501689.29,128940.56,20.45,53632.43217359921,20.61,0,2,1,Emergency Preparedness,Open,5,Haulage/Transport,Minor,2.49,1,0,1,Overdue
MINE-002,West Iron Mine 2,Eastern,West Bengal,Open Cast,Iron Ore,2023,3,2023-03-01,58619.25,31788526.71,25561094.26,1936,363734.1,0.1612,49133.54,6058.64,3551528.65,2029077.41,1522451.23,42.87,17471.19,28.69,0,0,0,,,0,,,0.59,0,0,0,Completed
MINE-028,Telangana Coal Mine 28,Southern,Telangana,Open Cast,Coal,2017,11,2017-11-01,26737.07,10510635.28,9830914.74,994,190528.2,0.1403,23568.62,2582.52,690489.15,571294.06,119195.1,17.26,4266.6,11.537,0,1,0,,,0,,,1.73,0,0,0,Completed
MINE-020,Uttar Iron Mine 20,Northern,Uttar Pradesh,Open Cast,Iron Ore,2022,9,2022-09-01,21412.63,4723977.98,3220120.97,442,81460.1,0.2629,17975.02,4812.96,1030581.52,763829.28,266752.24,25.88,3945.64,13.452,0,3,0,,,1,Haulage/Transport,Minor,1.82,0,0,0,Completed
MINE-023,Odisha Copper Mine 23,Eastern,Odisha,Open Cast,Copper Ore,2021,4,2021-04-01,73471.97,20545143.55,16424786.61,1689,367135.0,0.2001,81140.33,5388.11,3958749.6,2597665.53,1361084.07,34.38,27216.58,45.878,0,5,0,,,3,Electrical,Minor,2.93,0,0,0,Completed
MINE-023,Odisha Copper Mine 23,Eastern,Odisha,Open Cast,Copper Ore,2024,10,2024-10-01,110187.86,20545143.55,12333901.47,1778,324588.2,0.3395,122755.52,6435.04,7090636.29,4625208.67,2465427.62,34.77,48444.16,68.792,0,2,0,,,0,,,0.54,0,0,0,Completed
MINE-027,Gujarat Iron Mine 27,Western,Gujarat,Open Cast,Iron Ore,2019,4,2019-04-01,13766.7,6248149.8,5563280.18,744,145583.3,0.0946,15628.04,6257.65,861471.51,687361.15,174110.36,20.21,3156.81,13.269,0,2,1,Documentation,Under Review,0,,,2.17,1,0,1,Pending
MINE-018,Telangana Iron Mine 18,Southern,Telangana,Mixed,Iron Ore,2018,12,2018-12-01,13010.06,4638464.7,4182341.74,1031,195029.4,0.0667,18672.1,4106.48,534256.03,384769.6,149486.43,27.98,6097.98,10.214,0,0,1,DOCUMENTATION,Open,1,Machinery,Moderate,2.45,1,0,1,Overdue
MINE-006,Maharashtra Limestone Mine 6,Western,Maharashtra,Open Cast,Limestone,2018,4,2018-04-01,16152.99,4919591.78,4508027.49,696,139204.9,0.116,20898.36,1063.34,171761.98,147554.64,24207.33,14.09,5221.74,10.958,0,1,0,,,0,,,1.47,0,0,0,Completed
MINE-021,Jharkhand Limestone Mine 21,Eastern,Jharkhand,Open Cast,Limestone,2024,7,2024-07-01,2928.95,1715441.24,1303396.38,313,66463.2,0.0441,2507.9,610.16,17871.17,17660.41,210.76,1.18,665.96,7.365,0,3,0,,,1,Slip/Fall,Minor,2.03,0,0,0,Completed
MINE-023,Odisha Copper Mine 23,Eastern,Odisha,Open Cast,Copper Ore,2019,1,2019-01-01,68016.03,20545143.55,18413860.59,1626,310546.2,0.219,62996.27,7457.63,5072385.23,3201841.01,1870544.22,36.88,19224.0,33.196,0,3,2,Emergency Preparedness,Under Review,0,,,2.6,3,2,1,In Progress
MINE-024,Chhattisgarh Bauxite Mine 24,Central,Chhattisgarh,Underground,Bauxite,2016,12,2016-12-01,30959.85,8763956.29,8468057.78,1012,183269.6,0.1689,36533.12,2212.1,684863.65,483957.6,200906.05,29.34,8651.22,18.154,0,4,0,,,0,,,0.42,0,0,0,Completed
MINE-007,Gujarat Coal Mine 7,Western,Gujarat,Underground,Coal,2024,12,2024-12-01,12033.15,4595599.71,3348184.05,1617,312277.6,0.0385,17277.26,2850.17,342965.26,212975.71,129989.55,37.9,4069.08,12.144,0,0,0,,,0,,,1.1,0,0,0,Completed
MINE-008,Telangana Iron Mine 8,Southern,Telangana,Open Cast,Iron Ore,2020,2,2020-02-01,14429.68,4242653.83,3576613.64,699,150664.1,0.0958,18335.26,7434.23,1072736.15,724596.28,348139.86,32.45,2359.36,12.416,0,0,1,Operational,Closed,0,,,2.77,1,0,1,In Progress
MINE-029,Andhra Copper Mine 29,Southern,Andhra Pradesh,Open Cast,Copper Ore,2022,5,2022-05-01,43667.37,11305197.36,8519342.6,296,61269.9,0.7127,52764.0,8167.77,3566648.27,2718336.76,848311.51,23.78,13598.74,26.175,0,1,0,,,0,,,1.27,1,0,1,Completed
MINE-024,Chhattisgarh Bauxite Mine 24,Central,Chhattisgarh,Underground,Bauxite,2019,12,2019-12-01,42285.88,8763956.29,7237820.57,1170,233830.2,0.1808,53807.39,1632.64,690374.93,537387.45,152987.48,22.16,17298.65,29.738,0,6,1,Safety,Under Review,0,,,0.87,1,0,1,Pending
MINE-017,Gujarat Iron Mine 17,Western,Gujarat,Open Cast,Iron Ore,2023,2,2023-02-01,25776.44,13268212.21,10484042.24,428,91756.8,0.2809,31945.0,5298.41,1365741.34,1048852.52,316888.82,23.2,8049.48,14.821,0,1,0,,,1,Fall of Roof/Rock,Minor,1.81,0,0,0,Completed
MINE-024,Chhattisgarh Bauxite Mine 24,Central,Chhattisgarh,Underground,Bauxite,2023,9,2023-09-01,76223.11,8763956.29,4498265.14,1318,277365.8,0.2748,115429.27,1452.77,1107348.93,891214.32,216134.62,19.52,22297.76,53.073,0,2,0,,,0,,,2.18,0,0,0,Completed
MINE-025,Madhya Limestone Mine 25,Central,Madhya Pradesh,Open Cast,Limestone,2024,5,2024-05-01,6152.32,5333812.33,4360141.86,1132,204060.3,0.0301,7385.5,660.62,40643.61,35012.17,5631.44,13.86,2570.17,5.363,0,1,1,Emergency Preparedness,Closed,0,,,1.42,1,0,1,Overdue
MINE-016,Maharashtra Iron Mine 16,Western,Maharashtra,Underground,Iron Ore,2017,6,2017-06-01,15580.47,3852023.09,3573252.41,480,93141.3,0.1673,23080.8,6349.7,989312.66,609537.87,379774.79,38.39,5817.29,14.293,0,2,0,,,0,,,0.13,0,0,0,Completed
MINE-021,Jharkhand Limestone Mine 21,Eastern,Jharkhand,Open Cast,Limestone,2021,4,2021-04-01,3723.43,1715441.24,1439597.1,332,65099.6,0.0572,4325.22,690.91,25725.65,19165.01,6560.64,25.5,1012.76,2.798,0,2,1,SAFETY,Open,3,Gas/Explosion,Moderate,3.78,1,0,1,Pending
MINE-027,Gujarat Iron Mine 27,Western,Gujarat,Open Cast,Iron Ore,2021,6,2021-06-01,9132.32,6248149.8,5290543.69,702,143218.9,0.0638,11755.81,5430.88,495965.77,315025.1,180940.67,36.48,3886.98,5.527,0,2,0,,,0,,,1.41,0,0,0,Completed
MINE-015,Madhya Iron Mine 15,Central,Madhya Pradesh,Open Cast,Iron Ore,2022,4,2022-04-01,88770.91,14086398.07,9510229.23,996,197383.0,0.4497,107340.74,5543.69,4921182.79,2939316.57,1981866.22,40.27,18408.46,49.22,0,2,0,,,1,Gas/Explosion,Minor,2.7,0,0,0,Completed
MINE-012,West Iron Mine 12,Eastern,West Bengal,Open Cast,Iron Ore,2019,11,2019-11-01,93741.32,17808314.68,14312057.56,994,188316.5,0.4978,118773.73,5645.18,5291863.75,3882358.35,1409505.4,26.64,38059.32,55.571,0,1,0,,,1,Haulage/Transport,Minor,2.74,0,0,0,Completed
MINE-027,Gujarat Iron Mine 27,Western,Gujarat,Open Cast,Iron Ore,2020,5,2020-05-01,11816.29,6248149.8,5415032.88,719,137370.5,0.086,12055.15,6045.42,714344.43,413289.83,301054.6,42.14,2093.18,11.669,0,1,0,,,0,,,2.13,1,0,1,Pending
MINE-024,Chhattisgarh Bauxite Mine 24,Central,Chhattisgarh,Underground,Bauxite,2017,1,2017-01-01,26755.68,8763956.29,8441302.1,967,181072.3,0.1478,32657.77,2236.42,598370.23,362500.01,235870.22,39.42,7218.13,19.423,0,1,0,,,0,,,0.77,0,0,0,Completed
MINE-008,Telangana Iron Mine 8,Southern,Telangana,Open Cast,Iron Ore,2023,3,2023-03-01,18431.12,4242653.83,2950948.44,719,130740.3,0.141,19805.36,7182.53,1323821.09,778635.48,545185.61,41.18,6752.34,15.666,0,2,0,,,0,,,1.82,0,0,0,Completed
MINE-016,Maharashtra Iron Mine 16,Western,Maharashtra,Underground,Iron Ore,2019,5,2019-05-01,13140.46,3852023.09,3246404.52,481,105715.3,0.1243,21210.1,6389.31,839585.17,706286.58,133298.59,15.88,5060.86,9.376,0,0,0,,,0,,,0.82,0,0,0,Completed
MINE-005,Madhya Coal Mine 5,Central,Madhya Pradesh,open cast,Coal,2024,1,2024-01-01,9955.0,6162270.35,4683913.6,1058,204180.5,0.0488,12615.11,2559.39,254787.23,191059.15,63728.08,25.01,2689.85,11.673,0,2,0,,,0,,,1.94,0,0,0,Completed
MINE-005,Madhya Coal Mine 5,Central,Madhya Pradesh,Open Cast,Coal,2017,6,2017-06-01,21956.65,6162270.35,5779988.9,1084,234172.0,0.0938,23720.54,2426.94,532873.64,309693.26,223180.38,41.88,4211.13,12.14,0,1,0,,,0,,,1.02,1,0,1,Pending
MINE-007,Gujarat Coal Mine 7,Western,Gujarat,Underground,Coal,2017,6,2017-06-01,13249.28,4595599.71,4386782.08,1588,310621.2,0.0427,19099.58,2887.95,382631.98,251919.54,130712.44,34.16,4730.44,8.376,0,0,0,,,1,Fire,Moderate,1.25,0,0,0,Completed
MINE-017,Gujarat Iron Mine 17,Western,Gujarat,Open Cast,Iron Ore,2017,7,2017-07-01,33771.73,13268212.21,12568972.24,418,76587.5,0.441,34132.32,5008.96,1691614.16,997442.65,694171.51,41.04,7732.89,17.81,0,0,0,,,0,,,2.24,0,0,0,Completed
MINE-004,Chhattisgarh Coal Mine 4,Central,Chhattisgarh,Underground,Coal,2016,2,2016-02-01,13393.02,3455223.81,3429582.25,1475,322665.8,0.0415,23141.93,2284.05,305902.78,243007.3,62895.48,20.56,3677.85,12.614,0,1,2,Documentation,Open,1,Haulage/Transport,Fatal,1.87,2,1,1,Overdue
MINE-022,West Copper Mine 22,Eastern,West Bengal,Open Cast,Copper Ore,2016,7,2016-07-01,41873.51,11657228.78,11348218.29,1858,389758.1,0.1074,52644.24,7436.37,3113868.66,2311658.91,802209.75,25.76,17145.53,32.342,0,3,0,,,0,,,1.51,0,0,0,Completed
MINE-013,Odisha Coal Mine 13,Eastern,Odisha,Open Cast,Coal,2020,1,2020-01-01,51540.99,11260157.97,9522161.78,603,129688.6,0.3974,51142.42,2804.54,1445487.89,1064363.51,381124.38,26.37,11762.01,26.606,0,2,0,,,1,Haulage/Transport,Moderate,1.58,1,0,1,In Progress
MINE-018,Telangana Iron Mine 18,Southern,Telangana,Mixed,Iron Ore,2017,2,2017-02-01,12748.89,4638464.7,4451931.51,980,186324.9,0.0684,17877.46,4751.33,605741.32,469269.03,136472.28,22.53,5610.77,11.227,0,2,0,,,0,,,2.0,0,0,0,Completed
MINE-018,Telangana Iron Mine 18,Southern,Telangana,Mixed,Iron Ore,2022,3,2022-03-01,8502.66,4638464.7,3780889.18,902,188426.3,0.0451,9925.32,3946.82,335584.64,198770.47,136814.17,40.77,3011.75,11.294,0,1,0,,,1,Gas/Explosion,Moderate,1.08,1,0,1,In Progress
MINE-006,Maharashtra Limestone Mine 6,Western,Maharashtra,Open Cast,Limestone,2017,4,2017-04-01,14322.46,4919591.78,4703955.96,703,135294.6,0.1059,18609.71,949.64,136011.36,108788.13,27223.22,20.02,4680.49,12.345,0,0,0,,,0,,,0.11,0,0,0,Completed
MINE-001,Jharkhand Coal Mine 1,Eastern,Jharkhand,Underground,Coal,2020,5,2020-05-01,149927.1,15973322.74,10968594.27,2896,589548.1,0.2543,198219.24,2430.45,3643908.69,2511877.74,1132030.96,31.07,86634.11,110.245,0,1,0,,,1,Haulage/Transport,Minor,1.2,0,0,0,Completed
MINE-021,Jharkhand Limestone Mine 21,Eastern,Jharkhand,Open Cast,Limestone,2020,8,2020-08-01,3807.09,1715441.24,1469654.22,336,67083.6,0.0568,4810.05,695.88,26492.73,18597.48,7895.25,29.8,669.17,8.781,0,4,0,,,3,Machinery,Minor,1.37,0,0,0,Completed
MINE-003,Odisha Coal Mine 3,Eastern,Odisha,Underground,Coal,2021,4,2021-04-01,201610.38,24608205.58,16577021.09,1453,302886.9,0.6656,224286.16,2609.33,5260670.25,3530883.33,1729786.91,32.88,104837.48,122.709,0,1,0,,,1,Machinery,Serious,1.51,0,0,0,Completed
MINE-004,Chhattisgarh Coal Mine 4,Central,Chhattisgarh,Underground,Coal,2023,9,2023-09-01,5048.07,3455223.81,2643899.04,1302,256388.1,0.0197,7144.37,2252.16,113690.65,79489.8,34200.85,30.08,1373.66,5.917,0,2,0,,,1,Haulage/Transport,Moderate,0.55,0,0,0,Completed
MINE-001,Jharkhand Coal Mine 1,Eastern,Jharkhand,Underground,Coal,2020,4,2020-04-01,129391.78,15973322.74,11118521.37,2765,555882.3,0.2328,226792.36,2456.54,3178562.05,2159232.6,1019329.45,32.07,75914.34,110.61,0,1,1,Equipment,Closed,1,Electrical,Minor,1.02,1,0,1,Pending
MINE-003,Odisha Coal Mine 3,Eastern,Odisha,Underground,Coal,2019,6,2019-06-01,158344.26,24608205.58,20486670.7,1305,280854.5,0.5638,275138.85,2497.0,3953856.26,2600579.22,1353277.03,34.23,66878.93,118.04,0,0,0,,,0,,,0.05,0,0,0,Completed
MINE-017,Gujarat Iron Mine 17,Western,Gujarat,Open Cast,Iron Ore,2016,10,2016-10-01,37390.92,13268212.21,12895259.67,446,95977.3,0.3896,37070.73,4594.91,1718077.99,1442520.47,275557.52,16.04,15249.9,20.172,0,2,0,,,0,,,1.64,0,0,0,Completed
MINE-001,Jharkhand Coal Mine 1,Eastern,Jharkhand,Underground,Coal,2021,4,2021-04-01,140831.67,15973322.74,9388539.84,2616,548858.1,0.2566,164565.99,2814.7,3963987.23,2960222.85,1003764.38,25.32,79548.57,91.325,0,0,1,Environmental,Open,0,,,1.62,2,1,1,Overdue
MINE-014,Chhattisgarh Bauxite Mine 14,Central,Chhattisgarh,Underground,Bauxite,2023,1,2023-01-01,7164.31,3172486.06,2368798.4,740,137789.3,0.052,10583.28,2484.24,177978.67,122337.65,55641.02,31.26,3683.89,12.858,0,1,3,Safety,Closed,1,Haulage/Transport,Fatal,3.41,3,1,2,Completed
MINE-013,Odisha Coal Mine 13,Eastern,Odisha,Open Cast,Coal,2021,9,2021-09-01,51134.85,11260157.97,8542121.66,562,113913.4,0.4489,61617.79,2877.49,1471402.64,1004816.48,466586.16,31.71,17533.84,34.432,0,2,1,Safety,Closed,0,,,1.29,2,1,1,Pending
MINE-008,Telangana Iron Mine 8,Southern,Telangana,Open Cast,Iron Ore,2019,7,2019-07-01,12089.09,4242653.83,3681401.89,708,146694.3,0.0824,14344.84,7321.54,885108.43,652171.76,232936.67,26.32,4141.34,7.828,0,3,0,,,1,Gas/Explosion,Moderate,1.74,0,0,0,Completed
MINE-005,Madhya Coal Mine 5,Central,Madhya Pradesh,Open Cast,Coal,2016,2,2016-02-01,21466.05,6162270.35,6115825.05,1106,222586.6,0.0964,17598.16,2457.35,527495.85,382617.17,144878.68,27.47,8054.29,13.361,0,3,0,,,0,,,1.33,0,0,0,Completed
MINE-022,West Copper Mine 22,Eastern,West Bengal,Open Cast,Copper Ore,2017,11,2017-11-01,59301.94,11657228.78,10515109.03,1863,407932.1,0.1454,55761.34,7370.14,4370634.32,3169031.09,1201603.23,27.49,19480.89,34.353,0,2,0,,,0,,,0.74,1,0,1,In Progress
MINE-008,Telangana Iron Mine 8,Southern,Telangana,Open Cast,Iron Ore,2022,12,2022-12-01,18620.0,4242653.83,3008566.56,789,170564.0,0.1092,16465.35,7477.21,1392257.2,969388.07,422869.13,30.37,5498.95,10.72,0,2,1,Operational,Closed,1,Fall of Roof/Rock,Minor,2.62,1,0,1,Completed
MINE-002,West Iron Mine 2,Eastern,West Bengal,Open Cast,Iron Ore,2017,1,2017-01-01,83559.23,31788526.71,30709940.95,2135,462297.4,0.1807,70554.68,5516.03,4609154.4,3869567.4,739587.0,16.05,22841.83,37.926,0,2,0,,,0,,,0.58,0,0,0,Completed
MINE-029,Andhra Copper Mine 29,Southern,Andhra Pradesh,Open Cast,Copper Ore,2021,4,2021-04-01,38377.6,11305197.36,9050884.87,283,55233.4,0.6948,48243.97,7977.44,3061550.59,2263144.21,798406.37,26.08,13008.64,24.28,0,1,0,,,0,,,2.33,0,0,0,Completed
MINE-022,West Copper Mine 22,Eastern,West Bengal,Open Cast,Copper Ore,2023,4,2023-04-01,152342.82,11657228.78,3976081.67,2537,512625.1,0.2972,151850.21,10432.13,15892606.34,11718534.47,4174071.86,26.26,49813.61,74.779,0,2,0,,,0,,,0.72,0,0,0,Completed
MINE-010,Uttar Coal Mine 10,Northern,Uttar Pradesh,Mixed,Coal,2020,3,2020-03-01,32224.12,3804225.22,2739330.26,819,156890.3,0.2054,32297.15,3047.33,981974.41,773292.1,208682.31,21.25,10807.12,20.781,0,3,0,,,0,,,0.99,1,0,1,Overdue
MINE-028,Telangana Coal Mine 28,Southern,Telangana,Open Cast,Coal,2023,1,2023-01-01,11664.35,10510635.28,8730244.7,964,175046.9,0.0666,14044.18,2276.6,265550.43,231159.25,34391.18,12.95,4571.08,7.42,0,2,0,,,1,Haulage/Transport,Minor,1.73,0,0,0,Completed
MINE-011,Jharkhand Coal Mine 11,Eastern,Jharkhand,Underground,Coal,2016,10,2016-10-01,23253.38,4815796.69,4591120.41,377,69522.8,0.3345,25136.58,2429.27,564887.21,408064.92,156822.29,27.76,9768.33,14.143,0,2,0,,,0,,,0.64,0,0,0,Completed
MINE-008,Telangana Iron Mine 8,Southern,Telangana,Open Cast,Iron Ore,2021,2,2021-02-01,16476.72,4242653.83,3388341.01,747,155085.1,0.1062,19008.07,7340.89,1209537.47,740772.36,468765.11,38.76,7157.32,14.438,0,5,2,Equipment,Under Review,0,,,2.74,2,1,1,Pending
MINE-014,Chhattisgarh Bauxite Mine 14,Central,Chhattisgarh,Underground,Bauxite,2016,3,2016-03-01,11991.44,3172486.06,3134404.7,791,163151.2,0.0735,17729.98,1978.06,237197.87,145909.5,91288.37,38.49,5024.15,7.877,0,0,0,,,0,,,0.04,1,0,1,Overdue
MINE-024,Chhattisgarh Bauxite Mine 24,Central,Chhattisgarh,Underground,Bauxite,2023,6,2023-06-01,85111.79,8763956.29,4713524.11,1394,275806.8,0.3086,126557.71,1378.13,1172947.77,713028.56,459919.21,39.21,48454.21,66.584,0,4,0,,,0,,,0.6,0,0,0,Completed
MINE-009,Andhra Iron Mine 9,Southern,Andhra Pradesh,Underground,Iron Ore,2022,5,2022-05-01,34623.06,7961285.52,5345689.18,1064,219404.9,0.1578,46881.37,5076.31,1757574.43,1124143.8,633430.64,36.04,8163.68,24.397,0,2,0,,,0,,,1.73,0,0,0,Completed
MINE-021,Jharkhand Limestone Mine 21,Eastern,Jharkhand,Open Cast,Limestone,2022,5,2022-05-01,3873.92,1715441.24,1391605.87,331,61374.5,0.0631,3779.33,741.7,28733.0,22604.89,6128.11,21.33,1395.44,5.955,0,2,0,,,0,,,0.85,0,0,0,Completed
MINE-002,West Iron Mine 2,Eastern,West Bengal,Open Cast,Iron Ore,2024,11,2024-11-01,59331.37,31788526.71,24418237.71,2037,443228.4,0.1339,49471.09,6135.06,3640017.43,2936866.66,703150.77,19.32,9224.21,19.653,0,2,0,,,0,,,0.59,0,0,0,Completed
MINE-026,Maharashtra Copper Mine 26,Western,Maharashtra,Underground,Copper Ore,2024,8,2024-08-01,25628.91,3439638.4,1315321.34,510,93505.4,0.2741,40601.67,6156.67,1577887.47,1177625.88,400261.59,25.37,12844.93,18.725,0,0,0,,,1,Haulage/Transport,Minor,1.62,0,0,0,Completed
MINE-017,Gujarat Iron Mine 17,Western,Gujarat,Open Cast,Iron Ore,2016,8,2016-08-01,33697.74,13268212.21,12970183.91,432,79842.5,0.4221,36890.8,4756.1,1602698.14,1039688.58,563009.56,35.13,11479.35,24.218,0,1,0,,,0,,,0.12,0,0,0,Completed
MINE-028,Telangana Coal Mine 28,Southern,Telangana,Open Cast,Coal,2022,10,2022-10-01,12257.7,10510635.28,8765581.37,942,185453.1,0.0661,12958.74,2285.33,280128.61,232227.31,47901.29,17.1,4503.13,13.226,0,2,1,Safety,Under Review,0,,,0.99,1,0,1,In Progress
MINE-015,Madhya Iron Mine 15,Central,Madhya Pradesh,Open Cast,Iron Ore,2022,10,2022-10-01,99076.32,14086398.07,8938873.82,1100,223495.1,0.4433,121659.3,5924.54,5869811.54,4600450.73,1269360.81,21.63,29087.98,54.932,0,4,1,Equipment,Under Review,0,,,2.7,1,0,1,In Progress
MINE-007,Gujarat Coal Mine 7,Western,Gujarat,Underground,Coal,2018,9,2018-09-01,11812.43,4595599.71,4214880.2,1536,316969.7,0.0373,16197.65,2661.06,314335.84,270384.81,43951.03,13.98,7150.49,14.781,0,2,0,,,1,Electrical,Minor,1.92,0,0,0,Completed
MINE-020,Uttar Iron Mine 20,Northern,Uttar Pradesh,Open Cast,Iron Ore,2021,10,2021-10-01,19487.47,4723977.98,3441700.25,443,90330.7,0.2157,20493.57,4743.8,924446.13,513572.87,410873.26,44.45,7481.4,10.953,0,4,0,,,0,,,0.21,0,0,0,Completed
MINE-014,Chhattisgarh Bauxite Mine 14,Central,Chhattisgarh,Underground,Bauxite,2018,4,2018-04-01,11135.65,3172486.06,2850265.13,833,155439.7,0.0716,13763.39,2636.19,293556.96,187650.03,105906.93,36.08,2640.47,10.636,0,1,0,,,0,,,1.01,0,0,0,Completed
MINE-016,Maharashtra Iron Mine 16,Western,Maharashtra,Underground,Iron Ore,2020,4,2020-04-01,13893.09,3852023.09,3098261.41,446,83141.4,0.1671,15192.21,6629.23,921004.91,676404.6,244600.31,26.56,3710.85,7.46,0,0,0,,,0,,,1.3,0,0,0,Completed
MINE-015,Madhya Iron Mine 15,Central,Madhya Pradesh,Open Cast,Iron Ore,2017,12,2017-12-01,47991.48,14086398.07,13085198.84,853,172606.4,0.278,60776.06,5711.41,2740989.38,1856596.48,884392.91,32.27,16376.91,34.151,0,3,0,,,1,Gas/Explosion,Moderate,2.74,0,0,0,Completed
MINE-030,Uttar Iron Mine 30,Northern,Uttar Pradesh,Mixed,Iron Ore,2024,10,2024-10-01,22787.55,9769224.08,6991547.11,737,137619.6,0.1656,24352.07,4556.72,1038365.87,873591.69,164774.18,15.87,6056.68,12.053,0,1,0,,,0,,,1.67,0,0,0,Completed
MINE-006,Maharashtra Limestone Mine 6,Western,Maharashtra,Open Cast,Limestone,2024,7,2024-07-01,47161.93,4919591.78,2221239.94,921,190288.3,0.2478,44042.41,1026.7,484212.82,307443.82,176768.99,36.51,20491.05,25.232,0,2,1,Documentation,Closed,0,,,2.04,1,0,1,Overdue
MINE-001,Jharkhand Coal Mine 1,Eastern,Jharkhand,Underground,Coal,2019,10,2019-10-01,109625.59,15973322.74,11895454.26,2479,487536.6,0.2249,142189.14,2621.65,2873999.59,2300014.43,573985.15,19.97,61848.3,74.732,0,1,0,,,1,Fire,Minor,1.49,0,0,0,Completed
MINE-025,Madhya Limestone Mine 25,Central,Madhya Pradesh,Open Cast,Limestone,2020,4,2020-04-01,7481.78,5333812.33,4721989.21,1095,228714.2,0.0327,6982.97,831.9,62241.22,49250.2,12991.02,20.87,1202.86,3.459,0,2,1,Emergency Preparedness,Under Review,0,,,0.89,1,0,1,Completed
MINE-003,Odisha Coal Mine 3,Eastern,Odisha,Underground,Coal,2016,3,2016-03-01,65811.07,24608205.58,24408593.73,980,182305.6,0.361,82493.42,2441.57,1606821.46,898342.64,708478.83,44.09,26937.63,40.656,0,0,0,,,1,Fire,Minor,0.99,0,0,0,Completed
MINE-014,Chhattisgarh Bauxite Mine 14,Central,Chhattisgarh,Underground,Bauxite,2021,11,2021-11-01,7654.39,3172486.06,2472082.92,766,165005.0,0.0464,8564.53,2792.48,213747.55,162999.85,50747.71,23.74,2733.15,11.041,0,1,0,,,0,,,1.2,0,0,0,Completed
MINE-012,West Iron Mine 12,Eastern,West Bengal,Open Cast,Iron Ore,2017,11,2017-11-01,77160.99,17808314.68,16323281.01,926,166895.3,0.4623,76578.41,5487.88,4234503.94,3325514.47,908989.48,21.47,18623.17,36.191,0,3,0,,,0,,,0.0,0,0,0,Completed
MINE-014,Chhattisgarh Bauxite Mine 14,Central,Chhattisgarh,Underground,Bauxite,2024,8,2024-08-01,5355.82,3172486.06,2246391.68,784,156102.7,0.0343,6188.4,2657.51,142331.24,97525.77,44805.47,31.48,2194.34,9.41,0,1,1,Safety,Under Review,0,,,0.82,1,0,1,In Progress
MINE-017,Gujarat Iron Mine 17,Western,Gujarat,Open Cast,Iron Ore,2016,12,2016-12-01,37044.86,13268212.21,12819885.19,438,81393.0,0.4551,32891.18,4612.42,1708663.63,959684.27,748979.36,43.83,5842.4,20.193,0,1,0,,,0,,,0.07,0,0,0,Completed
MINE-007,Gujarat Coal Mine 7,Western,Gujarat,Underground,Coal,2021,11,2021-11-01,10412.69,4595599.71,3774461.59,1555,283819.8,0.0367,17280.33,3125.17,325414.1,261120.33,64293.77,19.76,4116.39,9.495,0,1,0,,,1,Fall of Roof/Rock,Serious,1.13,2,1,1,In Progress
MINE-029,Andhra Copper Mine 29,Southern,Andhra Pradesh,Open Cast,Copper Ore,2023,10,2023-10-01,44157.75,11305197.36,7790497.49,310,58124.3,0.7597,54467.46,8108.99,3580749.31,2722831.11,857918.2,23.96,11597.76,28.218,0,0,1,Environmental,Open,1,Machinery,Minor,2.39,1,0,1,Pending
MINE-003,Odisha Coal Mine 3,Eastern,Odisha,Underground,Coal,2018,12,2018-12-01,142523.67,24608205.58,21317182.99,1292,258564.2,0.5512,182240.46,2672.41,3808822.57,2627096.59,1181725.98,31.03,85677.7,99.298,0,1,0,,,0,,,1.45,0,0,0,Completed
MINE-030,Uttar Iron Mine 30,Northern,Uttar Pradesh,Mixed,Iron Ore,2019,12,2019-12-01,26120.35,9769224.08,8423450.28,779,165482.5,0.1578,32549.22,5409.64,1413017.62,1038559.48,374458.13,26.5,7358.2,19.943,0,0,0,,,0,,,2.16,0,0,0,Completed
MINE-027,Gujarat Iron Mine 27,Western,Gujarat,Open Cast,Iron Ore,2021,1,2021-01-01,8227.41,6248149.8,5337612.08,692,141694.4,0.0581,6719.03,5569.37,458215.11,296449.98,161765.13,35.3,2323.42,3.544,0,2,0,,,3,Machinery,Minor,3.21,1,0,1,Completed
MINE-024,Chhattisgarh Bauxite Mine 24,Central,Chhattisgarh,Underground,Bauxite,2017,6,2017-06-01,31158.5,8763956.29,8300223.72,976,204329.2,0.1525,45168.8,2048.98,638431.93,533967.21,104464.72,16.36,16469.93,23.483,0,3,0,,,1,Fire,Minor,1.17,0,0,0,Completed
MINE-021,Jharkhand Limestone Mine 21,Eastern,Jharkhand,Open Cast,Limestone,2022,1,2022-01-01,3918.08,1715441.24,1405918.41,331,63520.6,0.0617,4276.56,738.62,28939.87,19594.05,9345.82,32.29,944.1,7.539,0,3,0,,,0,,,1.67,1,0,1,Completed
MINE-013,Odisha Coal Mine 13,Eastern,Odisha,Open Cast,Coal,2022,10,2022-10-01,60499.21,11260157.97,7787508.07,679,125883.0,0.4806,73145.64,2724.43,1648257.26,1205892.62,442364.64,26.84,10992.44,33.931,0,0,2,DOCUMENTATION,Closed,3,Fire,Moderate,3.27,2,1,1,In Progress
MINE-016,Maharashtra Iron Mine 16,Western,Maharashtra,Underground,Iron Ore,2022,6,2022-06-01,13098.56,3852023.09,2771358.45,440,91180.8,0.1437,14276.08,7321.56,959018.78,576024.02,382994.76,39.94,6772.59,12.722,0,3,0,,,0,,,1.47,0,0,0,Completed
MINE-006,Maharashtra Limestone Mine 6,Western,Maharashtra,Open Cast,Limestone,2022,1,2022-01-01,28973.99,4919591.78,3404262.54,838,172007.7,0.1684,27622.27,1164.65,337446.06,265535.19,71910.87,21.31,7325.64,15.08,0,1,3,Safety,Closed,0,,,3.08,3,1,2,Pending
MINE-014,Chhattisgarh Bauxite Mine 14,Central,Chhattisgarh,Underground,Bauxite,2023,12,2023-12-01,6543.88,3172486.06,2296884.76,751,139925.2,0.0468,8441.56,2501.35,163684.93,140378.16,23306.77,14.24,2891.03,4.664,0,2,0,,,0,,,0.91,0,0,0,Completed
MINE-022,West Copper Mine 22,Eastern,West Bengal,Open Cast,Copper Ore,2023,9,2023-09-01,162413.9,11657228.78,3184410.28,2682,561682.8,0.2892,134968.44,10135.63,16461668.21,12838379.38,3623288.83,22.01,40398.43,65.736,0,1,1,Emergency Preparedness,Open,0,,,1.3,1,0,1,Completed
MINE-011,Jharkhand Coal Mine 11,Eastern,Jharkhand,UNDERGROUND,Coal,2016,11,2016-11-01,22667.33,4815796.69,4568453.08,352,74518.9,0.3042,36140.14,2417.86,548063.89,316159.04,231904.85,42.31,6108.82,21.567,0,1,0,,,0,,,0.08,0,0,0,Completed
MINE-016,Maharashtra Iron Mine 16,Western,Maharashtra,Underground,Iron Ore,2023,11,2023-11-01,11111.39,3852023.09,2584996.48,458,100442.4,0.1106,12245.85,7799.63,866647.8,535266.61,331381.18,38.24,6171.7,10.072,0,1,0,,,0,,,2.29,0,0,0,Completed
MINE-004,Chhattisgarh Coal Mine 4,Central,Chhattisgarh,Underground,Coal,2018,7,2018-07-01,10040.49,3455223.81,3098683.85,1489,285342.2,0.0352,17605.86,2275.18,228439.08,177871.55,50567.53,22.14,3271.81,10.522,0,1,0,,,0,,,1.69,0,0,0,Completed
MINE-006,Maharashtra Limestone Mine 6,Western,Maharashtra,Open-Cast,Limestone,2017,6,2017-06-01,16341.05,4919591.78,4672592.76,714,138888.8,0.1177,16692.07,937.85,153254.83,134166.97,19087.86,12.45,5766.93,8.509,0,2,0,,,0,,,1.98,0,0,0,Completed
MINE-001,Jharkhand Coal Mine 1,Eastern,Jharkhand,Underground,Coal,2016,1,2016-01-01,57899.2,15973322.74,15915423.54,2209,451167.6,0.1283,96444.08,2580.52,1494098.29,1030138.81,463959.48,31.05,21711.17,,0,2,0,,,2,Slip/Fall,Minor,1.17,1,0,1,Completed
MINE-012,West Iron Mine 12,Eastern,West Bengal,Open Cast,Iron Ore,2022,2,2022-02-01,143955.18,17808314.68,11166464.75,1102,223095.6,0.6453,184812.93,5831.28,8394433.32,6172699.75,2221733.57,26.47,41409.43,79.21,0,2,0,,,0,,,0.6,0,0,0,Completed
MINE-017,Gujarat Iron Mine 17,Western,Gujarat,Open Cast,Iron Ore,2023,1,2023-01-01,27660.88,13268212.21,10509818.68,421,84593.8,0.327,26696.75,5260.52,1455105.26,983430.57,471674.69,32.42,11023.83,19.124,0,2,1,Environmental,Under Review,0,,,2.0,1,0,1,Overdue
MINE-019,Andhra Coal Mine 19,Southern,Andhra Pradesh,Open Cast,Coal,2023,6,2023-06-01,39080.17,6903354.37,4267388.96,137,27424.4,1.425,33004.33,2332.48,911538.13,588011.29,323526.84,35.49,12744.47,23.754,0,2,0,,,2,Haulage/Transport,Minor,0.97,0,0,0,Completed
MINE-006,Maharashtra Limestone Mine 6,Western,Maharashtra,Open Cast,Limestone,2019,6,2019-06-01,21106.25,4919591.78,4233458.03,742,136869.4,0.1542,24309.41,1100.8,232337.77,152938.31,79399.46,34.17,7722.66,15.898,0,2,0,,,0,,,1.08,0,0,0,Completed
MINE-004,Chhattisgarh Coal Mine 4,Central,Chhattisgarh,Underground,Coal,2016,9,2016-09-01,12092.71,3455223.81,3340853.51,1476,316238.8,0.0382,15601.85,2452.19,296535.92,239331.29,57204.63,19.29,6072.44,14.441,0,2,0,,,1,Fire,Minor,1.37,0,0,0,Completed
MINE-004,Chhattisgarh Coal Mine 4,Central,Chhattisgarh,Underground,Coal,2016,8,2016-08-01,11882.47,3455223.81,3352946.21,1468,316640.4,0.0375,19395.17,2454.13,291611.32,200100.44,91510.88,31.38,2998.9,13.092,0,1,0,,,1,Haulage/Transport,Minor,0.82,0,0,0,Completed
MINE-021,Jharkhand Limestone Mine 21,Eastern,Jharkhand,Open Cast,Limestone,2016,5,2016-05-01,5079.16,1715441.24,1690940.12,361,78292.6,0.0649,5530.63,1005.6,51076.15,47217.82,3858.33,7.55,1645.16,5.538,0,3,1,Emergency Preparedness,Under Review,0,,,1.59,2,0,2,In Progress
MINE-018,Telangana Iron Mine 18,Southern,Telangana,Mixed,Iron Ore,2019,9,2019-09-01,11100.2,4638464.7,4083025.08,912,165709.9,0.067,16525.19,3991.57,443072.16,307337.17,135734.99,30.63,5286.22,13.994,0,0,0,,,1,Haulage/Transport,Minor,2.5,0,0,0,Completed
MINE-002,West Iron Mine 2,Eastern,West Bengal,Open Cast,Iron Ore,2024,8,2024-08-01,51881.95,31788526.71,24584175.94,1815,347688.9,0.1492,59664.5,5770.08,2993630.36,1987985.76,1005644.6,33.59,9801.91,29.973,0,0,1,Equipment,Under Review,0,,,0.51,1,0,1,Overdue
MINE-013,Odisha Coal Mine 13,Eastern,Odisha,Open Cast,Coal,2022,6,2022-06-01,58534.73,11260157.97,8029979.24,646,139358.5,0.42,66105.86,2876.31,1683642.4,1085037.71,598604.68,35.55,21833.4,31.977,0,2,1,Operational,Closed,1,Haulage/Transport,Fatal,1.45,1,0,1,Overdue
MINE-003,Odisha Coal Mine 3,Eastern,Odisha,Underground,Coal,2020,7,2020-07-01,189146.9,24608205.58,18385127.09,1499,280286.2,0.6748,323227.03,2741.29,5185059.09,3147817.25,2037241.85,39.29,53004.39,123.979,0,1,0,,,0,,,2.02,0,0,0,Completed
MINE-022,West Copper Mine 22,Eastern,West Bengal,Open Cast,Copper Ore,2021,3,2021-03-01,101794.56,11657228.78,7276252.72,2178,446390.9,0.228,92242.03,9226.12,9391683.64,5592681.82,3799001.82,40.45,33051.41,47.756,0,1,1,Documentation,Under Review,1,Machinery,Minor,2.03,1,0,1,Overdue
MINE-007,Gujarat Coal Mine 7,Western,Gujarat,Underground,Coal,2018,8,2018-08-01,11132.43,4595599.71,4226692.62,1466,286100.5,0.0389,13833.18,2594.6,288841.85,203618.09,85223.75,29.51,5114.89,6.926,0,1,0,,,2,Slip/Fall,Moderate,2.96,0,0,0,Completed
MINE-021,Jharkhand Limestone Mine 21,Eastern,Jharkhand,Open Cast,Limestone,2018,11,2018-11-01,3795.46,1715441.24,1554677.65,324,65919.7,0.0576,3331.36,800.31,30375.51,24641.89,5733.62,18.88,1010.25,5.146,0,1,1,Emergency Preparedness,Closed,0,,,0.66,1,0,1,Overdue
MINE-002,West Iron Mine 2,Eastern,West Bengal,Open-Cast,Iron Ore,2019,6,2019-06-01,74013.39,31788526.71,28498442.3,2001,368049.3,0.2011,60800.43,5758.79,4262275.98,3345173.7,917102.28,21.52,12363.59,30.637,0,1,0,,,1,Machinery,Moderate,2.24,0,0,0,Completed
MINE-021,Jharkhand Limestone Mine 21,Eastern,Jharkhand,Open Cast,Limestone,2022,2,2022-02-01,3593.69,1715441.24,1402324.72,325,67969.4,0.0529,4247.28,,26033.6,25804.1,229.5,0.88,1466.87,7.905,0,1,2,Documentation,Closed,0,,,0.74,2,1,1,Completed
MINE-009,Andhra Iron Mine 9,Southern,Andhra Pradesh,underground,Iron Ore,2023,2,2023-02-01,34769.05,7961285.52,5032285.25,1125,203020.1,0.1713,59039.15,4989.25,1734716.33,1325918.56,408797.76,23.57,16070.77,33.023,0,1,1,Safety,Open,0,,,1.96,1,0,1,Completed
MINE-017,Gujarat Iron Mine 17,Western,Gujarat,Open Cast,Iron Ore,2021,2,2021-02-01,27810.85,13268212.21,11183464.74,410,76261.9,0.3647,35498.36,5496.81,1528709.46,955250.63,573458.83,37.51,6276.64,20.407,0,3,0,,,0,,,1.97,0,0,0,Completed
MINE-007,Gujarat Coal Mine 7,Western,Gujarat,Underground,Coal,2023,11,2023-11-01,12905.16,4595599.71,3498491.9,1487,280969.6,0.0459,19586.62,3033.05,391419.63,242233.79,149185.83,38.11,6676.67,11.801,0,2,0,,,1,Haulage/Transport,Minor,2.72,1,0,1,In Progress
MINE-004,Chhattisgarh Coal Mine 4,Central,Chhattisgarh,Underground,Coal,2023,4,2023-04-01,5571.51,3455223.81,2670823.28,1316,242444.4,0.023,6647.82,2233.39,124433.57,116339.49,8094.08,6.5,1691.88,8.783,0,2,0,,,1,Gas/Explosion,Minor,0.41,0,0,0,Completed
MINE-020,Uttar Iron Mine 20,Northern,Uttar Pradesh,Open Cast,Iron Ore,2018,8,2018-08-01,16801.21,4723977.98,4172915.34,425,84443.2,0.199,15080.43,5468.45,918765.51,517932.09,400833.42,43.63,4880.03,14.479,0,0,0,,,1,Haulage/Transport,Minor,0.8,0,0,0,Completed
MINE-001,Jharkhand Coal Mine 1,Eastern,Jharkhand,Underground,Coal,2018,10,2018-10-01,89096.11,15973322.74,13193785.63,2412,462599.8,0.1926,142218.99,2570.47,2290187.08,1915000.91,375186.17,16.38,53489.61,77.034,0,0,0,,,0,,,1.38,0,0,0,Completed
MINE-002,West Iron Mine 2,Eastern,West Bengal,Open Cast,Iron Ore,2021,12,2021-12-01,61223.28,31788526.71,26474820.78,2063,402814.0,0.152,50169.75,6003.42,3675487.61,2147584.61,1527903.0,41.57,22994.55,29.937,0,1,0,,,0,,,2.21,0,0,0,Completed
MINE-006,Maharashtra Limestone Mine 6,Western,Maharashtra,Open Cast,Limestone,2016,5,2016-05-01,14418.06,4919591.78,4855336.29,676,122578.6,0.1176,11906.26,850.16,122576.45,110762.06,11814.39,9.64,2798.81,11.516,0,2,0,,,0,,,0.84,0,0,0,Completed
MINE-008,Telangana Iron Mine 8,Southern,Telangana,Open Cast,Iron Ore,2016,1,2016-01-01,12515.15,4242653.83,4230138.68,694,148639.4,0.0842,13840.64,5584.15,698864.16,435729.6,263134.55,37.65,3659.74,7.885,0,1,0,,,0,,,0.32,0,0,0,Completed
MINE-017,Gujarat Iron Mine 17,Western,Gujarat,Open Cast,Iron Ore,2023,7,2023-07-01,26478.93,13268212.21,10347296.86,415,89513.1,0.2958,30166.87,5234.28,1385981.5,930333.25,455648.24,32.88,5953.88,15.624,0,2,1,Environmental,Closed,0,,,2.05,2,1,1,In Progress
MINE-012,West Iron Mine 12,Eastern,West Bengal,Open Cast,Iron Ore,2017,7,2017-07-01,72765.48,17808314.68,16596104.22,904,163027.2,0.4463,82796.32,5317.44,3869260.58,3241970.11,627290.47,16.21,13605.46,31.826,0,1,1,Equipment,Under Review,1,Slip/Fall,Minor,1.58,1,0,1,Completed
MINE-014,Chhattisgarh Bauxite Mine 14,Central,Chhattisgarh,Underground,Bauxite,2024,11,2024-11-01,5704.4,3172486.06,2229455.6,801,171105.7,0.0333,8897.22,2608.13,148777.89,120824.45,27953.44,18.79,1265.67,4.244,0,0,0,,,1,Slip/Fall,Minor,2.58,0,0,0,Completed
MINE-023,Odisha Copper Mine 23,Eastern,Odisha,Open Cast,Copper Ore,2021,7,2021-07-01,82723.06,20545143.55,16174924.46,1592,289624.3,0.2856,103017.98,5441.88,4501691.51,3119743.47,1381948.04,30.7,15248.87,40.638,0,1,0,,,0,,,2.1,0,0,0,Completed
MINE-013,Odisha Coal Mine 13,Eastern,Odisha,Open Cast,Coal,2018,3,2018-03-01,33641.18,11260157.97,10429985.2,556,113102.9,0.2974,32394.66,2560.08,861242.73,488882.37,372360.37,43.24,9386.91,16.206,0,3,1,Equipment,Closed,2,Machinery,Serious,2.94,1,0,1,Completed
MINE-030,Uttar Iron Mine 30,Northern,Uttar Pradesh,Mixed,Iron Ore,2023,1,2023-01-01,26777.75,9769224.08,7488214.17,735,,0.1719,37008.33,4648.59,1244788.21,792800.28,451987.94,36.31,8119.11,22.842,0,1,0,,,0,,,0.8,0,0,0,Completed
MINE-020,Uttar Iron Mine 20,Northern,Uttar Pradesh,Open Cast,Iron Ore,2017,3,2017-03-01,17619.62,4723977.98,4469154.5,431,81024.5,0.2175,20288.26,5239.8,923233.35,647191.67,276041.68,29.9,5782.27,16.55,0,2,2,SAFETY,Closed,1,Haulage/Transport,Moderate,3.06,2,1,1,In Progress
MINE-026,Maharashtra Copper Mine 26,Western,Maharashtra,Underground,Copper Ore,2020,10,2020-10-01,18504.69,3439638.4,2423939.06,521,96507.7,0.1917,26209.2,7205.19,1333298.16,900713.59,432584.57,32.44,8102.23,17.761,0,3,0,,,0,,,2.02,2,1,1,Pending
MINE-017,Gujarat Iron Mine 17,Western,Gujarat,Open Cast,Iron Ore,2016,4,2016-04-01,37785.69,13268212.21,13116834.15,435,81125.8,0.4658,48722.36,4974.92,1879808.89,1326493.51,553315.38,29.43,16390.85,23.381,0,1,0,,,0,,,0.63,1,0,1,Overdue
MINE-005,Madhya Coal Mine 5,Central,Madhya Pradesh,Open Cast,Coal,2021,4,2021-04-01,12524.23,6162270.35,5040149.19,1097,227331.4,0.0551,13146.39,2474.29,309885.46,263046.66,46838.8,15.11,2947.79,7.6,0,3,1,DOCUMENTATION,Closed,0,,,2.35,1,0,1,Pending
MINE-021,Jharkhand Limestone Mine 21,Eastern,Jharkhand,Open Cast,Limestone,2021,3,2021-03-01,3558.3,1715441.24,1443320.53,336,68310.8,0.0521,3020.53,701.21,24951.11,24505.07,446.04,1.79,956.78,8.487,0,1,0,,,0,,,1.45,0,0,0,Completed
MINE-029,Andhra Copper Mine 29,Southern,Andhra Pradesh,Open Cast,Copper Ore,2019,8,2019-08-01,32475.78,11305197.36,9821573.75,282,57531.4,0.5645,36150.37,7947.41,2580983.86,2092747.49,488236.38,18.92,6166.98,16.993,0,1,1,Equipment,Under Review,1,Machinery,Minor,2.76,1,0,1,Pending
MINE-010,Uttar Coal Mine 10,Northern,Uttar Pradesh,Mixed,Coal,2020,6,2020-06-01,33085.94,3804225.22,2642625.2,834,161364.9,0.205,31362.87,3256.33,1077387.87,817011.34,260376.54,24.17,9537.17,21.4,0,2,1,Safety,Under Review,0,,,0.83,1,0,1,In Progress
MINE-030,Uttar Iron Mine 30,Northern,Uttar Pradesh,Mixed,Iron Ore,2018,5,2018-05-01,27783.25,9769224.08,8950825.49,736,143103.8,0.1941,29742.51,5107.15,1418932.38,1037234.77,381697.61,26.9,12952.79,18.938,0,0,0,,,1,Electrical,Minor,1.74,0,0,0,Completed
MINE-002,West Iron Mine 2,Eastern,West Bengal,Open Cast,Iron Ore,2022,9,2022-09-01,62395.97,31788526.71,25907696.99,2026,371280.1,0.1681,64578.75,5852.46,3651696.35,2769980.91,881715.45,24.15,27128.26,35.531,0,1,0,,,0,,,0.93,0,0,0,Completed
MINE-012,West Iron Mine 12,Eastern,West Bengal,Open Cast,Iron Ore,2021,11,2021-11-01,134207.67,17808314.68,11586400.43,1132,221646.1,0.6055,154294.72,5754.57,7723076.51,5762769.71,1960306.8,25.38,37099.75,72.2,0,2,0,,,0,,,0.17,1,0,1,Overdue
MINE-016,Maharashtra Iron Mine 16,Western,Maharashtra,Underground,Iron Ore,2020,8,2020-08-01,11249.35,3852023.09,3045274.65,456,83513.3,0.1347,12537.52,6840.53,769515.43,478613.12,290902.32,37.8,2550.75,9.255,0,1,0,,,0,,,0.07,0,0,0,Completed
MINE-005,Madhya Coal Mine 5,Central,Madhya Pradesh,Open Cast,Coal,2017,7,2017-07-01,18296.16,6162270.35,5761692.74,1118,238635.7,0.0767,23128.46,2419.5,442674.75,384803.73,57871.02,13.07,7326.73,17.458,0,3,1,Equipment,Open,1,Gas/Explosion,Minor,1.5,1,0,1,Completed
MINE-010,Uttar Coal Mine 10,Northern,Uttar Pradesh,Mixed,Coal,2020,8,2020-08-01,30051.78,3804225.22,2578503.58,784,161249.0,0.1864,35217.06,3297.6,990987.78,747701.35,243286.42,24.55,9697.81,19.7,0,0,0,,,0,,,2.15,0,0,0,Completed
MINE-009,Andhra Iron Mine 9,Southern,Andhra Pradesh,Underground,Iron Ore,2024,3,2024-03-01,34259.73,7961285.52,4582304.9,1094,197131.6,0.1738,,4952.98,1696877.78,1106288.48,590589.3,34.8,17523.56,21.624,0,2,1,Equipment,Closed,0,,,1.2,1,0,1,Pending
MINE-018,Telangana Iron Mine 18,Southern,Telangana,Mixed,Iron Ore,2019,6,2019-06-01,11562.8,4638464.7,4113791.89,993,197621.4,0.0585,13916.97,4016.21,464386.46,336056.26,128330.2,27.63,4269.14,10.279,0,1,0,,,0,,,0.94,0,0,0,Completed
MINE-016,Maharashtra Iron Mine 16,Western,Maharashtra,Underground,Iron Ore,2023,10,2023-10-01,11290.71,3852023.09,2596107.88,456,88482.1,0.1276,19277.48,8235.61,929859.33,747246.12,182613.21,19.64,2731.02,8.644,0,3,0,,,0,,,0.24,1,0,1,Pending
MINE-004,Chhattisgarh Coal Mine 4,Central,Chhattisgarh,Underground,Coal,2016,1,2016-01-01,12248.53,3455223.81,3442975.27,1466,315215.7,0.0389,15127.78,2359.43,288995.07,202469.05,86526.02,29.94,7164.72,11.626,0,2,0,,,2,Fall of Roof/Rock,Moderate,2.32,0,0,0,Completed
MINE-009,Andhra Iron Mine 9,Southern,Andhra Pradesh,Underground,Iron Ore,2024,5,2024-05-01,33438.44,7961285.52,4515225.42,1147,217340.1,0.1539,48411.08,4920.78,1645431.61,1122617.22,522814.39,31.77,10469.82,19.872,0,1,1,Documentation,Open,0,,,0.69,1,0,1,Completed
MINE-007,Gujarat Coal Mine 7,Western,Gujarat,Underground,Coal,2018,5,2018-05-01,11659.65,4595599.71,4261507.49,1532,330529.9,0.0353,20197.6,2621.1,305611.24,239408.52,66202.71,21.66,6816.2,10.866,0,0,0,,,1,Fire,Moderate,0.84,0,0,0,Completed
MINE-003,Odisha Coal Mine 3,Eastern,Odisha,Underground,Coal,2018,7,2018-07-01,107703.62,24608205.58,21933465.74,1249,253905.1,0.4242,146270.45,2728.76,2938975.61,1817165.81,1121809.8,38.17,61678.84,82.006,0,0,0,,,0,,,0.83,0,0,0,Completed
MINE-028,Telangana Coal Mine 28,Southern,Telangana,Open Cast,Coal,2020,2,2020-02-01,18180.42,10510635.28,9232068.26,951,196648.3,0.0925,18042.67,2346.59,426619.49,302088.91,124530.57,29.19,5394.31,11.748,0,1,0,,,0,,,1.72,1,0,1,Pending
MINE-024,Chhattisgarh Bauxite Mine 24,Central,Chhattisgarh,Underground,Bauxite,2018,10,2018-10-01,35230.21,8763956.29,7797499.04,1091,227394.0,0.1549,60021.36,1792.31,631432.92,490982.37,140450.56,22.24,15791.07,28.916,0,1,0,,,0,,,0.63,0,0,0,Completed
MINE-012,West Iron Mine 12,Eastern,West Bengal,Open Cast,Iron Ore,2019,9,2019-09-01,91758.36,17808314.68,14500829.14,998,213233.4,0.4303,93846.47,5819.83,5340176.87,3796409.5,1543767.37,28.91,32332.72,47.518,0,2,1,Documentation,Open,1,Gas/Explosion,Minor,2.1,1,0,1,Pending
MINE-005,Madhya Coal Mine 5,Central,Madhya Pradesh,Open Cast,Coal,2018,8,2018-08-01,15571.81,6162270.35,5515109.96,1067,216445.5,0.0719,13794.46,2435.67,379277.77,320571.64,58706.13,15.48,5963.99,7.884,0,1,0,,,1,Machinery,Minor,1.7,0,0,0,Completed
MINE-022,West Copper Mine 22,Eastern,West Bengal,Open Cast,Copper Ore,2018,4,2018-04-01,61676.24,11657228.78,10213212.75,1815,361697.2,0.1705,73229.3,7396.43,4561837.16,3020767.71,1541069.45,33.78,14887.46,36.563,0,1,1,Documentation,Open,0,,,1.75,1,0,1,Pending
MINE-027,Gujarat Iron Mine 27,Western,Gujarat,Open Cast,Iron Ore,2017,7,2017-07-01,18534.26,6248149.8,5870760.37,753,160747.8,0.1153,18476.83,6111.74,1132765.41,636692.45,496072.96,43.79,6128.81,9.614,0,0,0,,,0,,,0.1,0,0,0,Completed
MINE-002,West Iron Mine 2,Eastern,West Bengal,Open Cast,Iron Ore,2020,2,2020-02-01,66663.87,31788526.71,27934190.22,2069,416560.8,0.16,64124.88,5740.22,3826656.03,2884704.41,941951.62,24.62,15512.05,27.747,0,0,0,,,0,,,1.05,0,0,0,Completed
MINE-025,Madhya Limestone Mine 25,Central,Madhya Pradesh,Open Cast,Limestone,2020,10,2020-10-01,8024.36,5333812.33,4669502.52,1119,206396.5,0.0389,6736.17,813.07,65243.31,56867.63,8375.68,12.84,2576.12,7.387,0,3,1,Environmental,Under Review,2,Slip/Fall,Minor,1.92,1,0,1,Pending
MINE-006,Maharashtra Limestone Mine 6,Western,Maharashtra,Open Cast,Limestone,2020,12,2020-12-01,28752.94,4919591.78,3795355.59,818,173166.7,0.166,23561.46,1272.42,365857.19,279225.57,86631.62,23.68,11481.83,17.547,0,2,1,Environmental,Open,0,,,1.52,1,0,1,Overdue
MINE-013,Odisha Coal Mine 13,Eastern,Odisha,Open Cast,Coal,2024,1,2024-01-01,69051.96,11260157.97,6753236.4,687,151018.1,0.4572,70854.4,2754.43,1901988.9,1458276.57,443712.33,23.33,15506.43,34.037,0,2,0,,,1,Slip/Fall,Moderate,2.86,0,0,0,Completed
MINE-026,Maharashtra Copper Mine 26,Western,Maharashtra,Underground,Copper Ore,2023,9,2023-09-01,22539.28,3439638.4,1604020.21,511,92892.4,0.2426,34787.14,6152.32,1386688.69,881134.03,505554.66,36.46,5043.19,14.801,0,2,0,,,3,Fall of Roof/Rock,Minor,1.78,2,1,1,In Progress
MINE-026,Maharashtra Copper Mine 26,Western,Maharashtra,Underground,Copper Ore,2021,2,2021-02-01,21651.08,3439638.4,2335721.93,514,105050.2,0.2061,25885.6,7120.75,1541719.27,1212489.76,329229.51,21.35,11007.25,18.403,0,2,0,,,1,Electrical,Minor,1.75,0,0,0,Completed
MINE-019,Andhra Coal Mine 19,Southern,Andhra Pradesh,Open Cast,Coal,2023,1,2023-01-01,39583.09,6903354.37,4453904.66,130,26192.2,1.5113,35993.74,2196.38,869396.67,636780.28,232616.39,26.76,12472.87,19.133,0,2,0,,,2,Fall of Roof/Rock,Minor,2.24,0,0,0,Completed
MINE-023,Odisha Copper Mine 23,Eastern,Odisha,OPEN CAST,Copper Ore,2018,8,2018-08-01,60772.58,20545143.55,18752682.88,1598,336332.7,0.1807,77330.12,7874.76,4785692.66,2861974.27,1923718.39,40.2,16427.91,34.137,0,2,0,,,0,,,1.52,0,0,0,Completed
MINE-006,Maharashtra Limestone Mine 6,Western,Maharashtra,Open Cast,Limestone,2018,9,2018-09-01,17342.18,4919591.78,4414242.46,705,135138.0,0.1283,16795.11,1045.57,181325.4,145698.94,35626.46,19.65,7133.33,14.043,0,2,2,Operational,Under Review,0,,,2.14,2,1,1,Completed
MINE-014,Chhattisgarh Bauxite Mine 14,Central,Chhattisgarh,Underground,Bauxite,2021,5,2021-05-01,8448.18,3172486.06,2516955.1,793,160260.3,0.0527,12563.83,2658.66,224608.34,149054.22,75554.12,33.64,2530.94,6.076,0,1,0,,,1,Gas/Explosion,Minor,0.44,0,0,0,Completed
MINE-020,Uttar Iron Mine 20,Northern,Uttar Pradesh,Open Cast,Iron Ore,2023,3,2023-03-01,20760.28,4723977.98,3091491.43,461,94482.1,0.2197,23904.24,5051.46,1048696.54,795432.93,253263.61,24.15,7892.08,15.555,0,1,0,,,0,,,0.97,0,0,0,Completed
MINE-009,Andhra Iron Mine 9,Southern,Andhra Pradesh,Underground,Iron Ore,2018,2,2018-02-01,32792.6,7961285.52,7076011.03,1091,235762.1,0.1391,35511.85,5715.82,1874365.79,1491371.92,382993.87,20.43,17887.26,25.706,0,1,0,,,1,Gas/Explosion,Minor,2.73,0,0,0,Completed
MINE-027,Gujarat Iron Mine 27,Western,Gujarat,Open Cast,Iron Ore,2021,8,2021-08-01,7323.4,6248149.8,5274844.97,704,150859.3,0.0485,8384.46,5423.26,397166.76,237071.44,160095.32,40.31,2765.0,11.498,0,1,1,documentation,Under Review,1,Fall of Roof/Rock,Minor,1.41,1,0,1,Completed
MINE-030,Uttar Iron Mine 30,Northern,Uttar Pradesh,Mixed,Iron Ore,2023,7,2023-07-01,21704.42,9769224.08,7340808.15,743,147792.0,0.1469,22353.76,5004.56,1086209.77,765605.62,320604.16,29.52,7166.28,11.434,0,2,1,Documentation,Open,0,,,0.43,1,0,1,Overdue
MINE-022,West Copper Mine 22,Eastern,West Bengal,Open Cast,Copper Ore,2024,3,2024-03-01,177628.19,11657228.78,2112890.99,2820,532318.9,0.3337,163754.06,10478.1,18612055.94,13231614.04,5380441.91,28.91,79628.42,95.626,0,2,1,Operational,Open,0,,,1.7,1,0,1,Pending
MINE-023,Odisha Copper Mine 23,Eastern,Odisha,Open Cast,Copper Ore,2021,5,2021-05-01,75233.5,20545143.55,16349553.11,1611,317249.6,0.2371,85679.12,5487.93,4128760.44,3122735.27,1006025.17,24.37,11320.97,33.229,0,0,1,Documentation,Open,1,Gas/Explosion,Moderate,2.03,1,0,1,Pending
MINE-002,West Iron Mine 2,Eastern,West Bengal,OPEN CAST,Iron Ore,2021,8,2021-08-01,53916.11,31788526.71,26740734.0,1939,395754.3,0.1362,61856.14,6507.56,3508625.67,2117746.16,1390879.52,39.64,23684.53,35.374,0,1,1,Environmental,Closed,1,Fire,Moderate,1.17,1,0,1,In Progress
MINE-023,Odisha Copper Mine 23,Eastern,Odisha,Open Cast,Copper Ore,2022,11,2022-11-01,104660.68,20545143.55,14759507.22,1858,364098.2,0.2875,90629.07,5235.2,5479196.73,4000799.16,1478397.56,26.98,44933.44,52.277,0,1,0,,,1,Slip/Fall,Minor,0.84,0,0,0,Completed
MINE-028,Telangana Coal Mine 28,Southern,Telangana,Open Cast,Coal,2022,5,2022-05-01,12517.68,10510635.28,8826178.69,959,205939.0,0.0608,15352.88,2110.5,264185.49,185161.93,79023.56,29.91,3535.4,8.93,0,1,0,,,1,Electrical,Minor,2.08,0,0,0,Completed
MINE-029,Andhra Copper Mine 29,Southern,Andhra Pradesh,Open Cast,Copper Ore,2019,10,2019-10-01,37878.52,11305197.36,9746628.63,272,51916.2,0.7296,39362.57,7927.5,3002819.02,1945174.86,1057644.16,35.22,6344.82,22.024,0,4,0,,,0,,,1.34,0,0,0,Completed
MINE-018,Telangana Iron Mine 18,Southern,Telangana,Mixed,Iron Ore,2016,2,2016-02-01,13192.19,4638464.7,4610929.16,970,176916.9,0.0746,14452.72,5176.82,682936.46,571916.48,111019.98,16.26,2707.8,5.71,0,3,0,,,0,,,0.83,1,0,1,In Progress
MINE-021,Jharkhand Limestone Mine 21,Eastern,Jharkhand,Open Cast,Limestone,2022,9,2022-09-01,3410.76,1715441.24,1378170.73,347,68949.7,0.0495,4016.04,733.37,25013.6,24176.86,836.75,3.35,696.08,5.614,0,1,2,Documentation,Under Review,1,Machinery,Moderate,1.15,2,1,1,Overdue
MINE-026,Maharashtra Copper Mine 26,Western,Maharashtra,underground,Copper Ore,2020,3,2020-03-01,20395.63,3439638.4,2556913.95,503,106854.0,0.1909,32325.28,7523.16,1534396.75,952312.05,582084.7,37.94,4244.9,19.194,0,0,0,,,1,Fall of Roof/Rock,Minor,1.79,1,0,1,In Progress
MINE-022,West Copper Mine 22,Eastern,West Bengal,Open Cast,Copper Ore,2017,3,2017-03-01,48032.93,11657228.78,10953663.26,1772,346943.6,0.1384,55412.77,7369.35,3539712.86,2470384.78,1069328.08,30.21,14834.51,27.037,0,0,0,,,0,,,2.03,0,0,0,Completed
MINE-017,Gujarat Iron Mine 17,Western,Gujarat,Open Cast,Iron Ore,2016,11,2016-11-01,38329.62,13268212.21,12856930.05,429,79311.0,0.4833,43016.97,4631.04,1775058.11,1270754.84,504303.27,28.41,12624.56,24.598,0,1,0,,,0,,,0.3,0,0,0,Completed
MINE-017,Gujarat Iron Mine 17,Western,Gujarat,Open Cast,Iron Ore,2023,3,2023-03-01,27128.38,13268212.21,10456913.86,411,74433.5,0.3645,31571.74,5306.6,1439593.78,1141418.43,298175.36,20.71,10439.36,18.835,0,1,0,,,0,,,0.69,0,0,0,Completed
MINE-023,Odisha Copper Mine 23,Eastern,Odisha,Open Cast,Copper Ore,2018,5,2018-05-01,67164.64,20545143.55,18931821.35,1607,310985.3,0.216,76346.45,8008.98,5379203.37,4089595.14,1289608.23,23.97,27514.67,37.229,0,1,2,Operational,Open,0,,,1.07,2,1,1,Completed
MINE-026,Maharashtra Copper Mine 26,Western,Maharashtra,Underground,Copper Ore,2017,11,2017-11-01,17723.78,3439638.4,3074890.66,489,93052.1,0.1905,27564.1,7257.72,1286342.77,1024247.33,262095.44,20.38,3620.11,12.478,0,2,0,,,0,,,0.0,0,0,0,Completed
MINE-006,Maharashtra Limestone Mine 6,Western,Maharashtra,Open Cast,Limestone,2021,12,2021-12-01,34249.61,4919591.78,3433236.54,945,184851.8,0.1853,34031.98,1167.2,399760.65,335266.61,64494.04,16.13,6638.62,16.92,0,2,1,Emergency Preparedness,Open,0,,,0.34,1,0,1,Completed
MINE-020,Uttar Iron Mine 20,Northern,Uttar Pradesh,Open Cast,Iron Ore,2017,1,2017-01-01,19234.48,4723977.98,4505285.18,450,85609.8,0.2247,22945.2,5218.99,1003846.0,854714.08,149131.92,14.86,7459.77,13.379,0,3,0,,,2,Fire,Serious,3.26,0,0,0,Completed
MINE-018,Telangana Iron Mine 18,Southern,Telangana,Mixed,Iron Ore,2021,9,2021-09-01,9592.6,4638464.7,3836419.22,912,177556.4,0.054,10853.46,3652.83,350401.21,308269.39,42131.82,12.02,2981.94,7.097,0,2,0,,,1,Gas/Explosion,Minor,0.7,0,0,0,Completed
MINE-022,West Copper Mine 22,Eastern,West Bengal,Open Cast,Copper Ore,2023,2,2023-02-01,157120.76,11657228.78,4274210.17,2680,487549.3,0.3223,127467.98,10282.46,16155878.57,9925324.27,6230554.3,38.57,57666.67,71.008,0,1,1,Safety,Closed,1,Fall of Roof/Rock,Minor,2.83,2,0,2,Completed
MINE-003,Odisha Coal Mine 3,Eastern,Odisha,Underground,Coal,2024,4,2024-04-01,403679.04,24608205.58,5464534.81,1998,437428.7,0.9228,627751.98,2774.84,11201454.11,6868049.22,4333404.89,38.69,224917.42,303.115,0,3,1,Environmental,Under Review,0,,,2.74,1,0,1,In Progress
MINE-015,Madhya Iron Mine 15,Central,Madhya Pradesh,Open Cast,Iron Ore,2023,6,2023-06-01,112572.73,14086398.07,8069436.69,1093,209224.2,0.538,141001.28,6226.33,7009145.59,5511661.39,1497484.19,21.36,46570.77,72.551,0,0,0,,,1,Electrical,Minor,2.09,0,0,0,Completed
MINE-016,Maharashtra Iron Mine 16,Western,Maharashtra,UNDERGROUND,Iron Ore,2018,1,2018-01-01,14965.07,3852023.09,3470780.71,460,100602.2,0.1488,23053.93,5973.41,893924.58,763628.3,130296.28,14.58,7187.61,15.952,0,2,0,,,0,,,2.29,0,0,0,Completed
MINE-020,Uttar Iron Mine 20,Northern,Uttar Pradesh,Open Cast,Iron Ore,2023,12,2023-12-01,24278.5,4723977.98,2891087.24,481,103004.7,0.2357,21229.36,5053.45,1226901.86,910508.22,316393.64,25.79,7356.78,14.6,0,1,1,Emergency Preparedness,Under Review,0,,,2.46,1,0,1,In Progress
MINE-014,Chhattisgarh Bauxite Mine 14,Central,Chhattisgarh,Underground,Bauxite,2024,12,2024-12-01,5940.88,3172486.06,2223514.72,758,160494.6,0.037,7821.36,2613.18,155245.6,95605.05,59640.55,38.42,2361.0,8.533,0,1,0,,,0,,,1.99,1,0,1,Pending
MINE-016,Maharashtra Iron Mine 16,Western,Maharashtra,Underground,Iron Ore,2018,10,2018-10-01,14197.29,3852023.09,3345172.65,474,94242.2,0.1506,22806.95,5920.74,840583.95,549959.49,290624.46,34.57,7452.64,14.416,0,1,0,,,1,Haulage/Transport,Minor,0.69,0,0,0,Completed
MINE-006,Maharashtra Limestone Mine 6,Western,Maharashtra,Open Cast,Limestone,2019,3,2019-03-01,19936.62,4919591.78,4293667.05,685,137914.6,0.1446,19875.61,1050.74,209481.12,155626.63,53854.49,25.71,6656.53,16.376,0,1,0,,,1,Electrical,Fatal,1.86,0,0,0,Completed
MINE-016,Maharashtra Iron Mine 16,Western,Maharashtra,Underground,Iron Ore,2019,1,2019-01-01,12972.63,3852023.09,3301595.45,463,101014.5,0.1284,15522.6,6245.59,810217.41,468023.08,342194.33,42.23,7814.18,8.88,0,0,0,,,0,,,1.36,1,0,1,Completed
MINE-006,Maharashtra Limestone Mine 6,Western,Maharashtra,Open Cast,Limestone,2021,11,2021-11-01,31543.9,4919591.78,3467486.15,812,160122.7,0.197,40849.48,1190.7,375593.33,262420.07,113173.26,30.13,13027.9,21.358,0,4,0,,,0,,,1.25,0,0,0,Completed
MINE-018,Telangana Iron Mine 18,Southern,Telangana,Mixed,Iron Ore,2022,8,2022-08-01,8459.4,4638464.7,3734507.73,912,165146.5,0.0512,10585.31,4331.12,366387.03,256633.06,109753.98,29.96,1790.62,5.505,0,2,0,,,0,,,1.53,0,0,0,Completed
MINE-024,Chhattisgarh Bauxite Mine 24,Central,Chhattisgarh,Underground,Bauxite,2024,1,2024-01-01,92583.96,8763956.29,4151548.64,1519,333633.7,0.2775,160456.65,1426.31,1320533.67,966284.41,354249.27,26.83,43764.9,71.213,0,2,0,,,0,,,2.31,0,0,0,Completed
MINE-009,Andhra Iron Mine 9,Southern,Andhra Pradesh,Underground,Iron Ore,2016,8,2016-08-01,31638.37,7961285.52,7689971.95,1133,216984.5,0.1458,44456.58,5167.92,1635044.51,1321873.05,313171.46,19.15,11574.93,22.715,0,1,1,environmental,Under Review,0,,,1.04,1,0,1,Pending
MINE-003,Odisha Coal Mine 3,Eastern,Odisha,Underground,Coal,2022,9,2022-09-01,293846.57,24608205.58,12373416.09,1791,346490.0,0.8481,449670.17,3044.72,8946810.02,5054485.46,3892324.56,43.51,172565.5,225.05,0,0,0,,,2,Fire,Minor,2.84,1,0,1,Completed
MINE-008,Telangana Iron Mine 8,Southern,Telangana,Open Cast,Iron Ore,2020,7,2020-07-01,15509.93,4242653.83,3500118.59,756,164924.2,0.094,13189.37,7373.61,1143642.27,853100.62,290541.65,25.4,5502.32,12.911,0,1,0,,,0,,,1.23,0,0,0,Completed
MINE-027,Gujarat Iron Mine 27,Western,Gujarat,Open Cast,Iron Ore,2019,11,2019-11-01,11434.99,6248149.8,5482651.24,703,150911.0,0.0758,14157.7,6307.78,721294.46,490968.15,230326.31,31.93,2659.62,10.869,0,1,0,,,0,,,2.05,0,0,0,Completed
MINE-024,Chhattisgarh Bauxite Mine 24,Central,Chhattisgarh,Underground,Bauxite,2018,9,2018-09-01,33591.79,8763956.29,7832729.25,1014,184230.5,0.1823,40967.7,1845.55,619953.18,387399.09,232554.09,37.51,10802.66,23.746,0,3,2,Safety,Open,0,,,2.11,4,2,2,In Progress
MINE-003,Odisha Coal Mine 3,Eastern,Odisha,Underground,Coal,2020,3,2020-03-01,192506.76,24608205.58,19092977.2,1468,302420.5,0.6366,296500.41,2672.2,5144164.16,3956834.63,1187329.52,23.08,103618.78,142.512,0,2,0,,,0,,,0.48,0,0,0,Completed
MINE-014,Chhattisgarh Bauxite Mine 14,Central,Chhattisgarh,Underground,Bauxite,2019,2,2019-02-01,8978.34,3172486.06,2750243.78,792,155348.8,0.0578,11634.93,2712.25,243514.81,196153.5,47361.3,19.45,4589.82,6.537,0,0,0,,,0,,,0.57,1,0,1,Completed
MINE-002,West Iron Mine 2,Eastern,West Bengal,Open Cast,Iron Ore,2023,5,2023-05-01,55361.81,31788526.71,25444932.84,2031,385157.0,0.1437,59192.66,5823.55,3224022.32,2270685.96,953336.35,29.57,10987.86,28.15,0,1,1,Operational,Closed,0,,,0.93,1,0,1,In Progress
MINE-004,Chhattisgarh Coal Mine 4,Central,Chhattisgarh,Underground,Coal,2022,7,2022-07-01,6216.39,3455223.81,2724774.44,1354,253451.6,0.0245,9855.35,2249.09,139812.1,117302.51,22509.59,16.1,1913.3,10.632,0,2,0,,,2,Electrical,Minor,1.63,0,0,0,Completed
MINE-005,Madhya Coal Mine 5,Central,Madhya Pradesh,Open Cast,Coal,2022,8,2022-08-01,10032.22,6162270.35,4851443.95,1068,206664.6,0.0485,9598.95,2586.16,259449.18,157835.69,101613.49,39.17,1617.74,11.134,0,3,1,Safety,Under Review,0,,,1.24,2,1,1,Completed
MINE-030,Uttar Iron Mine 30,Northern,Uttar Pradesh,Mixed,Iron Ore,2017,7,2017-07-01,28418.08,9769224.08,9234202.28,792,159615.2,0.178,28650.47,5360.18,1523259.46,955080.41,568179.05,37.3,10165.94,17.797,0,3,1,Environmental,Under Review,0,,,0.51,1,0,1,Pending
MINE-001,Jharkhand Coal Mine 1,Eastern,Jharkhand,Underground,Coal,2023,5,2023-05-01,217783.66,15973322.74,4795475.2,3183,592380.5,0.3676,336276.57,2400.88,5228723.84,3353932.61,1874791.23,35.86,83005.27,145.7,0,1,0,,,1,Fire,Moderate,0.67,0,0,0,Completed
MINE-003,Odisha Coal Mine 3,Eastern,Odisha,Underground,Coal,2021,3,2021-03-01,212435.56,24608205.58,16778631.47,1516,309603.1,0.6862,239287.06,2674.88,5682390.53,3675734.09,2006656.44,35.31,95893.07,119.816,0,3,0,,,0,,,1.05,0,0,0,Completed
MINE-012,West Iron Mine 12,Eastern,West Bengal,Open Cast,Iron Ore,2016,3,2016-03-01,54361.94,17808314.68,17637795.36,866,158687.6,0.3426,45044.05,5052.02,2746374.85,1816361.34,930013.52,33.86,13534.16,21.403,0,2,0,,,0,,,2.4,0,0,0,Completed
MINE-010,Uttar Coal Mine 10,Northern,Uttar Pradesh,Mixed,Coal,2021,5,2021-05-01,41066.47,3804225.22,2236495.68,890,189306.8,0.2169,39399.72,3407.89,1399499.38,1046243.63,353255.75,25.24,7768.86,23.093,0,1,1,Safety,Under Review,1,Electrical,Moderate,1.52,2,0,2,Completed
MINE-019,Andhra Coal Mine 19,Southern,Andhra Pradesh,Open Cast,Coal,2024,5,2024-05-01,45492.47,6903354.37,3820206.86,151,30363.9,1.4982,50873.16,2211.16,1005912.52,583524.35,422388.17,41.99,14943.31,26.037,0,2,1,Operational,Open,0,,,1.93,1,0,1,In Progress
MINE-023,Odisha Copper Mine 23,Eastern,Odisha,Open Cast,Copper Ore,2022,12,2022-12-01,110209.88,20545143.55,14649297.33,1771,371480.3,0.2967,131876.07,5280.33,5819449.9,4239207.23,1580242.66,27.15,18150.09,53.715,0,1,0,,,1,Machinery,Minor,1.75,1,0,1,Overdue
MINE-008,Telangana Iron Mine 8,Southern,Telangana,Open Cast,Iron Ore,2022,4,2022-04-01,16799.48,4242653.83,3154116.35,775,170011.1,0.0988,20225.0,7557.82,1269674.32,887816.76,381857.57,30.08,5927.02,12.736,0,1,0,,,0,,,0.71,0,0,0,Completed
MINE-007,Gujarat Coal Mine 7,Western,Gujarat,Underground,Coal,2019,8,2019-08-01,9904.4,4595599.71,4089536.74,1450,306455.9,0.0323,15096.43,2569.05,254449.07,161433.88,93015.19,36.56,4583.27,7.82,0,2,1,Equipment,Closed,1,Slip/Fall,Minor,1.2,1,0,1,Pending
MINE-015,Madhya Iron Mine 15,Central,Madhya Pradesh,Open Cast,Iron Ore,2020,8,2020-08-01,68960.17,14086398.07,11144739.43,966,186135.1,0.3705,58114.72,6180.29,4261939.6,3334920.11,927019.48,21.75,30559.31,39.563,0,4,0,,,0,,,2.03,0,0,0,Completed
MINE-021,Jharkhand Limestone Mine 21,Eastern,Jharkhand,Open Cast,Limestone,2020,5,2020-05-01,4185.62,1715441.24,1481393.79,337,65950.8,0.0635,3542.96,717.75,30042.2,20125.61,9916.59,33.01,1197.77,9.558,0,1,0,,,0,,,0.07,0,0,0,Completed
MINE-003,Odisha Coal Mine 3,Eastern,Odisha,Underground,Coal,2018,8,2018-08-01,104456.74,24608205.58,21829009.01,1243,224082.0,0.4662,173094.0,2738.6,2860656.23,1893455.1,967201.13,33.81,30609.52,68.58,0,1,0,,,2,Slip/Fall,Minor,2.74,0,0,0,Completed
MINE-004,Chhattisgarh Coal Mine 4,Central,Chhattisgarh,Underground,Coal,2023,1,2023-01-01,6124.92,3455223.81,2688021.73,1335,277578.4,0.0221,7288.18,2276.63,139442.07,116954.12,22487.95,16.13,1758.29,10.457,0,2,1,Documentation,Closed,1,Gas/Explosion,Serious,3.19,1,0,1,Pending
MINE-018,Telangana Iron Mine 18,Southern,Telangana,Mixed,Iron Ore,2020,2,2020-02-01,10582.16,4638464.7,4028469.99,900,193831.3,0.0546,14284.49,3974.42,420579.78,268953.47,151626.31,36.05,3135.13,6.111,0,0,0,,,1,Machinery,Moderate,0.53,0,0,0,Completed
MINE-004,Chhattisgarh Coal Mine 4,Central,Chhattisgarh,Underground,Coal,2019,9,2019-09-01,8340.16,3455223.81,2971770.07,1321,268195.0,0.0311,12324.1,2524.95,210584.72,181535.46,29049.26,13.79,2010.3,9.462,0,2,1,Safety,Open,0,,,0.79,1,0,1,Completed
MINE-001,Jharkhand Coal Mine 1,Eastern,Jharkhand,Underground,Coal,2018,2,2018-02-01,91843.21,15973322.74,13965312.44,2486,452309.7,0.2031,127755.69,2624.96,2410849.54,1455496.25,955353.3,39.63,23739.01,57.547,0,0,0,,,0,,,0.28,0,0,0,Completed
MINE-025,Madhya Limestone Mine 25,Central,Madhya Pradesh,Open Cast,Limestone,2019,4,2019-04-01,11193.36,5333812.33,4837868.05,1240,230813.9,0.0485,12706.86,867.06,97053.0,75900.46,21152.54,21.79,5031.11,7.676,0,1,0,,,1,Slip/Fall,Minor,2.54,0,0,0,Completed
MINE-029,Andhra Copper Mine 29,Southern,Andhra Pradesh,Open Cast,Copper Ore,2018,5,2018-05-01,35648.4,11305197.36,10352255.19,269,57063.1,0.6247,37678.0,8071.49,2877355.87,2382948.01,494407.86,17.18,8351.62,16.087,0,0,0,,,0,,,0.91,0,0,0,Completed
MINE-020,Uttar Iron Mine 20,Northern,Uttar Pradesh,Open Cast,Iron Ore,2017,10,2017-10-01,16984.09,4723977.98,4348972.79,397,79054.9,0.2148,18400.43,5234.34,889004.44,561257.28,327747.16,36.87,4184.03,9.319,0,2,2,Environmental,Closed,2,Machinery,Moderate,1.81,2,1,1,Pending
MINE-006,Maharashtra Limestone Mine 6,Western,Maharashtra,Open Cast,Limestone,2023,8,2023-08-01,34622.16,4919591.78,2718328.78,874,,0.2163,42291.46,1077.3,372983.66,245075.33,127908.33,34.29,7761.26,18.272,0,1,0,,,0,,,1.49,0,0,0,Completed
MINE-004,Chhattisgarh Coal Mine 4,Central,Chhattisgarh,Underground,Coal,2023,3,2023-03-01,5752.28,3455223.81,2676394.79,1335,290477.5,0.0198,8798.09,2213.16,127307.15,118193.26,9113.88,7.16,2868.32,6.868,0,1,1,Environmental,Under Review,1,Machinery,Moderate,3.01,1,0,1,Completed
MINE-029,Andhra Copper Mine 29,Southern,Andhra Pradesh,Open Cast,Copper Ore,2017,3,2017-03-01,31959.99,11305197.36,10819134.74,273,57348.0,0.5573,34652.23,7843.9,2506908.67,1609739.76,897168.91,35.79,9779.8,15.996,0,2,0,,,1,Haulage/Transport,Minor,0.56,0,0,0,Completed
MINE-026,Maharashtra Copper Mine 26,Western,Maharashtra,Underground,Copper Ore,2021,11,2021-11-01,23770.48,3439638.4,2135781.34,497,103335.1,0.23,29174.86,7103.83,1688615.51,1353329.63,335285.88,19.86,6566.02,12.547,0,2,0,,,0,,,0.45,0,0,0,Completed
MINE-025,Madhya Limestone Mine 25,Central,Madhya Pradesh,Open Cast,Limestone,2022,9,2022-09-01,6482.28,5333812.33,4490269.18,1113,201966.6,0.0321,7935.9,741.12,48041.41,48349.71,-308.3,-0.64,2481.7,10.405,0,2,0,,,1,Fire,Moderate,1.17,0,0,0,Completed
MINE-010,Uttar Coal Mine 10,Northern,Uttar Pradesh,Mixed,Coal,2024,6,2024-06-01,86361.15,3804225.22,92063.91,1355,261406.3,0.3304,97566.88,3648.55,3150928.02,2309073.53,841854.49,26.72,16197.46,44.217,0,2,0,,,1,Gas/Explosion,Minor,1.66,0,0,0,Completed
MINE-008,Telangana Iron Mine 8,Southern,Telangana,Open Cast,Iron Ore,2021,3,2021-03-01,15769.66,4242653.83,3372571.35,714,155972.7,0.1011,16487.67,7474.55,1178711.19,753757.81,424953.38,36.05,5364.87,11.346,0,2,0,,,2,Gas/Explosion,Serious,3.04,0,0,0,Completed
MINE-007,Gujarat Coal Mine 7,Western,Gujarat,Underground,Coal,2020,5,2020-05-01,12562.56,4595599.71,3986994.14,1595,316203.4,0.0397,17973.37,2859.89,359274.9,251376.58,107898.31,30.03,5707.5,13.543,0,1,0,,,1,Haulage/Transport,Minor,2.59,0,0,0,Completed
MINE-017,Gujarat Iron Mine 17,Western,Gujarat,Open Cast,Iron Ore,2017,9,2017-09-01,33097.79,13268212.21,12506269.42,450,87237.7,0.3794,37543.16,5102.87,1688938.0,1266187.24,422750.77,25.03,6534.0,15.894,0,2,1,Environmental,Open,0,,,1.25,1,0,1,Pending
MINE-018,Telangana Iron Mine 18,Southern,Telangana,Mixed,Iron Ore,2018,5,2018-05-01,13518.6,4638464.7,4262664.26,938,190846.4,0.0708,15295.72,4427.52,598539.4,506808.08,91731.32,15.33,6398.53,15.058,0,0,0,,,0,,,2.12,0,0,0,Completed
MINE-010,Uttar Coal Mine 10,Northern,Uttar Pradesh,Mixed,Coal,2021,3,2021-03-01,39033.14,3804225.22,2318996.98,882,175535.5,0.2224,51338.09,3184.7,1243088.59,700282.96,542805.62,43.67,11688.37,24.072,0,2,0,,,0,,,1.04,0,0,0,Completed
MINE-023,Odisha Copper Mine 23,Eastern,Odisha,Open Cast,Copper Ore,2024,9,2024-09-01,106238.2,20545143.55,12444089.34,1788,376666.3,0.282,93552.66,6200.01,6586780.35,5365247.49,1221532.85,18.55,36195.62,46.747,0,1,1,Safety,Closed,0,,,0.83,2,1,1,Completed
MINE-022,West Copper Mine 22,Eastern,West Bengal,Open Cast,Copper Ore,2019,9,2019-09-01,69713.4,11657228.78,8989992.72,1932,355238.6,0.1962,86451.58,7798.24,5436415.53,3020115.59,2416299.94,44.45,18029.4,42.194,0,0,0,,,0,,,0.56,0,0,0,Completed
MINE-008,Telangana Iron Mine 8,Southern,Telangana,Open Cast,Iron Ore,2019,3,2019-03-01,15032.34,4242653.83,3740074.28,694,130863.3,0.1149,17243.91,7017.84,1054946.04,842320.35,212625.69,20.16,2709.69,8.823,0,0,1,equipment,Open,1,Gas/Explosion,Minor,0.79,1,0,1,In Progress
MINE-001,Jharkhand Coal Mine 1,Eastern,Jharkhand,Underground,Coal,2021,8,2021-08-01,145523.38,15973322.74,8767917.73,2732,582912.7,0.2496,224091.08,2690.58,3915418.67,2396967.17,1518451.49,38.78,45069.79,97.069,0,0,0,,,1,Fire,Minor,2.81,0,0,0,Completed
MINE-010,Uttar Coal Mine 10,Northern,Uttar Pradesh,Mixed,Coal,2022,5,2022-05-01,59047.58,3804225.22,1690702.74,1073,235918.0,0.2503,54666.2,3302.61,1950110.11,1156674.5,793435.61,40.69,15204.61,28.853,0,0,0,,,0,,,2.29,0,0,0,Completed
MINE-025,Madhya Limestone Mine 25,Central,Madhya Pradesh,Open Cast,Limestone,2017,7,2017-07-01,11415.62,5333812.33,5077312.85,1171,255002.8,0.0448,9739.44,892.82,101920.74,91435.94,10484.8,10.29,4676.01,8.574,0,2,0,,,1,Electrical,Moderate,0.41,0,0,0,Completed
MINE-013,Odisha Coal Mine 13,Eastern,Odisha,Open Cast,Coal,2019,3,2019-03-01,40581.67,11260157.97,9953059.75,613,120640.7,0.3364,47539.46,2626.62,1065924.8,722964.11,342960.69,32.17,14139.85,22.365,0,0,0,,,0,,,0.32,0,0,0,Completed
MINE-018,Telangana Iron Mine 18,Southern,Telangana,Mixed,Iron Ore,2016,5,2016-05-01,14817.77,4638464.7,4570479.7,977,178235.3,0.0831,18557.27,5052.37,748647.99,439548.72,309099.28,41.29,4226.87,12.28,0,1,0,,,0,,,0.16,0,0,0,Completed
MINE-019,Andhra Coal Mine 19,Southern,Andhra Pradesh,Open Cast,Coal,2016,6,2016-06-01,22630.56,6903354.37,6772130.26,122,26661.1,0.8488,21617.06,2530.75,572723.54,351152.58,221570.97,38.69,8758.38,14.379,0,1,0,,,0,,,1.11,0,0,0,Completed
MINE-001,Jharkhand Coal Mine 1,Eastern,Jharkhand,Underground,Coal,2018,8,2018-08-01,99133.96,15973322.74,13369002.12,2611,472396.8,0.2099,172589.91,2574.92,2552615.85,1991887.43,560728.42,21.97,35918.72,72.289,0,2,0,,,2,Haulage/Transport,Minor,1.13,0,0,0,Completed
MINE-025,Madhya Limestone Mine 25,Central,Madhya Pradesh,Open Cast,Limestone,2021,2,2021-02-01,9250.32,5333812.33,4633585.14,1169,238923.4,0.0387,8853.75,794.56,73499.12,54327.23,19171.9,26.08,4121.93,5.892,0,0,0,,,0,,,0.47,1,0,1,Overdue
MINE-008,Telangana Iron Mine 8,Southern,Telangana,Open Cast,Iron Ore,2016,9,2016-09-01,12099.0,4242653.83,4136844.04,729,134217.9,0.0901,11506.56,6000.64,726017.53,513499.61,212517.91,29.27,2949.61,12.555,0,1,0,,,0,,,2.04,0,0,0,Completed
MINE-006,Maharashtra Limestone Mine 6,Western,Maharashtra,Open Cast,Limestone,2021,3,2021-03-01,26348.43,4919591.78,3712534.57,778,144395.2,0.1825,29450.37,1290.5,340025.27,263724.14,76301.13,22.44,11849.31,17.633,0,2,0,,,0,,,0.46,0,0,0,Completed
MINE-022,West Copper Mine 22,Eastern,West Bengal,Open Cast,Copper Ore,2024,6,2024-06-01,210299.61,11657228.78,1516176.98,3205,644269.6,0.3264,202417.41,11431.57,24040538.99,13758226.79,10282312.2,42.77,74483.21,100.192,0,4,2,Documentation,Under Review,0,,,2.48,2,1,1,Overdue
MINE-012,West Iron Mine 12,Eastern,West Bengal,Open Cast,Iron Ore,2019,5,2019-05-01,92271.91,17808314.68,14872571.67,932,179358.7,0.5145,93846.22,5356.65,4942683.02,3324764.91,1617918.11,32.73,26740.99,47.26,0,1,0,,,3,Electrical,Minor,1.89,0,0,0,Completed
MINE-023,Odisha Copper Mine 23,Eastern,Odisha,Open Cast,Copper Ore,2017,3,2017-03-01,59338.1,20545143.55,19772985.66,1610,334227.5,0.1775,55212.55,7707.32,4573374.8,3347882.96,1225491.84,26.8,20807.28,30.483,0,2,0,,,1,Fall of Roof/Rock,Minor,2.2,0,0,0,Completed
MINE-006,Maharashtra Limestone Mine 6,Western,Maharashtra,Open Cast,Limestone,2018,5,2018-05-01,19686.41,4919591.78,4488341.08,761,147594.7,0.1334,15887.46,1079.58,212530.15,140646.38,71883.77,33.82,4930.87,11.326,0,1,0,,,1,Haulage/Transport,Serious,1.92,1,0,1,Overdue
MINE-001,Jharkhand Coal Mine 1,Eastern,Jharkhand,Underground,Coal,2020,11,2020-11-01,157312.66,15973322.74,10130808.23,2687,517049.1,0.3043,190005.43,2628.5,4134967.24,3493796.88,641170.36,15.51,87113.1,106.221,0,4,1,equipment,Closed,3,Fire,Minor,2.47,1,0,1,Completed
MINE-005,Madhya Coal Mine 5,Central,Madhya Pradesh,Open Cast,Coal,2016,12,2016-12-01,20472.29,6162270.35,5900010.21,1091,228989.0,0.0894,16449.44,2420.31,495492.02,350286.18,145205.85,29.31,7669.32,16.472,0,1,0,,,0,,,0.35,1,0,1,Overdue
MINE-029,Andhra Copper Mine 29,Southern,Andhra Pradesh,Open Cast,Copper Ore,2016,5,2016-05-01,30343.94,11305197.36,11144096.88,271,59266.9,0.512,31393.39,8109.98,2460886.42,1718997.72,741888.7,30.15,8305.08,20.576,0,0,0,,,0,,,0.74,0,0,0,Completed
MINE-004,Chhattisgarh Coal Mine 4,Central,Chhattisgarh,Underground,Coal,2024,4,2024-04-01,5178.68,3455223.81,2606836.5,1215,236472.2,0.0219,8975.45,2361.4,122289.49,89068.68,33220.81,27.17,2770.34,9.637,0,1,0,,,0,,,0.49,1,0,1,Overdue
MINE-004,Chhattisgarh Coal Mine 4,Central,Chhattisgarh,Underground,Coal,2017,8,2017-08-01,10384.16,3455223.81,3216793.43,1407,272049.1,0.0382,12399.72,2312.43,240126.24,212076.88,28049.36,11.68,6202.22,8.753,0,3,1,Documentation,Under Review,0,,,0.98,1,0,1,In Progress
MINE-006,Maharashtra Limestone Mine 6,Western,Maharashtra,Open Cast,Limestone,2020,11,2020-11-01,28360.58,4919591.78,3824108.53,775,149407.6,0.1898,25850.88,1288.4,365398.83,277700.98,87697.86,24.0,12352.65,21.895,0,3,0,,,1,Slip/Fall,Minor,1.92,0,0,0,Completed
MINE-016,Maharashtra Iron Mine 16,Western,Maharashtra,Underground,Iron Ore,2022,3,2022-03-01,11205.19,3852023.09,2808765.89,452,88184.6,0.1271,18590.81,7476.0,837699.22,532670.71,305028.51,36.41,2338.34,13.81,0,1,0,,,1,Machinery,Serious,1.45,0,0,0,Completed
MINE-002,West Iron Mine 2,Eastern,West Bengal,Open Cast,Iron Ore,2020,11,2020-11-01,64999.45,31788526.71,27330086.2,2002,360927.4,0.1801,71377.17,5906.32,3839072.71,2344433.39,1494639.32,38.93,16854.91,36.872,0,1,1,Equipment,Under Review,0,,,1.7,1,0,1,Overdue
MINE-002,West Iron Mine 2,Eastern,West Bengal,Open Cast,Iron Ore,2017,5,2017-05-01,76372.14,31788526.71,30381518.24,1938,396459.1,0.1926,78177.41,5382.53,4110755.98,2866251.13,1244504.85,30.27,22934.17,38.697,0,2,2,Safety,Open,0,,,2.45,2,1,1,In Progress
MINE-012,West Iron Mine 12,Eastern,West Bengal,Open Cast,Iron Ore,2024,9,2024-09-01,187673.62,17808314.68,6213955.09,1212,231791.6,0.8097,226340.48,5579.12,10470527.74,6237245.08,4233282.67,40.43,84120.46,110.378,0,0,1,Operational,Closed,0,,,2.66,1,0,1,In Progress
MINE-014,Chhattisgarh Bauxite Mine 14,Central,Chhattisgarh,Underground,Bauxite,2022,12,2022-12-01,7200.59,3172486.06,2375962.71,788,157285.6,0.0458,11854.03,2515.6,181138.34,117963.59,63174.75,34.88,2369.64,8.36,0,2,0,,,1,Fall of Roof/Rock,Serious,0.55,0,0,0,Completed
MINE-025,Madhya Limestone Mine 25,Central,Madhya Pradesh,Open Cast,Limestone,2024,2,2024-02-01,6344.66,5333812.33,4378236.53,1102,220223.1,0.0288,5198.18,671.77,42621.4,44229.31,-1607.9,-3.77,1132.92,3.117,0,1,0,,,1,Machinery,Minor,0.99,1,0,1,Pending
MINE-005,Madhya Coal Mine 5,Central,Madhya Pradesh,Open Cast,Coal,2020,6,2020-06-01,14394.59,6162270.35,5173797.38,1041,220837.0,0.0652,17221.33,2514.25,361915.76,310579.42,51336.34,14.18,2734.6,14.187,0,2,0,,,0,,,1.87,0,0,0,Completed
MINE-021,Jharkhand Limestone Mine 21,Eastern,Jharkhand,Open Cast,Limestone,2023,9,2023-09-01,3287.96,1715441.24,1337012.85,320,59091.0,0.0556,4269.87,686.73,22579.43,22938.86,-359.43,-1.59,600.55,7.837,0,1,0,,,3,Fall of Roof/Rock,Minor,1.73,0,0,0,Completed
MINE-007,Gujarat Coal Mine 7,Western,Gujarat,Underground,Coal,2017,11,2017-11-01,13095.75,4595599.71,4330323.23,1598,299461.2,0.0437,14980.39,2766.98,362357.15,297111.5,65245.66,18.01,7841.21,9.88,0,1,0,,,2,Haulage/Transport,Moderate,0.8,0,0,0,Completed
MINE-011,Jharkhand Coal Mine 11,Eastern,Jharkhand,Underground,Coal,2020,1,2020-01-01,49091.09,4815796.69,3141762.44,462,86728.0,0.566,63647.69,2582.7,1267876.45,772250.03,495626.42,39.09,20803.49,34.195,0,1,0,,,0,,,2.37,0,0,0,Completed
MINE-007,Gujarat Coal Mine 7,Western,Gujarat,UNDERGROUND,Coal,2016,7,2016-07-01,11369.75,4595599.71,4511984.71,1621,317499.3,0.0358,18417.9,2464.87,280249.34,225338.85,54910.49,19.59,2782.5,12.417,0,3,0,,,0,,,2.23,0,0,0,Completed
MINE-014,Chhattisgarh Bauxite Mine 14,Central,Chhattisgarh,Underground,Bauxite,2021,2,2021-02-01,8263.32,3172486.06,2540589.98,770,159271.2,0.0519,11545.34,2753.94,227566.61,171872.67,55693.94,24.47,4768.02,11.128,0,2,1,Environmental,Under Review,0,,,2.28,3,2,1,Pending
MINE-011,Jharkhand Coal Mine 11,Eastern,Jharkhand,Underground,Coal,2024,3,2024-03-01,133912.98,4815796.69,0.0,743,150130.8,0.892,226343.55,2536.2,3396297.69,2222447.03,1173850.66,34.56,33481.57,85.914,0,2,1,Safety,Open,0,,,1.61,1,0,1,In Progress
MINE-027,Gujarat Iron Mine 27,Western,Gujarat,Open Cast,Iron Ore,2018,3,2018-03-01,16009.09,6248149.8,5746125.46,754,143322.0,0.1117,19280.32,5706.88,913619.24,666225.77,247393.47,27.08,5788.6,11.035,0,0,0,,,0,,,0.56,0,0,0,Completed
MINE-028,Telangana Coal Mine 28,Southern,Telangana,Open Cast,Coal,2021,6,2021-06-01,16622.6,10510635.28,8970845.51,964,177494.6,0.0937,17071.66,2209.2,367227.38,240898.46,126328.92,34.4,6025.43,10.194,0,0,0,,,1,Haulage/Transport,Moderate,2.28,0,0,0,Completed
MINE-019,Andhra Coal Mine 19,Southern,Andhra Pradesh,Open Cast,Coal,2020,8,2020-08-01,29397.62,6903354.37,5460203.12,130,25390.2,1.1578,26639.22,2297.6,675439.89,424345.57,251094.32,37.17,9932.55,17.918,0,1,0,,,0,,,0.55,0,0,0,Completed
MINE-009,Andhra Iron Mine 9,Southern,Andhra Pradesh,Underground,Iron Ore,2017,6,2017-06-01,37912.96,7961285.52,7344836.39,1179,216086.4,0.1755,44521.06,5744.04,2177735.39,1743854.53,433880.85,19.92,21003.57,31.814,0,0,0,,,0,,,1.23,0,0,0,Completed
MINE-012,West Iron Mine 12,Eastern,West Bengal,Open Cast,Iron Ore,2021,6,2021-06-01,139915.8,17808314.68,12212964.15,1137,213304.8,0.6559,158321.88,5598.11,7832634.81,4608238.93,3224395.88,41.17,56684.95,79.893,0,1,2,Equipment,Closed,2,Slip/Fall,Moderate,2.43,2,1,1,Pending
MINE-012,West Iron Mine 12,Eastern,West Bengal,Open Cast,Iron Ore,2018,11,2018-11-01,87298.87,17808314.68,15403050.55,986,190583.4,0.4581,73440.96,5520.88,4819664.5,3663956.62,1155707.88,23.98,18073.23,38.385,0,3,0,,,0,,,2.01,0,0,0,Completed
MINE-012,West Iron Mine 12,Eastern,West Bengal,Open Cast,Iron Ore,2018,10,2018-10-01,83706.91,17808314.68,15490349.42,1039,189663.5,0.4413,77971.95,5475.92,4583726.44,2984861.9,1598864.54,34.88,32605.91,43.402,0,3,0,,,0,,,2.14,1,0,1,Overdue
MINE-022,West Copper Mine 22,Eastern,West Bengal,Open Cast,Copper Ore,2018,2,2018-02-01,59005.79,11657228.78,10333742.35,1909,363983.5,0.1621,68293.96,7470.21,4407858.23,2659255.47,1748602.76,39.67,11479.37,32.592,0,2,1,Safety,Closed,0,,,2.17,1,0,1,Completed
MINE-019,Andhra Coal Mine 19,Southern,Andhra Pradesh,Open Cast,Coal,2019,4,2019-04-01,26942.5,6903354.37,5927511.19,123,26324.4,1.0235,28360.16,2512.08,676816.83,431503.11,245313.72,36.25,11671.94,20.234,0,0,0,,,1,Slip/Fall,Fatal,0.74,0,0,0,Completed
MINE-002,West Iron Mine 2,Eastern,West Bengal,Open Cast,Iron Ore,2021,9,2021-09-01,64372.67,31788526.71,26676361.32,1945,354909.0,0.1814,77959.4,6285.77,4046320.57,3224947.19,821373.38,20.3,14997.0,31.128,0,1,0,,,1,Gas/Explosion,Minor,1.02,1,0,1,Overdue
MINE-005,Madhya Coal Mine 5,Central,Madhya Pradesh,Open Cast,Coal,2022,3,2022-03-01,10582.61,6162270.35,4906403.47,1035,188624.3,0.0561,10672.8,2460.39,260374.05,195177.73,65196.32,25.04,1727.35,6.787,0,1,0,,,1,Fire,Moderate,0.77,0,0,0,Completed
MINE-009,Andhra Iron Mine 9,Southern,Andhra Pradesh,Underground,Iron Ore,2021,9,2021-09-01,33057.18,7961285.52,5622028.91,1135,233196.9,0.1418,38821.33,5206.14,1721004.51,1246676.13,474328.38,27.56,17814.74,28.011,0,0,0,,,0,,,0.74,0,0,0,Completed
MINE-010,Uttar Coal Mine 10,Northern,Uttar Pradesh,Mixed,Coal,2021,10,2021-10-01,44955.59,3804225.22,2028223.63,955,183958.8,0.2444,45719.13,3425.96,1540158.36,915935.36,624223.0,40.53,14655.43,22.633,0,2,0,,,3,Haulage/Transport,Minor,2.04,0,0,0,Completed
MINE-030,Uttar Iron Mine 30,Northern,Uttar Pradesh,Mixed,Iron Ore,2024,3,2024-03-01,21701.02,9769224.08,7156660.38,732,136353.4,0.1592,20906.54,4774.77,1036172.8,630862.55,405310.24,39.12,11119.67,13.471,0,0,0,,,0,,,2.1,0,0,0,Completed
MINE-029,Andhra Copper Mine 29,Southern,Andhra Pradesh,Open Cast,Copper Ore,2021,5,2021-05-01,44765.04,11305197.36,9006119.83,293,61827.1,0.724,54848.81,7853.36,3515557.24,2980051.38,535505.86,15.23,11395.9,23.045,0,2,0,,,0,,,2.15,0,0,0,Completed
MINE-013,Odisha Coal Mine 13,Eastern,Odisha,Open Cast,Coal,2021,11,2021-11-01,56687.15,11260157.97,8434894.48,691,138242.8,0.4101,53639.11,2904.02,1646207.89,1117992.76,528215.13,32.09,20614.65,29.136,0,2,1,Environmental,Under Review,1,Machinery,Moderate,2.85,1,0,1,Completed
MINE-020,Uttar Iron Mine 20,Northern,Uttar Pradesh,Open Cast,Iron Ore,2016,6,2016-06-01,17704.57,4723977.98,4624251.44,423,89362.9,0.1981,14234.81,5347.32,946719.8,775371.93,171347.88,18.1,2747.29,12.652,0,0,0,,,2,Haulage/Transport,Moderate,2.87,0,0,0,Completed
MINE-015,Madhya Iron Mine 15,Central,Madhya Pradesh,Open Cast,Iron Ore,2022,5,2022-05-01,91764.91,14086398.07,9418464.32,1062,194891.8,0.4709,88838.35,5631.19,5167454.31,3625957.25,1541497.06,29.83,15697.2,40.097,0,1,1,Operational,Closed,0,,,2.13,1,0,1,Completed
MINE-018,Telangana Iron Mine 18,Southern,Telangana,Mixed,Iron Ore,2016,12,2016-12-01,14449.39,4638464.7,4477759.42,1003,183515.4,0.0787,19278.88,4653.89,672458.36,495638.86,176819.5,26.29,5941.33,8.871,0,2,0,,,0,,,2.47,1,0,1,In Progress
MINE-011,Jharkhand Coal Mine 11,Eastern,Jharkhand,Underground,Coal,2021,10,2021-10-01,81768.82,4815796.69,1766619.19,542,109544.0,0.7464,118097.39,2148.34,1756669.81,1188960.78,567709.04,32.32,27498.33,50.976,0,1,1,OPERATIONAL,Under Review,0,,,2.43,1,0,1,Overdue
MINE-001,Jharkhand Coal Mine 1,Eastern,Jharkhand,Underground,Coal,2022,9,2022-09-01,169058.81,15973322.74,6436535.86,2879,583859.2,0.2896,200189.49,2617.96,4425885.06,2692118.92,1733766.14,39.17,56571.57,93.475,0,2,1,Environmental,Open,2,Electrical,Minor,1.73,1,0,1,Overdue
MINE-010,Uttar Coal Mine 10,Northern,Uttar Pradesh,Mixed,Coal,2018,8,2018-08-01,19701.87,3804225.22,3241586.73,732,159270.7,0.1237,27817.29,2651.7,522435.05,338869.2,183565.85,35.14,7304.51,12.274,0,3,1,Equipment,Closed,1,Electrical,Minor,2.15,1,0,1,In Progress
MINE-022,West Copper Mine 22,Eastern,West Bengal,Open Cast,Copper Ore,2016,9,2016-09-01,51026.52,11657228.78,11251220.53,1830,393058.8,0.1298,45652.69,7337.07,3743849.7,2455432.55,1288417.15,34.41,21547.64,28.058,0,1,0,,,0,,,1.44,0,0,0,Completed
MINE-017,Gujarat Iron Mine 17,Western,Gujarat,Open Cast,Iron Ore,2016,5,2016-05-01,38422.58,13268212.21,13078411.57,452,90490.5,0.4246,43751.01,4818.51,1851395.09,1159633.52,691761.57,37.36,16294.38,24.627,0,2,0,,,0,,,1.96,0,0,0,Completed
MINE-021,Jharkhand Limestone Mine 21,Eastern,Jharkhand,Open Cast,Limestone,2016,12,2016-12-01,4675.04,1715441.24,1658120.26,348,67823.3,0.0689,4802.19,965.28,45127.32,31701.53,13425.79,29.75,1298.88,,0,0,1,Equipment,Closed,0,,,1.57,1,0,1,Pending
MINE-016,Maharashtra Iron Mine 16,Western,Maharashtra,Underground,Iron Ore,2024,10,2024-10-01,9776.0,3852023.09,2470847.01,439,85555.8,0.1143,11027.74,7991.13,781213.19,549529.57,231683.62,29.66,4386.47,11.75,0,1,1,Equipment,Closed,0,,,2.31,3,2,1,In Progress
MINE-017,Gujarat Iron Mine 17,Western,Gujarat,Open Cast,Iron Ore,2020,8,2020-08-01,27090.54,13268212.21,11364834.96,408,81082.2,0.3341,32664.73,5917.31,1603031.45,932611.84,670419.61,41.82,7790.51,16.419,0,1,0,,,0,,,0.65,0,0,0,Completed
MINE-026,Maharashtra Copper Mine 26,Western,Maharashtra,Underground,Copper Ore,2016,6,2016-06-01,17065.93,3439638.4,3344149.77,499,96770.9,0.1764,19821.15,7404.84,1263705.03,830018.32,433686.72,34.32,6727.98,12.979,0,4,1,Documentation,Closed,2,Fire,Minor,2.75,2,1,1,Overdue
MINE-029,Andhra Copper Mine 29,Southern,Andhra Pradesh,Open Cast,Copper Ore,2022,2,2022-02-01,40430.31,11305197.36,8643832.96,290,53217.4,0.7597,48151.1,7994.0,3231999.3,2494846.56,737152.74,22.81,15762.4,22.435,0,0,0,,,1,Fire,Moderate,0.99,1,0,1,Pending
MINE-026,Maharashtra Copper Mine 26,Western,Maharashtra,Underground,Copper Ore,2016,7,2016-07-01,14158.38,3439638.4,3329991.39,470,98641.6,0.1435,21384.95,7357.88,1041756.48,882825.42,158931.06,15.26,4213.74,15.236,0,0,1,Safety,Under Review,1,Gas/Explosion,Minor,2.54,1,0,1,Pending
MINE-002,West Iron Mine 2,Eastern,West Bengal,Open Cast,Iron Ore,2021,10,2021-10-01,66561.82,31788526.71,26609799.5,2042,374334.2,0.1778,58525.48,6276.67,4177866.48,2389008.47,1788858.02,42.82,28122.62,38.739,0,1,0,,,0,,,0.32,0,0,0,Completed
MINE-008,Telangana Iron Mine 8,Southern,Telangana,OPEN CAST,Iron Ore,2016,6,2016-06-01,13176.4,4242653.83,4170705.04,718,134361.3,0.0981,15789.8,6105.17,804442.11,453813.62,350628.49,43.59,5188.15,10.771,0,2,0,,,1,Slip/Fall,Minor,2.59,0,0,0,Completed
MINE-029,Andhra Copper Mine 29,Southern,Andhra Pradesh,Open Cast,Copper Ore,2024,3,2024-03-01,38556.88,11305197.36,7578349.0,282,55744.7,0.6917,45765.89,7654.28,2951250.46,1865793.19,1085457.26,36.78,11106.68,19.414,0,0,0,,,0,,,1.92,0,0,0,Completed
MINE-011,Jharkhand Coal Mine 11,Eastern,Jharkhand,Underground,Coal,2024,6,2024-06-01,156152.06,4815796.69,0.0,789,153558.1,1.0169,178439.73,2624.25,4097819.97,2748390.74,1349429.24,32.93,34894.29,77.187,0,2,0,,,0,,,0.17,0,0,0,Completed
MINE-012,West Iron Mine 12,Eastern,West Bengal,Open Cast,Iron Ore,2024,12,2024-12-01,214005.67,17808314.68,5599736.58,1392,280656.0,0.7625,243647.31,5390.6,11536194.75,7327135.07,4209059.68,36.49,69189.2,109.852,0,0,0,,,2,Fire,Minor,1.04,0,0,0,Completed
MINE-004,Chhattisgarh Coal Mine 4,Central,Chhattisgarh,Underground,Coal,2019,11,2019-11-01,8440.19,3455223.81,2955510.15,1398,288205.4,0.0293,12774.43,2602.39,219646.82,150874.02,68772.8,31.31,3139.31,10.227,0,4,0,,,1,Electrical,Serious,2.78,0,0,0,Completed
MINE-012,West Iron Mine 12,Eastern,West Bengal,Open Cast,Iron Ore,2019,12,2019-12-01,99165.32,17808314.68,14212892.23,1002,205032.1,0.4837,116597.78,5552.42,5506079.0,4126903.74,1379175.25,25.05,31421.78,58.117,0,0,0,,,1,Gas/Explosion,Minor,2.33,0,0,0,Completed
MINE-018,Telangana Iron Mine 18,Southern,Telangana,Mixed,Iron Ore,2023,8,2023-08-01,8051.31,4638464.7,3629650.24,901,174424.5,0.0462,11584.55,4191.22,337448.17,287051.98,50396.2,14.93,3629.33,8.402,0,1,0,,,1,Haulage/Transport,Minor,2.51,1,0,1,Completed
MINE-028,Telangana Coal Mine 28,Southern,Telangana,Open Cast,Coal,2020,6,2020-06-01,19206.87,10510635.28,9156840.45,986,208434.0,0.0921,20167.14,2496.68,479534.91,326142.21,153392.7,31.99,6410.97,11.566,0,2,0,,,1,Fall of Roof/Rock,Minor,0.55,0,0,0,Completed
MINE-022,West Copper Mine 22,Eastern,West Bengal,Open Cast,Copper Ore,2022,12,2022-12-01,157032.21,11657228.78,4588070.22,2660,547280.2,0.2869,181626.75,10419.53,16362022.95,9622075.14,6739947.81,41.19,40805.63,76.581,0,2,1,Operational,Open,0,,,0.42,1,0,1,Pending
MINE-006,Maharashtra Limestone Mine 6,Western,Maharashtra,Open Cast,Limestone,2020,9,2020-09-01,26360.56,4919591.78,3876768.45,831,175654.7,0.1501,29718.92,1269.37,334613.84,222103.73,112510.11,33.62,5391.03,13.584,0,0,0,,,0,,,1.45,0,0,0,Completed
MINE-020,Uttar Iron Mine 20,Northern,Uttar Pradesh,Open Cast,Iron Ore,2021,3,2021-03-01,18283.01,4723977.98,3578334.2,423,86432.0,0.2115,17315.21,4933.18,901934.18,579219.49,322714.69,35.78,6071.73,10.34,0,3,0,,,0,,,1.34,1,0,1,Completed
MINE-006,Maharashtra Limestone Mine 6,Western,Maharashtra,Open Cast,Limestone,2017,3,2017-03-01,14542.36,4919591.78,4718278.43,672,131351.3,0.1107,18644.15,960.93,139741.4,120323.86,19417.54,13.9,6354.34,11.292,0,0,0,,,0,,,1.88,0,0,0,Completed
MINE-002,West Iron Mine 2,Eastern,West Bengal,Open Cast,Iron Ore,2018,10,2018-10-01,64057.5,31788526.71,29096045.01,2009,369616.6,0.1733,70663.45,5709.53,3657380.99,2293235.89,1364145.09,37.3,20156.74,32.56,0,3,0,,,0,,,1.18,0,0,0,Completed
MINE-015,Madhya Iron Mine 15,Central,Madhya Pradesh,Open Cast,Iron Ore,2021,7,2021-07-01,79894.2,14086398.07,10289971.78,994,207706.7,0.3846,98563.17,,4273056.35,2623914.5,1649141.84,38.59,35505.21,55.074,0,2,0,,,0,,,1.26,1,0,1,Completed
MINE-006,Maharashtra Limestone Mine 6,Western,Maharashtra,Open Cast,Limestone,2018,1,2018-01-01,17332.68,4919591.78,4561669.38,706,150284.5,0.1153,17879.61,1046.56,181397.19,133354.27,48042.92,26.48,5349.17,11.739,0,1,0,,,0,,,0.13,0,0,0,Completed
MINE-026,Maharashtra Copper Mine 26,Western,Maharashtra,Underground,Copper Ore,2020,5,2020-05-01,20635.51,3439638.4,2518359.48,496,102187.8,0.2019,22861.12,7441.33,1535556.14,1072116.28,463439.85,30.18,12206.86,14.09,0,3,0,,,1,Gas/Explosion,Moderate,2.39,0,0,0,Completed
MINE-005,Madhya Coal Mine 5,Central,Madhya Pradesh,Open Cast,Coal,2019,4,2019-04-01,15754.93,6162270.35,5387609.19,1112,210639.9,0.0748,14189.78,2464.47,388276.15,288992.11,99284.04,25.57,5531.7,7.799,0,0,0,,,0,,,2.44,0,0,0,Completed
MINE-024,Chhattisgarh Bauxite Mine 24,Central,Chhattisgarh,Underground,Bauxite,2022,11,2022-11-01,72646.1,8763956.29,5267588.13,1395,297582.4,0.2441,117835.67,1501.45,1090747.41,826693.6,264053.81,24.21,34235.84,55.278,0,5,0,,,1,Slip/Fall,Minor,1.08,0,0,0,Completed
MINE-018,Telangana Iron Mine 18,Southern,Telangana,Mixed,Iron Ore,2016,9,2016-09-01,12797.89,4638464.7,4520172.88,973,186524.6,0.0686,15715.7,5064.67,648170.79,469145.17,179025.61,27.62,4208.49,8.912,0,0,1,Documentation,Closed,0,,,1.26,1,0,1,Completed
MINE-010,Uttar Coal Mine 10,Northern,Uttar Pradesh,Mixed,Coal,2019,11,2019-11-01,30663.35,3804225.22,2859938.19,863,177115.5,0.1731,29765.48,2818.34,864196.58,534272.88,329923.71,38.18,9292.92,19.786,0,2,0,,,1,Machinery,Serious,0.87,0,0,0,Completed
MINE-011,Jharkhand Coal Mine 11,Eastern,Jharkhand,Underground,Coal,2019,1,2019-01-01,41843.31,4815796.69,3707565.28,428,90532.2,0.4622,68207.34,2666.8,1115878.72,737251.18,378627.54,33.93,16606.69,30.54,0,1,0,,,1,Electrical,Serious,1.0,0,0,0,Completed
MINE-009,Andhra Iron Mine 9,Southern,Andhra Pradesh,Underground,Iron Ore,2019,4,2019-04-01,32008.82,7961285.52,6596998.44,1123,204539.1,0.1565,50144.05,5219.48,1670694.43,1354227.66,316466.77,18.94,16009.22,27.783,0,1,0,,,0,,,0.5,0,0,0,Completed
MINE-002,West Iron Mine 2,Eastern,West Bengal,Open Cast,Iron Ore,2023,4,2023-04-01,60799.61,31788526.71,25500294.65,1880,412881.3,0.1473,78925.96,5981.51,3636736.34,2477902.83,1158833.51,31.86,15021.88,33.09,0,0,0,,,0,,,0.85,0,0,0,Completed
MINE-005,Madhya Coal Mine 5,Central,Madhya Pradesh,Open Cast,Coal,2024,5,2024-05-01,9615.32,6162270.35,4650391.89,1013,204536.1,0.047,9179.69,2580.06,248081.09,212146.32,35934.78,14.49,4260.68,9.979,0,1,1,Safety,Open,1,Machinery,Moderate,1.06,1,0,1,Overdue
MINE-021,Jharkhand Limestone Mine 21,Eastern,Jharkhand,Open Cast,Limestone,2024,3,2024-03-01,3162.43,1715441.24,1316736.72,315,57889.2,0.0546,3598.01,611.82,19348.53,17606.04,1742.49,9.01,755.98,7.423,0,1,2,Safety,Under Review,0,,,1.99,2,1,1,In Progress
MINE-019,Andhra Coal Mine 19,Southern,Andhra Pradesh,Open Cast,Coal,2017,5,2017-05-01,26448.1,6903354.37,6510999.36,130,27928.9,0.947,22533.67,2570.76,679916.55,540982.96,138933.59,20.43,5706.23,15.047,0,0,1,Environmental,Closed,2,Fall of Roof/Rock,Minor,2.89,1,0,1,Pending
MINE-013,Odisha Coal Mine 13,Eastern,Odisha,Open Cast,Coal,2020,8,2020-08-01,41346.6,11260157.97,9208616.81,576,125082.2,0.3306,46928.75,2728.12,1127984.09,790839.56,337144.52,29.89,10096.38,23.159,0,0,0,,,1,Machinery,Minor,2.38,0,0,0,Completed
MINE-023,Odisha Copper Mine 23,Eastern,Odisha,Open Cast,Copper Ore,2024,7,2024-07-01,107237.37,20545143.55,12656474.92,1869,344946.2,0.3109,106671.98,6307.57,6764073.03,4689343.58,2074729.45,30.67,33110.71,50.776,0,0,0,,,1,Slip/Fall,Minor,1.03,0,0,0,Completed
MINE-009,Andhra Iron Mine 9,Southern,Andhra Pradesh,Underground,Iron Ore,2024,10,2024-10-01,37451.73,7961285.52,4340916.52,1152,213201.7,0.1757,43978.73,5061.39,1895577.6,1113699.05,781878.55,41.25,13655.39,20.064,0,2,0,,,0,,,0.18,0,0,0,Completed
MINE-029,Andhra Copper Mine 29,Southern,Andhra Pradesh,Open Cast,Copper Ore,2023,9,2023-09-01,37738.27,11305197.36,7834655.24,304,66531.2,0.5672,31559.52,8142.9,3072990.83,1978688.45,1094302.37,35.61,6166.62,16.623,0,3,0,,,0,,,0.44,0,0,0,Completed
MINE-029,Andhra Copper Mine 29,Southern,Andhra Pradesh,Open Cast,Copper Ore,2021,1,2021-01-01,199233.7520360944,11305197.36,9163031.59,284,51579.1,0.788,46780.0,7631.77,3101788.7,1861986.81,1239801.89,39.97,7093.8,21.138,0,1,0,,,0,,,2.23,0,0,0,Completed
MINE-010,Uttar Coal Mine 10,Northern,Uttar Pradesh,Mixed,Coal,2019,10,2019-10-01,28866.11,3804225.22,2890601.54,811,151944.3,0.19,36515.86,2872.12,829067.97,600613.83,228454.14,27.56,11139.13,21.987,0,0,0,,,0,,,1.69,0,0,0,Completed
MINE-002,West Iron Mine 2,Eastern,West Bengal,Open Cast,Iron Ore,2020,7,2020-07-01,62599.42,31788526.71,27593294.43,2042,416276.6,0.1504,59929.55,6006.15,3759812.82,2876330.95,883481.88,23.5,11926.14,27.47,0,1,1,equipment,Closed,0,,,0.33,2,1,1,In Progress
MINE-022,West Copper Mine 22,Eastern,West Bengal,open cast,Copper Ore,2016,3,2016-03-01,38278.08,11657228.78,11527990.89,1710,313044.7,0.1223,37668.35,7479.29,2862928.12,1609889.33,1253038.78,43.77,9662.73,24.031,0,1,1,Operational,Open,0,,,0.95,1,0,1,Completed
MINE-013,Odisha Coal Mine 13,Eastern,Odisha,Open Cast,Coal,2021,1,2021-01-01,49515.59,11260157.97,8952775.14,601,126724.7,0.3907,52136.27,2707.16,1340467.62,954808.95,385658.67,28.77,21072.47,28.733,0,3,0,,,0,,,0.13,0,0,0,Completed
MINE-007,Gujarat Coal Mine 7,Western,Gujarat,Underground,Coal,2023,3,2023-03-01,10790.22,4595599.71,3589233.46,1551,314319.4,0.0343,14606.27,3124.64,337155.26,224393.56,112761.7,33.45,2659.8,6.711,0,2,0,,,2,Slip/Fall,Minor,2.55,0,0,0,Completed
MINE-008,Telangana Iron Mine 8,Southern,Telangana,Open Cast,Iron Ore,2019,11,2019-11-01,14996.52,4242653.83,3624668.26,683,136435.3,0.1099,16155.73,7284.52,1092424.57,857593.6,234830.97,21.5,2596.48,7.584,0,2,0,,,0,,,1.96,0,0,0,Completed
MINE-006,Maharashtra Limestone Mine 6,Western,Maharashtra,Open Cast,Limestone,2016,8,2016-08-01,12210.06,4919591.78,4817476.21,622,118375.4,0.1031,14583.66,936.02,114288.09,86854.58,27433.5,24.0,2284.98,11.799,0,1,1,Environmental,Under Review,0,,,1.44,4,2,2,Pending
MINE-029,Andhra Copper Mine 29,Southern,Andhra Pradesh,Open Cast,Copper Ore,2021,3,2021-03-01,38670.53,11305197.36,9089262.47,267,58104.5,0.6655,40305.07,7844.29,3033429.68,2504746.72,528682.96,17.43,16748.99,27.144,0,1,0,,,0,,,2.27,0,0,0,Completed
MINE-012,West Iron Mine 12,Eastern,West Bengal,Open Cast,Iron Ore,2020,1,2020-01-01,104044.35,17808314.68,14108847.88,1046,200958.0,0.5177,90345.59,5673.57,5903026.68,3761412.48,2141614.2,36.28,45991.25,52.755,0,1,0,,,2,Slip/Fall,Minor,3.16,0,0,0,Completed
MINE-027,Gujarat Iron Mine 27,Western,Gujarat,Open Cast,Iron Ore,2024,3,2024-03-01,5223.32,6248149.8,5070264.34,695,142146.6,0.0367,6109.58,5768.47,301305.53,261087.44,40218.09,13.35,1590.81,5.976,0,0,1,Equipment,Open,0,,,1.39,1,0,1,In Progress
MINE-020,Uttar Iron Mine 20,Northern,Uttar Pradesh,Open Cast,Iron Ore,2022,6,2022-06-01,20416.99,4723977.98,3276709.24,409,89271.3,0.2287,26430.88,4565.29,932094.02,654706.5,277387.52,29.76,7711.11,12.266,0,3,0,,,1,Electrical,Minor,0.86,1,0,1,Overdue
MINE-013,Odisha Coal Mine 13,Eastern,Odisha,Open Cast,Coal,2020,2,2020-02-01,46646.12,11260157.97,9475515.66,601,120940.2,0.3857,44550.19,2812.39,1311870.42,899156.38,412714.05,31.46,20411.2,30.039,0,2,0,,,0,,,1.38,0,0,0,Completed
MINE-013,Odisha Coal Mine 13,Eastern,Odisha,Open Cast,Coal,2024,11,2024-11-01,83326.36,11260157.97,5945327.02,733,161198.0,0.5169,87966.86,2573.03,2144012.66,1650899.88,493112.78,23.0,13236.34,37.387,0,1,0,,,0,,,0.48,0,0,0,Completed
MINE-026,Maharashtra Copper Mine 26,Western,Maharashtra,Underground,Copper Ore,2019,10,2019-10-01,18089.43,3439638.4,2657114.24,486,90717.6,0.1994,31571.84,7688.06,1390726.64,1079800.3,310926.34,22.36,5454.94,14.421,0,3,0,,,1,Haulage/Transport,Minor,2.02,2,1,1,Overdue
MINE-029,Andhra Copper Mine 29,Southern,Andhra Pradesh,Open Cast,Copper Ore,2017,2,2017-02-01,34037.15,11305197.36,10851094.72,288,62135.6,0.5478,38839.09,8144.43,2772132.55,2157745.81,614386.74,22.16,12891.65,19.12,0,2,0,,,0,,,0.27,0,0,0,Completed
MINE-025,Madhya Limestone Mine 25,Central,Madhya Pradesh,Open Cast,Limestone,2016,1,2016-01-01,13871.73,5333812.33,5319940.61,1165,211070.3,0.0657,15322.36,895.81,124264.34,105031.92,19232.42,15.48,5712.65,11.758,0,1,0,,,0,,,2.02,0,0,0,Completed
MINE-001,Jharkhand Coal Mine 1,Eastern,Jharkhand,Underground,Coal,2022,2,2022-02-01,175327.52,15973322.74,7734467.89,2805,604032.0,0.2903,225013.8,2770.98,4858284.06,3197365.6,1660918.46,34.19,82260.99,115.271,0,0,0,,,1,Gas/Explosion,Minor,1.27,1,0,1,Pending
MINE-001,Jharkhand Coal Mine 1,Eastern,Jharkhand,Underground,Coal,2020,1,2020-01-01,143744.97,15973322.74,11500069.58,2717,494435.2,0.2907,213612.49,2462.33,3539482.52,2252689.52,1286793.0,36.36,73231.4,107.312,0,1,0,,,1,Fire,Moderate,0.57,0,0,0,Completed
MINE-015,Madhya Iron Mine 15,Central,Madhya Pradesh,Open Cast,Iron Ore,2020,7,2020-07-01,62432.89,14086398.07,11213699.6,926,185317.2,0.3369,70368.42,6199.94,3870801.79,3210066.12,660735.66,17.07,15337.91,36.357,0,3,0,,,0,,,0.66,0,0,0,Completed
MINE-028,Telangana Coal Mine 28,Southern,Telangana,Open Cast,Coal,2019,2,2019-02-01,20709.18,10510635.28,9472291.13,976,177077.2,0.117,17409.21,2513.16,520454.74,434392.13,86062.61,16.54,5913.07,15.191,0,1,0,,,1,Gas/Explosion,Minor,2.01,0,0,0,Completed
MINE-028,Telangana Coal Mine 28,Southern,Telangana,Open-Cast,Coal,2016,1,2016-01-01,35148.22,10510635.28,10475487.06,1057,205792.5,0.1708,31310.41,2477.61,870834.31,528527.84,342306.47,39.31,11565.16,21.483,0,2,1,Safety,Under Review,1,Slip/Fall,Minor,2.09,1,0,1,In Progress
MINE-016,Maharashtra Iron Mine 16,Western,Maharashtra,Underground,Iron Ore,2022,12,2022-12-01,12259.02,3852023.09,2704064.3,436,83771.8,0.1463,20799.19,7536.72,923928.68,568477.79,355450.89,38.47,3735.58,11.558,0,0,0,,,0,,,1.39,0,0,0,Completed
MINE-008,Telangana Iron Mine 8,Southern,Telangana,Open Cast,Iron Ore,2018,6,2018-06-01,12634.25,4242653.83,3865373.31,688,133709.3,0.0945,11030.38,6339.24,800914.67,622225.6,178689.07,22.31,4730.43,7.617,0,0,0,,,1,Fall of Roof/Rock,Moderate,0.9,0,0,0,Completed
MINE-029,Andhra Copper Mine 29,Southern,Andhra Pradesh,Open Cast,Copper Ore,2024,9,2024-09-01,49021.86,11305197.36,7306503.85,295,58085.5,0.844,59642.31,7693.97,3771725.99,2653047.87,1118678.12,29.66,14321.49,32.046,0,1,1,SAFETY,Under Review,0,,,2.05,1,0,1,In Progress
MINE-024,Chhattisgarh Bauxite Mine 24,Central,Chhattisgarh,Underground,Bauxite,2024,10,2024-10-01,98023.85,8763956.29,3339546.09,1503,304778.5,0.3216,152534.62,1355.56,1328772.16,1086782.08,241990.08,18.21,29673.65,65.104,0,0,0,,,1,Slip/Fall,Minor,2.01,0,0,0,Completed
MINE-008,Telangana Iron Mine 8,Southern,Telangana,Open Cast,Iron Ore,2017,9,2017-09-01,13064.4,4242653.83,3985090.45,727,148973.2,0.0877,15237.6,5878.53,767994.41,571417.21,196577.2,25.6,2313.55,13.399,0,3,0,,,0,,,1.89,0,0,0,Completed
MINE-023,Odisha Copper Mine 23,Eastern,Odisha,Open Cast,Copper Ore,2021,6,2021-06-01,91905.59,20545143.55,16257647.52,1756,344129.7,0.2671,116401.78,5579.31,5127698.3,3861527.81,1266170.5,24.69,36949.65,57.167,0,0,0,,,0,,,1.13,0,0,0,Completed
MINE-025,Madhya Limestone Mine 25,Central,Madhya Pradesh,Open Cast,Limestone,2017,3,2017-03-01,12855.15,5333812.33,5128828.81,1240,255954.7,0.0502,14610.95,918.65,118094.04,84622.18,33471.86,28.34,2390.8,5.917,0,1,0,,,0,,,2.45,0,0,0,Completed
MINE-009,Andhra Iron Mine 9,Southern,Andhra Pradesh,Underground,Iron Ore,2023,5,2023-05-01,36896.99,7961285.52,4928563.24,1133,209623.1,0.176,60028.56,5205.63,1920719.54,1477066.4,443653.14,23.1,12491.28,25.548,0,4,0,,,1,Machinery,Moderate,1.17,0,0,0,Completed
MINE-019,Andhra Coal Mine 19,Southern,Andhra Pradesh,Open Cast,Coal,2016,11,2016-11-01,24470.84,6903354.37,6661989.69,127,24653.2,0.9926,27497.58,2554.07,625003.12,462698.0,162305.13,25.97,4358.97,12.453,0,0,0,,,2,Slip/Fall,Minor,1.61,0,0,0,Completed
MINE-028,Telangana Coal Mine 28,Southern,Telangana,Open Cast,Coal,2017,3,2017-03-01,27513.83,10510635.28,10045719.99,985,206622.8,0.1332,26424.27,2394.18,658730.27,541636.55,117093.72,17.78,9408.91,17.377,0,1,1,Operational,Under Review,1,Fall of Roof/Rock,Minor,2.53,1,0,1,Completed
MINE-007,Gujarat Coal Mine 7,Western,Gujarat,Underground,Coal,2023,5,2023-05-01,12333.57,4595599.71,3566949.85,1625,335212.3,0.0368,15420.84,3040.96,375058.96,295484.31,79574.65,21.22,3497.43,8.783,0,2,0,,,0,,,1.01,0,0,0,Completed
MINE-022,West Copper Mine 22,Eastern,West Bengal,Open-Cast,Copper Ore,2018,1,2018-01-01,58494.92,11657228.78,10392748.14,1860,372619.8,0.157,57838.26,7342.29,4294863.94,2478673.7,1816190.24,42.29,25225.49,30.514,0,2,0,,,0,,,1.36,0,0,0,Completed
MINE-030,Uttar Iron Mine 30,Northern,Uttar Pradesh,Mixed,Iron Ore,2018,2,2018-02-01,27539.96,9769224.08,9037609.15,774,153988.5,0.1788,31775.22,5129.2,1412580.09,933866.71,478713.38,33.89,11645.57,23.215,0,1,0,,,0,,,0.31,0,0,0,Completed
MINE-008,Telangana Iron Mine 8,Southern,Telangana,Open Cast,Iron Ore,2018,11,2018-11-01,13868.82,4242653.83,3796327.42,699,130752.6,0.1061,16615.54,6825.36,946596.45,722147.92,224448.53,23.71,3438.95,7.389,0,2,0,,,0,,,1.43,0,0,0,Completed
MINE-022,West Copper Mine 22,Eastern,West Bengal,Open Cast,Copper Ore,2016,5,2016-05-01,46102.19,11657228.78,11439104.22,1853,353739.5,0.1303,43484.34,7439.57,3429803.52,2766713.53,663090.0,19.33,13254.35,20.195,0,2,2,Environmental,Under Review,0,,,0.65,3,1,2,In Progress
MINE-009,Andhra Iron Mine 9,Southern,Andhra Pradesh,Underground,Iron Ore,2022,9,2022-09-01,31186.43,7961285.52,5215236.23,1103,217992.6,0.1431,49361.11,4873.75,1519949.69,891657.34,628292.35,41.34,8945.43,25.059,0,1,0,,,0,,,2.01,0,0,0,Completed
MINE-020,Uttar Iron Mine 20,Northern,Uttar Pradesh,Open Cast,Iron Ore,2016,12,2016-12-01,17697.73,4723977.98,4524519.66,438,83166.5,0.2128,22985.43,5179.27,916613.96,614370.36,302243.6,32.97,4509.87,10.0,0,1,0,,,1,Fire,Minor,1.71,1,0,1,Overdue
MINE-019,Andhra Coal Mine 19,Southern,Andhra Pradesh,Open Cast,Coal,2016,7,2016-07-01,19996.23,6903354.37,6752134.03,122,23095.2,0.8658,21738.54,2516.22,503149.41,302245.56,200903.85,39.93,6867.44,16.138,0,3,0,,,2,Fire,Moderate,1.87,1,0,1,Pending
MINE-028,Telangana Coal Mine 28,Southern,Telangana,Open Cast,Coal,2018,11,2018-11-01,22702.96,10510635.28,9536041.05,1092,230936.2,0.0983,27782.98,2584.44,586745.53,411120.51,175625.03,29.93,5981.31,16.354,0,0,0,,,0,,,0.61,0,0,0,Completed
MINE-022,West Copper Mine 22,Eastern,West Bengal,Open Cast,Copper Ore,2023,6,2023-06-01,174934.65,11657228.78,3633803.76,2901,539643.5,0.3242,157183.75,10466.51,18309557.52,12577963.89,5731593.62,31.3,62357.42,82.096,0,0,0,,,0,,,1.3,1,0,1,Pending
MINE-029,Andhra Copper Mine 29,Southern,Andhra Pradesh,Open Cast,Copper Ore,2017,8,2017-08-01,30874.47,11305197.36,10657406.98,284,58663.3,0.5263,34511.8,8359.95,2581090.0,1862281.82,718808.18,27.85,5062.45,17.234,0,1,1,Environmental,Under Review,0,,,2.67,1,0,1,Overdue
MINE-012,West Iron Mine 12,Eastern,West Bengal,Open Cast,Iron Ore,2023,7,2023-07-01,143133.42,17808314.68,8687792.52,1117,244335.8,0.5858,159364.2,5324.26,7620800.31,5592405.79,2028394.52,26.62,25133.92,62.787,0,2,0,,,1,Machinery,Minor,1.03,0,0,0,Completed
MINE-009,Andhra Iron Mine 9,Southern,Andhra Pradesh,Underground,Iron Ore,2017,12,2017-12-01,35711.92,7961285.52,7145903.76,1188,238913.4,0.1495,53577.79,5515.38,1969649.37,1652138.49,317510.88,16.12,10196.56,22.098,0,1,1,SAFETY,Under Review,0,,,1.48,1,0,1,In Progress
MINE-017,Gujarat Iron Mine 17,Western,Gujarat,Open Cast,Iron Ore,2018,5,2018-05-01,36275.92,13268212.21,12235376.67,445,94825.9,0.3826,35539.05,5425.23,1968052.19,1563818.25,404233.94,20.54,7195.07,19.147,0,0,0,,,0,,,2.47,1,0,1,Overdue
MINE-010,Uttar Coal Mine 10,Northern,Uttar Pradesh,Mixed,Coal,2022,4,2022-04-01,45690.62,3804225.22,1749750.32,965,199760.9,0.2287,49739.61,3265.02,1491809.52,1181536.43,310273.09,20.8,15120.3,27.438,0,1,1,Safety,Under Review,1,Slip/Fall,Minor,2.02,1,0,1,Pending
MINE-017,Gujarat Iron Mine 17,Western,Gujarat,Open Cast,Iron Ore,2023,11,2023-11-01,29840.99,13268212.21,10237147.52,423,86008.5,0.347,34673.92,5090.34,1519007.12,1171181.58,347825.55,22.9,6564.28,14.468,0,3,0,,,0,,,1.19,0,0,0,Completed
MINE-027,Gujarat Iron Mine 27,Western,Gujarat,Open Cast,Iron Ore,2020,12,2020-12-01,9869.43,6248149.8,5345839.49,711,155744.1,0.0634,12369.27,5746.26,567123.61,456400.93,110722.68,19.52,2873.46,11.644,0,1,0,,,1,Electrical,Minor,1.92,0,0,0,Completed
MINE-024,Chhattisgarh Bauxite Mine 24,Central,Chhattisgarh,Underground,Bauxite,2024,4,2024-04-01,90910.97,8763956.29,3899577.93,1429,278205.3,0.3268,117937.02,1367.22,1242956.67,882548.82,360407.85,29.0,40497.91,55.862,0,2,1,OPERATIONAL,Closed,1,Haulage/Transport,Minor,2.99,1,0,1,In Progress
MINE-030,Uttar Iron Mine 30,Northern,Uttar Pradesh,Mixed,Iron Ore,2017,4,2017-04-01,26709.24,9769224.08,9319089.11,774,152756.9,0.1748,25952.62,5259.3,1404720.54,992512.31,412208.23,29.34,11958.26,17.036,0,1,1,Documentation,Open,0,,,2.08,1,0,1,In Progress
MINE-020,Uttar Iron Mine 20,Northern,Uttar Pradesh,Open Cast,Iron Ore,2023,5,2023-05-01,25650.97,4723977.98,3045655.23,452,95295.7,0.2692,22881.03,5140.84,1318675.16,847549.58,471125.58,35.73,4789.8,11.071,0,0,0,,,1,Electrical,Minor,1.38,1,0,1,Pending
MINE-029,Andhra Copper Mine 29,Southern,Andhra Pradesh,Open-Cast,Copper Ore,2019,5,2019-05-01,34663.76,11305197.36,9926045.6,274,51521.9,0.6728,31562.61,8055.67,2792399.86,1553224.97,1239174.88,44.38,12679.13,20.182,0,2,2,Emergency Preparedness,Open,1,Haulage/Transport,Minor,2.99,2,1,1,Overdue
MINE-029,Andhra Copper Mine 29,Southern,Andhra Pradesh,Open Cast,Copper Ore,2020,7,2020-07-01,37274.44,11305197.36,9395915.25,284,55398.7,0.6728,31713.01,7278.94,2713182.71,1981540.86,731641.85,26.97,14989.55,24.171,0,2,0,,,0,,,0.65,1,0,1,Overdue
MINE-010,Uttar Coal Mine 10,Northern,Uttar Pradesh,Mixed,Coal,2021,11,2021-11-01,45905.94,3804225.22,1982317.68,898,189606.4,0.2421,45563.25,3363.93,1544245.45,942410.76,601834.69,38.97,21168.88,24.744,0,2,0,,,0,,,2.08,0,0,0,Completed
MINE-024,Chhattisgarh Bauxite Mine 24,Central,Chhattisgarh,Underground,Bauxite,2016,7,2016-07-01,23317.27,8763956.29,8599319.09,948,175473.7,0.1329,34058.09,2139.1,498779.37,423255.81,75523.55,15.14,8494.57,19.559,0,0,0,,,0,,,0.39,0,0,0,Completed
MINE-025,Madhya Limestone Mine 25,Central,Madhya Pradesh,Open Cast,Limestone,2024,9,2024-09-01,5474.24,5333812.33,4336943.25,1088,234295.8,0.0234,5818.31,700.65,38355.49,31642.58,6712.91,17.5,1489.08,8.024,0,2,0,,,0,,,1.72,0,0,0,Completed
MINE-002,West Iron Mine 2,Eastern,West Bengal,Open Cast,Iron Ore,2016,1,2016-01-01,76218.02,31788526.71,31712308.69,2071,445025.1,0.1713,83920.59,5087.63,3877690.63,2968758.02,908932.61,23.44,16864.05,34.813,0,0,0,,,2,Haulage/Transport,Minor,2.28,0,0,0,Completed
MINE-010,Uttar Coal Mine 10,Northern,Uttar Pradesh,Mixed,Coal,2024,1,2024-01-01,70891.06,3804225.22,457951.79,1115,245172.7,0.2891,103102.87,3499.13,2480567.91,1530545.27,950022.64,38.3,27656.26,52.488,0,0,0,,,2,Fire,Minor,2.27,1,0,1,Pending
MINE-030,Uttar Iron Mine 30,Northern,Uttar Pradesh,Mixed,Iron Ore,2022,9,2022-09-01,27015.16,9769224.08,7586840.42,731,148527.7,0.1819,35075.89,4596.27,1241689.7,929176.13,312513.57,25.17,4661.6,13.533,0,1,0,,,0,,,2.07,0,0,0,Completed
MINE-003,Odisha Coal Mine 3,Eastern,Odisha,Underground,Coal,2024,7,2024-07-01,425263.78,24608205.58,4056727.65,2122,391219.6,1.087,722414.92,2992.07,12724169.51,8505936.42,4218233.1,33.15,140230.72,293.674,0,3,1,Safety,Open,1,Machinery,Moderate,1.44,1,0,1,Pending
MINE-023,Odisha Copper Mine 23,Eastern,Odisha,Open Cast,Copper Ore,2017,5,2017-05-01,274665.59237952443,20545143.55,19662438.74,1545,324336.5,0.1728,62498.24,7565.26,4238885.85,3595245.65,643640.2,15.18,12643.15,31.745,0,2,1,Operational,Closed,0,,,1.84,1,0,1,Overdue
MINE-006,Maharashtra Limestone Mine 6,Western,Maharashtra,Open Cast,Limestone,2022,10,2022-10-01,35224.16,4919591.78,3102031.03,888,183163.5,0.1923,28891.3,1147.89,404333.18,347218.61,57114.58,14.13,11922.98,16.244,0,3,1,Operational,Closed,0,,,1.94,1,0,1,Completed
MINE-012,West Iron Mine 12,Eastern,West Bengal,Open Cast,Iron Ore,2022,9,2022-09-01,143444.67,17808314.68,10220998.74,1154,252995.8,0.567,148887.88,5421.66,7777078.81,5783251.12,1993827.69,25.64,37410.75,66.577,0,0,0,,,1,Fall of Roof/Rock,Minor,1.52,0,0,0,Completed
MINE-029,Andhra Copper Mine 29,Southern,Andhra Pradesh,Open Cast,Copper Ore,2017,10,2017-10-01,33323.67,11305197.36,10588956.71,282,53951.7,0.6177,40765.53,8600.13,2865880.39,2280382.13,585498.26,20.43,6270.08,23.176,0,3,0,,,0,,,1.06,0,0,0,Completed
MINE-030,Uttar Iron Mine 30,Northern,Uttar Pradesh,Mixed,Iron Ore,2020,9,2020-09-01,25276.95,9769224.08,8191216.31,730,141008.2,0.1793,24757.37,5144.13,1300279.26,806066.2,494213.06,38.01,11063.49,18.829,0,0,0,,,1,Fire,Minor,1.67,0,0,0,Completed
MINE-008,Telangana Iron Mine 8,Southern,Telangana,Open Cast,Iron Ore,2024,11,2024-11-01,21099.5,4242653.83,2551432.42,790,172064.6,0.1226,24008.28,8096.85,1708395.66,1442214.58,266181.08,15.58,3525.48,14.326,0,0,0,,,1,Gas/Explosion,Minor,1.94,0,0,0,Completed
MINE-027,Gujarat Iron Mine 27,Western,Gujarat,Open Cast,Iron Ore,2022,11,2022-11-01,6116.76,6248149.8,5165675.4,690,137445.0,0.0445,7929.89,5585.78,341668.38,232737.44,108930.94,31.88,2563.09,9.895,0,2,0,,,0,,,1.18,0,0,0,Completed
MINE-017,Gujarat Iron Mine 17,Western,Gujarat,Open Cast,Iron Ore,2022,10,2022-10-01,26751.44,13268212.21,10595907.07,424,90384.1,0.296,34058.86,5305.93,1419413.6,1124292.67,295120.93,20.79,8173.56,21.637,0,2,0,,,0,,,0.81,0,0,0,Completed
MINE-010,Uttar Coal Mine 10,Northern,Uttar Pradesh,Mixed,Coal,2018,2,2018-02-01,20252.02,3804225.22,3369582.87,706,146269.1,0.1385,24177.47,2564.72,519406.64,348046.21,171360.43,32.99,9545.57,18.525,0,3,1,Operational,Closed,1,Haulage/Transport,Serious,2.18,1,0,1,Pending
MINE-023,Odisha Copper Mine 23,Eastern,Odisha,Open Cast,Copper Ore,2023,5,2023-05-01,101472.6,20545143.55,14168000.57,1920,384470.4,0.2639,121871.97,5514.71,5595919.12,4465922.91,1129996.21,20.19,44498.06,65.636,0,1,0,,,1,Gas/Explosion,Minor,2.57,1,0,1,Pending
MINE-009,Andhra Iron Mine 9,Southern,Andhra Pradesh,Underground,Iron Ore,2019,1,2019-01-01,37482.24,7961285.52,6698699.14,1172,216135.0,0.1734,54574.19,5481.84,2054717.24,1350204.87,704512.37,34.29,21938.69,28.476,0,2,0,,,0,,,0.17,0,0,0,Completed
MINE-014,Chhattisgarh Bauxite Mine 14,Central,Chhattisgarh,Underground,Bauxite,2024,4,2024-04-01,5798.98,3172486.06,2271631.96,789,144215.7,0.0402,8385.3,2478.64,143735.65,125966.77,17768.88,12.36,1581.03,4.535,0,1,0,,,0,,,2.42,0,0,0,Completed
MINE-017,Gujarat Iron Mine 17,Western,Gujarat,Open Cast,Iron Ore,2019,2,2019-02-01,32764.57,13268212.21,11938212.2,426,88596.6,0.3698,34430.33,5420.91,1776136.62,1402268.88,373867.75,21.05,5515.29,20.09,0,2,0,,,0,,,1.34,0,0,0,Completed
MINE-006,Maharashtra Limestone Mine 6,Western,Maharashtra,Open Cast,Limestone,2019,7,2019-07-01,21706.2,4919591.78,4211751.83,782,166801.2,0.1301,28145.72,1073.4,232994.39,201860.33,31134.05,13.36,3698.78,12.966,0,0,0,,,0,,,1.24,0,0,0,Completed
MINE-019,Andhra Coal Mine 19,Southern,Andhra Pradesh,Open Cast,Coal,2024,11,2024-11-01,49864.92,6903354.37,3565075.24,156,31406.1,1.5877,42928.45,2081.28,1037829.25,723212.34,314616.9,30.31,21257.35,29.091,0,2,2,Environmental,Under Review,0,,,0.85,2,0,2,In Progress
MINE-025,Madhya Limestone Mine 25,Central,Madhya Pradesh,Open Cast,Limestone,2021,7,2021-07-01,7804.5,5333812.33,4591462.5,1214,251290.4,0.0311,7197.21,752.48,58727.11,55126.37,3600.74,6.13,3398.33,11.816,0,2,0,,,0,,,1.68,1,0,1,Pending
MINE-027,Gujarat Iron Mine 27,Western,Gujarat,Open Cast,Iron Ore,2018,6,2018-06-01,15889.36,6248149.8,5698519.56,754,158921.0,0.1,18249.12,5984.81,950948.83,648616.04,302332.79,31.79,3336.2,12.515,0,1,0,,,1,Slip/Fall,Moderate,2.69,0,0,0,Completed
MINE-001,Jharkhand Coal Mine 1,Eastern,Jharkhand,Underground,Coal,2020,9,2020-09-01,131557.83,15973322.74,10432885.35,2674,547497.7,0.2403,145642.96,2591.89,3409836.7,2435051.03,974785.67,28.59,34079.74,62.241,0,1,1,Environmental,Under Review,1,Gas/Explosion,Moderate,2.29,1,0,1,In Progress
MINE-029,Andhra Copper Mine 29,Southern,Andhra Pradesh,Open Cast,Copper Ore,2016,1,2016-01-01,34159.84,11305197.36,11271037.52,273,56190.4,0.6079,38819.01,7886.86,2694137.67,1769589.32,924548.35,34.32,11521.97,23.077,0,0,1,Emergency Preparedness,Open,0,,,0.8,1,0,1,Overdue
MINE-017,Gujarat Iron Mine 17,Western,Gujarat,Open Cast,Iron Ore,2021,4,2021-04-01,31698.55,13268212.21,11121154.2,430,87625.7,0.3617,25627.55,5496.2,1742214.21,1266656.36,475557.85,27.3,13919.58,20.505,0,0,0,,,0,,,0.26,0,0,0,Completed
MINE-021,Jharkhand Limestone Mine 21,Eastern,Jharkhand,open cast,Limestone,2020,1,2020-01-01,3913.49,1715441.24,1497722.88,343,62203.4,0.0629,3594.92,738.54,28902.78,20695.62,8207.16,28.4,1206.15,2.518,0,3,0,,,1,Machinery,Serious,1.9,1,0,1,In Progress
MINE-028,Telangana Coal Mine 28,Southern,Telangana,OPEN CAST,Coal,2016,2,2016-02-01,33210.44,10510635.28,10442276.62,1103,200564.7,0.1656,32845.23,2461.08,817334.54,567022.55,250311.99,30.63,12807.08,20.984,0,0,0,,,1,Haulage/Transport,Minor,2.64,0,0,0,Completed
MINE-005,Madhya Coal Mine 5,Central,Madhya Pradesh,Open Cast,Coal,2019,1,2019-01-01,15745.68,6162270.35,5431046.96,1071,222850.6,0.0707,17682.38,2357.26,371166.15,254235.59,116930.56,31.5,6905.65,15.639,0,1,1,equipment,Closed,0,,,0.39,1,0,1,Overdue
MINE-019,Andhra Coal Mine 19,Southern,Andhra Pradesh,Open Cast,Coal,2023,5,2023-05-01,37056.12,6903354.37,4306469.13,138,26062.3,1.4218,45887.85,2291.02,848961.53,628105.55,220855.98,26.01,10928.27,19.829,0,3,0,,,2,Haulage/Transport,Minor,2.89,0,0,0,Completed
MINE-024,Chhattisgarh Bauxite Mine 24,Central,Chhattisgarh,Underground,Bauxite,2021,12,2021-12-01,73080.02,8763956.29,5997970.0,1322,271769.8,0.2689,116666.01,1614.67,1179999.52,764622.54,415376.98,35.2,33936.17,55.807,0,1,0,,,0,,,1.6,0,0,0,Completed
MINE-005,Madhya Coal Mine 5,Central,Madhya Pradesh,Open Cast,Coal,2024,8,2024-08-01,8350.21,6162270.35,4624384.21,1008,215595.6,0.0387,9871.11,2483.45,207372.93,135693.75,71679.18,34.57,1706.67,8.305,0,3,1,Operational,Closed,0,,,1.84,1,0,1,Pending
MINE-023,Odisha Copper Mine 23,Eastern,Odisha,Open Cast,Copper Ore,2020,6,2020-06-01,71976.25,20545143.55,17193134.13,1675,346834.8,0.2075,58049.55,6754.12,4861359.31,3725681.6,1135677.71,23.36,26612.78,35.258,0,5,0,,,1,Haulage/Transport,Minor,1.84,0,0,0,Completed
MINE-025,Madhya Limestone Mine 25,Central,Madhya Pradesh,Open Cast,Limestone,2023,3,2023-03-01,6475.86,5333812.33,4449095.77,1138,217302.1,0.0298,6881.3,727.5,47112.12,46492.81,619.31,1.31,2460.73,4.612,0,2,0,,,0,,,1.84,0,0,0,Completed
MINE-021,Jharkhand Limestone Mine 21,Eastern,Jharkhand,Open-Cast,Limestone,2023,6,2023-06-01,3330.73,1715441.24,1346704.37,317,61327.5,0.0543,4063.69,741.07,24683.07,17748.04,6935.03,28.1,1026.05,1.754,0,2,0,,,0,,,0.43,0,0,0,Completed
MINE-021,Jharkhand Limestone Mine 21,Eastern,Jharkhand,Open Cast,Limestone,2019,7,2019-07-01,3879.88,1715441.24,1521045.88,321,58438.1,0.0664,3430.79,761.23,29534.96,22518.84,7016.11,23.76,741.71,5.122,0,3,0,,,0,,,0.94,1,0,1,In Progress
MINE-022,West Copper Mine 22,Eastern,West Bengal,Open Cast,Copper Ore,2017,12,2017-12-01,63865.97,11657228.78,10451243.06,1976,367567.3,0.1738,75545.86,7262.93,4638542.93,3265261.77,1373281.16,29.61,16509.46,31.976,0,0,1,Equipment,Under Review,0,,,1.77,1,0,1,Overdue
MINE-008,Telangana Iron Mine 8,Southern,Telangana,Open Cast,Iron Ore,2020,8,2020-08-01,13489.03,4242653.83,3486629.56,700,149018.1,0.0905,10795.6,7282.11,982286.04,596810.86,385475.18,39.24,3755.02,12.66,0,1,0,,,1,Fire,Moderate,0.94,0,0,0,Completed
MINE-008,Telangana Iron Mine 8,Southern,Telangana,Open Cast,Iron Ore,2018,10,2018-10-01,14489.08,4242653.83,3810196.24,740,136701.7,0.106,15996.33,6886.38,997772.71,826671.29,171101.41,17.15,2431.69,13.178,0,1,0,,,1,Haulage/Transport,Minor,0.79,0,0,0,Completed
MINE-001,Jharkhand Coal Mine 1,Eastern,Jharkhand,Underground,Coal,2021,10,2021-10-01,156864.34,15973322.74,8465463.94,2793,556300.5,0.282,260665.35,2680.53,4204793.49,3225098.1,979695.4,23.3,57929.46,110.391,0,1,0,,,1,Fall of Roof/Rock,Minor,0.9,0,0,0,Completed
MINE-028,Telangana Coal Mine 28,Southern,Telangana,Open Cast,Coal,2020,4,2020-04-01,17406.21,10510635.28,9195504.34,1032,209304.9,0.0832,17458.91,2408.28,419190.61,368201.65,50988.96,12.16,3189.92,10.477,0,2,1,Equipment,Closed,3,Machinery,Minor,3.86,1,0,1,Overdue
MINE-027,Gujarat Iron Mine 27,Western,Gujarat,Open Cast,Iron Ore,2020,9,2020-09-01,9544.68,6248149.8,5375206.45,691,150893.4,0.0633,11401.27,5910.85,564171.71,397805.86,166365.86,29.49,3411.49,9.831,0,2,1,Documentation,Open,0,,,1.51,1,0,1,In Progress
MINE-018,Telangana Iron Mine 18,Southern,Telangana,Mixed,Iron Ore,2019,5,2019-05-01,11206.14,4638464.7,4125354.7,957,191041.2,0.0587,11903.5,3989.8,447102.2,315117.2,131985.0,29.52,2265.52,12.385,0,2,0,,,0,,,2.07,1,0,1,In Progress
MINE-005,Madhya Coal Mine 5,Central,Madhya Pradesh,Open Cast,Coal,2016,5,2016-05-01,21956.81,6162270.35,6048773.74,1059,197274.8,0.1113,28085.79,2421.95,531783.16,418589.67,113193.48,21.29,7351.49,17.376,0,2,1,Equipment,Under Review,1,Fire,Minor,1.04,1,0,1,Pending
MINE-028,Telangana Coal Mine 28,Southern,Telangana,Open Cast,Coal,2020,8,2020-08-01,13634.68,10510635.28,9127787.0,911,168577.0,0.0809,11594.73,2475.7,337553.72,216204.19,121349.54,35.95,5687.09,7.334,0,2,0,,,0,,,1.14,0,0,0,Completed
MINE-010,Uttar Coal Mine 10,Northern,Uttar Pradesh,Mixed,Coal,2024,4,2024-04-01,69984.44,3804225.22,250550.95,1134,205917.7,0.3399,72478.99,3495.91,2446596.32,1404208.18,1042388.14,42.61,31091.77,38.211,0,0,0,,,0,,,0.51,0,0,0,Completed
MINE-013,Odisha Coal Mine 13,Eastern,Odisha,Open Cast,Coal,2022,7,2022-07-01,58721.95,11260157.97,7971257.29,649,135443.3,0.4336,74652.79,2808.07,1648955.16,1180897.68,468057.48,28.39,23200.28,34.492,0,0,1,Environmental,Under Review,2,Gas/Explosion,Serious,2.97,1,0,1,In Progress
MINE-002,West Iron Mine 2,Eastern,West Bengal,Open Cast,Iron Ore,2024,5,2024-05-01,61130.08,31788526.71,24752968.98,1934,362472.2,0.1686,69657.29,5535.72,3383989.14,2876658.17,507330.98,14.99,12502.25,27.261,0,1,0,,,1,Slip/Fall,Minor,1.04,1,0,1,Completed
MINE-010,Uttar Coal Mine 10,Northern,Uttar Pradesh,Mixed,Coal,2016,5,2016-05-01,14826.84,3804225.22,3736117.33,673,121447.8,0.1221,22016.33,2337.39,346560.82,227868.74,118692.08,34.25,6498.86,17.218,0,1,0,,,0,,,1.68,0,0,0,Completed
MINE-006,Maharashtra Limestone Mine 6,Western,Maharashtra,open cast,Limestone,2018,2,2018-02-01,19064.07,4919591.78,4542605.31,721,145948.8,0.1306,23624.34,1033.33,196994.94,131379.81,65615.12,33.31,3641.24,13.398,0,1,0,,,0,,,0.8,1,0,1,Overdue
MINE-003,Odisha Coal Mine 3,Eastern,Odisha,Underground,Coal,2024,2,2024-02-01,396026.22,24608205.58,6283710.66,1941,394337.0,1.0043,535450.4,2717.2,10760838.86,7584224.06,3176614.8,29.52,199890.63,263.613,0,1,0,,,3,Haulage/Transport,Moderate,3.59,0,0,0,Completed
MINE-006,Maharashtra Limestone Mine 6,Western,Maharashtra,open cast,Limestone,2021,2,2021-02-01,27389.48,4919591.78,3738882.99,761,161830.9,0.1692,32796.27,1285.3,352038.07,305905.47,46132.6,13.1,10201.53,20.53,0,2,0,,,0,,,1.87,0,0,0,Completed
MINE-003,Odisha Coal Mine 3,Eastern,Odisha,Underground,Coal,2017,6,2017-06-01,91332.6,24608205.58,23244319.22,1141,214224.7,0.4263,119893.88,2741.36,2503756.95,1767910.7,735846.25,29.39,35021.72,57.824,0,1,0,,,1,Machinery,Minor,1.43,0,0,0,Completed
MINE-008,Telangana Iron Mine 8,Southern,Telangana,Open Cast,Iron Ore,2024,8,2024-08-01,18358.95,4242653.83,2613033.19,744,161777.6,0.1135,22452.34,7644.01,1403360.64,1168165.89,235194.75,16.76,7573.78,11.803,0,2,1,Operational,Under Review,0,,,1.68,1,0,1,Completed
MINE-025,Madhya Limestone Mine 25,Central,Madhya Pradesh,Open Cast,Limestone,2021,3,2021-03-01,8019.98,5333812.33,4625565.16,1101,233827.5,0.0343,8449.02,763.2,61208.19,62160.17,-951.98,-1.56,2085.14,10.18,0,1,0,,,0,,,0.26,0,0,0,Completed
MINE-008,Telangana Iron Mine 8,Southern,Telangana,Open Cast,Iron Ore,2022,11,2022-11-01,19244.46,4242653.83,3027186.56,764,166528.7,0.1156,20489.72,7732.37,1488052.85,1042162.51,445890.34,29.96,5404.52,9.952,0,3,1,Environmental,Under Review,0,,,0.62,1,0,1,Pending
MINE-024,Chhattisgarh Bauxite Mine 24,Central,Chhattisgarh,Underground,Bauxite,2019,9,2019-09-01,43156.7,8763956.29,7367439.06,1126,212738.3,0.2029,61015.17,1695.69,731801.87,613022.79,118779.08,16.23,17906.75,35.084,0,2,0,,,0,,,1.18,0,0,0,Completed
MINE-002,West Iron Mine 2,Eastern,West Bengal,Open Cast,Iron Ore,2016,4,2016-04-01,81596.13,31788526.71,31465711.23,2104,459258.7,0.1777,89246.65,5198.15,4241492.42,2917011.56,1324480.86,31.23,36661.16,46.388,0,0,0,,,0,,,1.43,0,0,0,Completed
MINE-025,Madhya Limestone Mine 25,Central,Madhya Pradesh,Open Cast,Limestone,2021,4,2021-04-01,9252.93,5333812.33,4616312.23,1158,230831.8,0.0401,9148.04,761.71,70480.51,63733.19,6747.31,9.57,3004.54,11.334,0,2,0,,,0,,,0.74,0,0,0,Completed
MINE-009,Andhra Iron Mine 9,Southern,Andhra Pradesh,UNDERGROUND,Iron Ore,2020,1,2020-01-01,36118.03,7961285.52,6304603.14,1090,225208.0,0.1604,43797.67,4841.91,1748803.52,1420011.0,328792.52,18.8,20421.06,25.21,0,1,0,,,1,Machinery,Minor,0.75,0,0,0,Completed
MINE-014,Chhattisgarh Bauxite Mine 14,Central,Chhattisgarh,Underground,Bauxite,2022,5,2022-05-01,7721.8,3172486.06,2427985.48,750,160733.2,0.048,11087.32,2685.65,207380.28,180534.46,26845.82,12.95,3431.13,7.436,0,2,0,,,0,,,0.2,0,0,0,Completed
MINE-011,Jharkhand Coal Mine 11,Eastern,Jharkhand,Underground,Coal,2022,10,2022-10-01,96007.24,4815796.69,715554.04,598,125140.8,0.7672,122114.83,2291.14,2199664.76,1793790.86,405873.9,18.45,48933.15,65.927,0,2,0,,,2,Gas/Explosion,Serious,2.69,0,0,0,Completed
MINE-020,Uttar Iron Mine 20,Northern,Uttar Pradesh,Open Cast,Iron Ore,2024,6,2024-06-01,26610.19,4723977.98,2752309.27,458,93442.2,0.2848,25793.32,4937.31,1313827.07,1001815.77,312011.3,23.75,6021.59,14.666,0,3,2,Documentation,Open,2,Fire,Moderate,3.67,2,1,1,Overdue
MINE-005,Madhya Coal Mine 5,Central,Madhya Pradesh,Open Cast,Coal,2019,5,2019-05-01,17817.37,6162270.35,5369791.82,1042,227830.4,0.0782,17441.08,2364.46,421284.35,326188.25,95096.1,22.57,4020.49,12.387,0,3,2,Documentation,Open,0,,,0.79,2,1,1,Pending
MINE-026,Maharashtra Copper Mine 26,Western,Maharashtra,Underground,Copper Ore,2019,8,2019-08-01,16480.74,3439638.4,2693810.78,495,102448.9,0.1609,24982.6,7327.16,1207570.78,902503.02,305067.76,25.26,5855.94,15.882,0,0,0,,,2,Machinery,Minor,1.12,0,0,0,Completed
MINE-017,Gujarat Iron Mine 17,Western,Gujarat,Open Cast,Iron Ore,2017,3,2017-03-01,31721.44,13268212.21,12715512.4,456,95369.8,0.3326,37614.22,4980.39,1579850.84,1195863.61,383987.23,24.31,11794.06,22.708,0,1,0,,,0,,,1.12,0,0,0,Completed
MINE-020,Uttar Iron Mine 20,Northern,Uttar Pradesh,Open Cast,Iron Ore,2022,4,2022-04-01,21556.57,4723977.98,3317552.95,433,84203.8,0.256,23290.44,4638.94,999996.1,844329.35,155666.75,15.57,9143.94,13.894,0,3,0,,,0,,,1.9,0,0,0,Completed
MINE-028,Telangana Coal Mine 28,Southern,Telangana,Open Cast,Coal,2019,12,2019-12-01,20390.45,10510635.28,9269523.71,1015,212306.5,0.096,20533.41,2459.76,501555.6,423164.07,78391.53,15.63,3882.91,15.583,0,1,0,,,1,Electrical,Minor,0.73,0,0,0,Completed
MINE-012,West Iron Mine 12,Eastern,West Bengal,Open Cast,Iron Ore,2022,12,2022-12-01,157618.46,17808314.68,9784923.55,1169,245386.7,0.6423,193033.14,5512.86,8689283.56,7269801.86,1419481.69,16.34,31242.98,74.07,0,1,1,Safety,Open,0,,,2.14,1,0,1,Overdue
MINE-007,Gujarat Coal Mine 7,Western,Gujarat,Underground,Coal,2022,10,2022-10-01,10566.83,4595599.71,3647718.13,1518,277126.9,0.0381,12291.36,3190.71,337156.62,285091.15,52065.47,15.44,3969.43,10.474,0,1,0,,,0,,,0.97,0,0,0,Completed
MINE-012,West Iron Mine 12,Eastern,West Bengal,Open Cast,Iron Ore,2018,2,2018-02-01,78333.8,17808314.68,16097243.05,961,204465.4,0.3831,77416.69,5538.08,4338189.91,3526052.14,812137.77,18.72,11820.79,32.933,0,0,0,,,4,Fall of Roof/Rock,Moderate,2.78,0,0,0,Completed
MINE-022,West Copper Mine 22,Eastern,West Bengal,Open Cast,Copper Ore,2017,6,2017-06-01,55194.14,11657228.78,10794930.78,1873,384271.5,0.1436,57621.52,7459.04,4116953.55,2952250.76,1164702.79,28.29,20278.73,31.387,0,3,0,,,0,,,2.34,0,0,0,Completed
MINE-014,Chhattisgarh Bauxite Mine 14,Central,Chhattisgarh,Underground,Bauxite,2020,10,2020-10-01,7978.78,3172486.06,2575716.55,775,163344.8,0.0488,11984.17,2884.46,230144.41,204041.38,26103.03,11.34,4731.99,10.059,0,0,0,,,2,Gas/Explosion,Minor,1.76,0,0,0,Completed
MINE-007,Gujarat Coal Mine 7,Western,Gujarat,Underground,Coal,2016,8,2016-08-01,9949.29,4595599.71,4502035.42,1507,278439.2,0.0357,14941.44,2513.52,250077.04,176037.69,74039.35,29.61,5199.45,9.882,0,0,0,,,2,Fall of Roof/Rock,Moderate,2.55,0,0,0,Completed
MINE-013,Odisha Coal Mine 13,Eastern,Odisha,Open Cast,Coal,2024,8,2024-08-01,76979.76,11260157.97,6191280.03,713,149416.2,0.5152,77161.93,2751.48,2118081.6,1583237.18,534844.42,25.25,32376.84,40.574,0,3,0,,,0,,,1.79,0,0,0,Completed
MINE-004,Chhattisgarh Coal Mine 4,Central,Chhattisgarh,Underground,Coal,2019,2,2019-02-01,8697.49,3455223.81,3032257.32,1415,,0.03,14752.82,2234.18,194317.77,177426.51,16891.26,8.69,1835.37,7.259,0,2,0,,,2,Slip/Fall,Minor,1.2,0,0,0,Completed
MINE-002,West Iron Mine 2,Eastern,West Bengal,Open Cast,Iron Ore,2018,4,2018-04-01,67193.83,31788526.71,29525304.62,2018,383383.5,0.1753,57735.8,5139.98,3453749.39,2205864.06,1247885.33,36.13,20743.53,27.7,0,0,0,,,0,,,0.82,0,0,0,Completed
MINE-014,Chhattisgarh Bauxite Mine 14,Central,Chhattisgarh,Underground,Bauxite,2021,12,2021-12-01,7709.48,3172486.06,2464373.44,814,160186.4,0.0481,12140.24,2730.63,210517.28,169898.49,40618.79,19.29,3380.75,12.247,0,2,1,Operational,Closed,0,,,1.28,1,0,1,In Progress
MINE-022,West Copper Mine 22,Eastern,West Bengal,Open Cast,Copper Ore,2024,4,2024-04-01,194303.26,11657228.78,1918587.74,3066,581579.5,0.3341,195873.55,10813.05,21010117.06,12335000.26,8675116.8,41.29,43847.18,81.709,0,1,0,,,0,,,1.16,0,0,0,Completed
MINE-025,Madhya Limestone Mine 25,Central,Madhya Pradesh,Open Cast,Limestone,2018,7,2018-07-01,10771.93,5333812.33,4934469.02,1197,244904.5,0.044,9542.6,882.43,95054.91,75794.68,19260.24,20.26,3955.89,6.227,0,2,0,,,0,,,0.97,1,0,1,In Progress
MINE-023,Odisha Copper Mine 23,Eastern,Odisha,Open Cast,Copper Ore,2023,7,2023-07-01,95210.4,20545143.55,13964192.77,1830,336296.6,0.2831,97534.1,5517.45,5253185.28,3057310.82,2195874.47,41.8,28160.87,43.443,0,1,1,Operational,Closed,1,Gas/Explosion,Minor,2.62,1,0,1,In Progress
MINE-004,Chhattisgarh Coal Mine 4,Central,Chhattisgarh,Underground,Coal,2019,7,2019-07-01,7824.62,3455223.81,2987912.93,1404,299913.6,0.0261,11282.79,2527.57,197772.62,153976.24,43796.37,22.14,1835.53,11.96,0,1,0,,,1,Machinery,Minor,2.37,0,0,0,Completed
MINE-019,Andhra Coal Mine 19,Southern,Andhra Pradesh,Open Cast,Coal,2021,10,2021-10-01,31407.62,6903354.37,4996694.72,134,25381.5,1.2374,40035.46,2530.72,794837.6,626444.29,168393.32,21.19,13785.3,25.192,0,2,1,Environmental,Open,1,Gas/Explosion,Minor,1.72,2,1,1,In Progress
MINE-001,Jharkhand Coal Mine 1,Eastern,Jharkhand,Underground,Coal,2018,6,2018-06-01,108038.83,15973322.74,13563556.6,2608,495902.3,0.2179,161223.09,2634.31,2846078.11,1936833.84,909244.26,31.95,53634.44,79.72,0,3,0,,,1,Haulage/Transport,Minor,2.62,0,0,0,Completed
MINE-026,Maharashtra Copper Mine 26,Western,Maharashtra,Underground,Copper Ore,2018,4,2018-04-01,14358.77,3439638.4,2989903.25,469,96083.6,0.1494,23989.7,7405.69,1063366.24,886765.75,176600.49,16.61,3111.23,14.247,0,2,1,Emergency Preparedness,Open,0,,,0.85,1,0,1,Pending
MINE-001,Jharkhand Coal Mine 1,Eastern,Jharkhand,Underground,Coal,2017,11,2017-11-01,92193.48,15973322.74,14251893.4,2606,527609.7,0.1747,148853.99,2690.52,2480479.86,1720022.29,760457.57,30.66,55809.71,77.958,0,3,0,,,0,,,1.63,1,0,1,Pending
MINE-017,Gujarat Iron Mine 17,Western,Gujarat,Open Cast,Iron Ore,2018,12,2018-12-01,37514.29,13268212.21,12003820.71,449,92940.5,0.4036,40735.84,5343.34,2004516.81,1394814.26,609702.55,30.42,15331.61,22.95,0,1,0,,,0,,,1.89,1,0,1,Completed
MINE-010,Uttar Coal Mine 10,Northern,Uttar Pradesh,mixed,Coal,2023,6,2023-06-01,64536.51,3804225.22,931112.16,1168,246680.5,0.2616,71383.02,3763.31,2428710.76,1841127.66,587583.1,24.19,18381.9,34.244,0,0,2,Equipment,Under Review,0,,,1.55,2,0,2,Overdue
MINE-022,West Copper Mine 22,Eastern,West Bengal,Open Cast,Copper Ore,2017,9,2017-09-01,49445.06,11657228.78,10633495.24,1747,346641.3,0.1426,60942.61,7702.08,3808297.92,2782914.16,1025383.77,26.92,11096.13,28.74,0,0,1,Emergency Preparedness,Open,0,,,2.34,1,0,1,In Progress
MINE-011,Jharkhand Coal Mine 11,Eastern,Jharkhand,Underground,Coal,2018,2,2018-02-01,32810.78,4815796.69,4118843.73,411,85341.9,0.3845,52824.39,2447.97,803197.71,471360.33,331837.39,41.31,15022.11,29.437,0,4,0,,,0,,,1.92,0,0,0,Completed
MINE-004,Chhattisgarh Coal Mine 4,Central,Chhattisgarh,Underground,Coal,2024,1,2024-01-01,5182.03,3455223.81,2622238.14,1305,239020.7,0.0217,8927.23,2292.35,118790.24,104180.09,14610.15,12.3,2978.57,9.412,0,3,0,,,1,Electrical,Minor,2.4,0,0,0,Completed
MINE-007,Gujarat Coal Mine 7,Western,Gujarat,Underground,Coal,2018,11,2018-11-01,12050.07,4595599.71,4190450.88,1464,294945.6,0.0409,16150.81,2603.59,313733.83,282882.83,30851.0,9.83,4644.8,9.912,0,2,2,Emergency Preparedness,Closed,2,Gas/Explosion,Minor,2.22,2,1,1,Pending
MINE-029,Andhra Copper Mine 29,Southern,Andhra Pradesh,Open Cast,Copper Ore,2017,7,2017-07-01,30867.63,11305197.36,10688281.45,268,49777.5,0.6201,28635.11,8309.27,2564875.52,1600317.08,964558.43,37.61,9557.65,16.449,0,2,0,,,1,Haulage/Transport,Minor,0.49,0,0,0,Completed
MINE-005,Madhya Coal Mine 5,Central,Madhya Pradesh,Open Cast,Coal,2018,5,2018-05-01,19777.79,6162270.35,5565302.46,1129,231403.4,0.0855,24016.32,2510.0,496421.72,338698.27,157723.45,31.77,7582.45,17.599,0,0,0,,,1,Gas/Explosion,Fatal,0.68,0,0,0,Completed
MINE-001,Jharkhand Coal Mine 1,Eastern,Jharkhand,Underground,Coal,2019,8,2019-08-01,100712.07,15973322.74,12116138.71,2468,542822.7,0.1855,121861.48,2579.76,2598133.67,1788970.45,809163.22,31.14,58445.71,73.628,0,0,0,,,1,Fire,Moderate,0.68,1,0,1,Overdue
MINE-001,Jharkhand Coal Mine 1,Eastern,Jharkhand,Underground,Coal,2023,4,2023-04-01,197853.05,15973322.74,5013258.86,3095,642884.3,0.3078,345537.69,2377.81,4704570.78,2751648.82,1952921.96,41.51,67288.45,137.875,0,2,0,,,2,Fall of Roof/Rock,Serious,2.43,0,0,0,Completed
MINE-021,Jharkhand Limestone Mine 21,Eastern,Jharkhand,Open Cast,Limestone,2018,6,2018-06-01,4464.4,1715441.24,1574995.68,350,74519.7,0.0599,4216.93,851.55,38016.37,34052.74,3963.63,10.43,1402.8,9.61,0,1,0,,,1,Haulage/Transport,Minor,0.99,1,0,1,Pending
MINE-023,Odisha Copper Mine 23,Eastern,Odisha,Open Cast,Copper Ore,2024,6,2024-06-01,119724.14,20545143.55,12763712.29,1932,356402.7,0.3359,116994.96,6165.71,7381847.88,5900355.95,1481491.93,20.07,41840.01,62.12,0,2,0,,,0,,,1.78,0,0,0,Completed
MINE-015,Madhya Iron Mine 15,Central,Madhya Pradesh,Open Cast,Iron Ore,2017,10,2017-10-01,52355.93,14086398.07,13179303.39,890,191849.9,0.2729,60613.43,5462.25,2859812.88,2394222.73,465590.15,16.28,18123.76,34.19,0,3,1,ENVIRONMENTAL,Closed,0,,,0.92,1,0,1,In Progress
MINE-006,Maharashtra Limestone Mine 6,Western,Maharashtra,Open Cast,Limestone,2017,10,2017-10-01,15698.27,4919591.78,4610590.08,695,131234.3,0.1196,15334.51,977.6,153466.87,98581.55,54885.32,35.76,5143.53,12.354,0,1,0,,,0,,,0.24,0,0,0,Completed
MINE-003,Odisha Coal Mine 3,Eastern,Odisha,Underground,Coal,2021,7,2021-07-01,209111.1,24608205.58,15913861.31,1412,296490.5,0.7053,266928.49,2737.68,5724800.83,4715245.27,1009555.56,17.63,46894.15,110.115,0,0,0,,,1,Electrical,Moderate,0.54,0,0,0,Completed
MINE-024,Chhattisgarh Bauxite Mine 24,Central,Chhattisgarh,Underground,Bauxite,2023,8,2023-08-01,68607.72,8763956.29,4574488.26,1402,259221.6,0.2647,97033.28,1468.31,1007373.36,642952.24,364421.12,36.18,22370.57,41.606,0,3,0,,,1,Slip/Fall,Minor,1.37,0,0,0,Completed
MINE-008,Telangana Iron Mine 8,Southern,Telangana,Open Cast,Iron Ore,2016,10,2016-10-01,11818.13,4242653.83,4125025.91,694,148913.8,0.0794,9641.03,5745.54,679015.93,557570.86,121445.07,17.89,4454.58,10.479,0,2,0,,,1,Haulage/Transport,Serious,1.58,0,0,0,Completed
MINE-023,Odisha Copper Mine 23,Eastern,Odisha,Open Cast,Copper Ore,2016,5,2016-05-01,51807.65,20545143.55,20298466.42,1579,289866.4,0.1787,52580.34,7955.84,4121730.94,2774440.36,1347290.58,32.69,15887.6,26.781,0,2,1,Environmental,Under Review,1,Fall of Roof/Rock,Minor,1.63,1,0,1,Pending
MINE-029,Andhra Copper Mine 29,Southern,Andhra Pradesh,Open Cast,Copper Ore,2022,6,2022-06-01,42941.27,11305197.36,8476401.32,289,57830.4,0.7425,36876.56,8233.58,3535604.28,2136789.15,1398815.12,39.56,18721.0,21.393,0,0,0,,,1,Machinery,Minor,0.69,0,0,0,Completed
MINE-013,Odisha Coal Mine 13,Eastern,Odisha,Open Cast,Coal,2016,3,2016-03-01,27965.43,11260157.97,11179246.96,567,113966.9,0.2454,22692.49,2311.56,646436.81,444056.76,202380.05,31.31,6153.42,10.157,0,1,1,Emergency Preparedness,Under Review,1,Gas/Explosion,Minor,0.76,1,0,1,Pending
MINE-005,Madhya Coal Mine 5,Central,Madhya Pradesh,Open Cast,Coal,2024,6,2024-06-01,9286.32,6162270.35,4641105.57,1039,206886.9,0.0449,8042.1,2495.05,231697.96,210379.09,21318.86,9.2,2014.51,8.405,0,1,0,,,0,,,0.49,0,0,0,Completed
MINE-021,Jharkhand Limestone Mine 21,Eastern,Jharkhand,Open Cast,Limestone,2024,2,2024-02-01,3424.65,1715441.24,1319899.16,323,63755.6,0.0537,3312.56,618.9,21195.27,15502.12,5693.14,26.86,628.65,5.594,0,2,0,,,0,,,0.9,0,0,0,Completed
MINE-025,Madhya Limestone Mine 25,Central,Madhya Pradesh,Open Cast,Limestone,2022,11,2022-11-01,7019.13,5333812.33,4476312.77,1189,218926.3,0.0321,6791.54,731.95,51376.72,56078.03,-4701.31,-9.15,1941.1,4.536,0,0,0,,,0,,,1.65,0,0,0,Completed
MINE-011,Jharkhand Coal Mine 11,Eastern,Jharkhand,Underground,Coal,2016,1,2016-01-01,20465.01,4815796.69,4795331.68,364,74979.7,0.2729,23342.56,2401.35,491436.26,384396.03,107040.23,21.78,7748.85,15.217,0,2,1,Equipment,Closed,0,,,0.68,1,0,1,In Progress
MINE-009,Andhra Iron Mine 9,Southern,Andhra Pradesh,Underground,Iron Ore,2018,10,2018-10-01,32859.57,7961285.52,6805457.21,1110,241848.1,0.1359,39448.01,5518.29,1813286.04,1200535.3,612750.74,33.79,8469.54,17.617,0,2,0,,,0,,,0.91,0,0,0,Completed
MINE-030,Uttar Iron Mine 30,Northern,Uttar Pradesh,Mixed,Iron Ore,2017,2,2017-02-01,29320.65,9769224.08,9372681.96,769,159662.9,0.1836,27476.02,5376.9,1576542.57,1293509.89,283032.68,17.95,8223.44,20.249,0,1,2,Emergency Preparedness,Open,0,,,1.94,2,1,1,Pending
MINE-025,Madhya Limestone Mine 25,Central,Madhya Pradesh,Open Cast,Limestone,2017,5,2017-05-01,14074.85,5333812.33,5102231.05,1253,229572.8,0.0613,17482.26,876.04,123301.23,86150.22,37151.02,30.13,2889.57,10.925,0,1,1,Environmental,Open,0,,,0.96,1,0,1,In Progress
MINE-022,West Copper Mine 22,Eastern,West Bengal,Open Cast,Copper Ore,2019,5,2019-05-01,81474.82,11657228.78,9299284.34,2182,462551.7,0.1761,75115.2,7986.16,6506712.38,4458439.84,2048272.53,31.48,35285.97,41.139,0,0,0,,,0,,,1.27,2,0,2,Pending
MINE-018,Telangana Iron Mine 18,Southern,Telangana,Mixed,Iron Ore,2020,3,2020-03-01,10340.13,4638464.7,4018129.86,951,205768.2,0.0503,10139.3,4010.97,414739.43,312423.28,102316.15,24.67,5049.18,9.317,0,2,0,,,1,Electrical,Minor,2.76,1,0,1,Overdue
MINE-030,Uttar Iron Mine 30,Northern,Uttar Pradesh,Mixed,Iron Ore,2023,8,2023-08-01,23463.91,9769224.08,7317344.24,726,132948.3,0.1765,27967.0,4945.27,1160353.87,734230.26,426123.61,36.72,6526.13,15.189,0,2,0,,,0,,,2.33,0,0,0,Completed
MINE-030,Uttar Iron Mine 30,Northern,Uttar Pradesh,Mixed,Iron Ore,2020,6,2020-06-01,26268.78,9769224.08,8263845.14,711,145469.2,0.1806,33755.43,5501.81,1445257.26,1133821.7,311435.56,21.55,7517.73,17.345,0,2,0,,,0,,,2.19,0,0,0,Completed
MINE-029,Andhra Copper Mine 29,Southern,Andhra Pradesh,Open Cast,Copper Ore,2018,3,2018-03-01,34937.73,11305197.36,10420970.01,274,52152.6,0.6699,27957.5,8565.55,2992609.79,2524967.52,467642.27,15.63,15647.97,19.769,0,2,0,,,0,,,2.41,0,0,0,Completed
MINE-015,Madhya Iron Mine 15,Central,Madhya Pradesh,Open Cast,Iron Ore,2019,6,2019-06-01,62451.25,14086398.07,12074407.04,953,171579.8,0.364,50683.34,6107.27,3814068.22,2225182.3,1588885.92,41.66,26229.61,28.997,0,2,0,,,0,,,1.97,0,0,0,Completed
MINE-006,Maharashtra Limestone Mine 6,Western,Maharashtra,Open Cast,Limestone,2024,2,2024-02-01,39897.36,4919591.78,2460920.14,960,186254.5,0.2142,35817.62,997.97,398164.36,275350.37,122813.99,30.85,11536.74,21.948,0,2,0,,,0,,,1.06,1,0,1,Completed
MINE-011,Jharkhand Coal Mine 11,Eastern,Jharkhand,Underground,Coal,2022,8,2022-08-01,77395.3,4815796.69,905119.85,549,108248.1,0.715,133800.69,2206.53,1707749.07,1351882.63,355866.44,20.84,23041.33,56.692,0,1,0,,,0,,,2.47,0,0,0,Completed
MINE-008,Telangana Iron Mine 8,Southern,Telangana,Open Cast,Iron Ore,2023,5,2023-05-01,19336.32,4242653.83,2912303.93,743,135966.4,0.1422,15829.04,7146.47,1381863.79,834628.58,547235.21,39.6,8115.18,11.146,0,0,0,,,1,Haulage/Transport,Fatal,1.65,0,0,0,Completed
MINE-020,Uttar Iron Mine 20,Northern,Uttar Pradesh,Open Cast,Iron Ore,2018,5,2018-05-01,17019.81,4723977.98,4228617.76,400,74926.9,0.2272,16074.09,5383.06,916186.1,738287.62,177898.48,19.42,6935.59,13.162,0,1,0,,,0,,,0.47,1,0,1,In Progress
MINE-029,Andhra Copper Mine 29,Southern,Andhra Pradesh,Open Cast,Copper Ore,2020,6,2020-06-01,41776.77,11305197.36,9433189.69,282,59944.6,0.6969,39169.79,7431.74,3104740.7,1962526.32,1142214.38,36.79,10103.09,21.816,0,2,0,,,0,,,1.63,1,0,1,Completed
MINE-023,Odisha Copper Mine 23,Eastern,Odisha,Open Cast,Copper Ore,2017,7,2017-07-01,54892.24,20545143.55,19551653.94,1543,298372.3,0.184,50753.94,7701.46,4227502.45,2515636.29,1711866.16,40.49,19951.63,32.645,0,1,0,,,1,Fall of Roof/Rock,Moderate,0.91,0,0,0,Completed
MINE-009,Andhra Iron Mine 9,Southern,Andhra Pradesh,Underground,Iron Ore,2016,6,2016-06-01,32880.78,7961285.52,7754763.78,1111,213201.0,0.1542,36796.4,5044.03,1658514.9,1410059.71,248455.2,14.98,17725.68,20.074,0,3,1,Environmental,Closed,1,Fall of Roof/Rock,Minor,2.98,1,0,1,In Progress
MINE-015,Madhya Iron Mine 15,Central,Madhya Pradesh,Open Cast,Iron Ore,2024,7,2024-07-01,134303.51,14086398.07,6481264.41,1294,239510.6,0.5607,144770.25,6210.45,8340847.91,6563047.7,1777800.21,21.31,49491.0,73.696,0,0,0,,,0,,,1.74,0,0,0,Completed
MINE-011,Jharkhand Coal Mine 11,Eastern,Jharkhand,Underground,Coal,2020,6,2020-06-01,61331.41,4815796.69,2858892.13,504,109471.5,0.5602,82535.28,2334.36,1431694.94,918263.43,513431.51,35.86,33511.68,42.15,0,1,0,,,2,Slip/Fall,Minor,1.42,1,0,1,Overdue
MINE-003,Odisha Coal Mine 3,Eastern,Odisha,Underground,Coal,2016,6,2016-06-01,73450.6,24608205.58,24193134.81,1073,194878.2,0.3769,103900.76,2379.7,1747904.09,1252948.29,494955.8,28.32,39519.45,58.691,0,2,0,,,0,,,1.94,0,0,0,Completed
MINE-006,Maharashtra Limestone Mine 6,Western,Maharashtra,Open Cast,Limestone,2016,4,2016-04-01,13066.05,4919591.78,4869754.35,656,119515.9,0.1093,15674.6,871.87,113919.51,85304.38,28615.13,25.12,4337.78,12.668,0,1,0,,,1,Fall of Roof/Rock,Minor,2.31,0,0,0,Completed
MINE-023,Odisha Copper Mine 23,Eastern,Odisha,Open Cast,Copper Ore,2018,12,2018-12-01,70657.35,20545143.55,18481876.61,1611,324290.2,0.2179,79136.5,7561.32,5342627.74,3146264.71,2196363.02,41.11,19973.51,37.064,0,1,0,,,0,,,1.71,0,0,0,Completed
MINE-022,West Copper Mine 22,Eastern,West Bengal,Open Cast,Copper Ore,2022,1,2022-01-01,135834.54,11657228.78,6086505.31,2467,480043.5,0.283,143229.68,9206.02,12504956.76,8367052.08,4137904.68,33.09,31686.24,64.929,0,0,1,DOCUMENTATION,Open,0,,,2.8,1,0,1,Overdue
MINE-007,Gujarat Coal Mine 7,Western,Gujarat,Underground,Coal,2019,2,2019-02-01,11495.57,4595599.71,4155183.11,1609,312138.3,0.0368,13680.83,2623.71,301610.65,196604.64,105006.01,34.82,6390.27,10.076,0,0,0,,,1,Fall of Roof/Rock,Moderate,2.46,0,0,0,Completed
MINE-008,Telangana Iron Mine 8,Southern,Telangana,Open Cast,Iron Ore,2019,12,2019-12-01,16635.53,4242653.83,3608032.72,743,141953.8,0.1172,13836.61,7370.38,1226102.1,781856.14,444245.96,36.23,7453.55,10.964,0,1,0,,,0,,,2.14,0,0,0,Completed
MINE-016,Maharashtra Iron Mine 16,Western,Maharashtra,Underground,Iron Ore,2017,11,2017-11-01,16005.38,3852023.09,3502430.34,464,84277.5,0.1899,21472.19,6052.93,968794.66,686687.96,282106.71,29.12,3747.24,10.278,0,1,1,Environmental,Open,0,,,1.82,1,0,1,Completed
MINE-019,Andhra Coal Mine 19,Southern,Andhra Pradesh,Open Cast,Coal,2021,9,2021-09-01,33443.08,6903354.37,5028102.34,134,25102.4,1.3323,36370.63,2543.95,850776.28,509395.58,341380.7,40.13,5427.43,17.967,0,0,0,,,2,Electrical,Minor,1.82,1,0,1,Pending
MINE-012,West Iron Mine 12,Eastern,West Bengal,Open Cast,Iron Ore,2022,5,2022-05-01,129533.69,17808314.68,10764264.52,1136,225694.2,0.5739,140335.21,5866.95,7599682.24,4517232.0,3082450.24,40.56,49462.57,74.094,0,0,0,,,1,Slip/Fall,Moderate,0.7,0,0,0,Completed
MINE-022,West Copper Mine 22,Eastern,West Bengal,Open Cast,Copper Ore,2020,6,2020-06-01,100562.0,11657228.78,8181902.48,2290,412744.9,0.2436,105338.84,8633.77,8682290.64,6557123.8,2125166.84,24.48,33486.1,52.417,0,2,0,,,0,,,2.38,0,0,0,Completed
MINE-027,Gujarat Iron Mine 27,Western,Gujarat,Open Cast,Iron Ore,2022,4,2022-04-01,7660.49,6248149.8,5212855.05,671,121289.3,0.0632,7279.3,5659.37,433535.42,269982.71,163552.72,37.73,2906.9,6.12,0,0,0,,,0,,,0.01,0,0,0,Completed
MINE-027,Gujarat Iron Mine 27,Western,Gujarat,Open Cast,Iron Ore,2023,7,2023-07-01,5748.01,6248149.8,5114708.09,688,126060.3,0.0456,4655.78,6041.79,347282.65,293918.05,53364.6,15.37,1978.8,5.154,0,1,1,Safety,Under Review,0,,,1.09,1,0,1,Completed
MINE-025,Madhya Limestone Mine 25,Central,Madhya Pradesh,Open Cast,Limestone,2021,6,2021-06-01,8949.69,5333812.33,4599267.0,1108,234928.4,0.0381,10791.82,758.71,67902.3,66232.57,1669.73,2.46,1936.25,11.864,0,1,0,,,1,Gas/Explosion,Minor,1.5,0,0,0,Completed
MINE-017,Gujarat Iron Mine 17,Western,Gujarat,Open Cast,Iron Ore,2019,12,2019-12-01,34040.22,13268212.21,11607431.01,430,81298.3,0.4187,29448.86,5820.63,1981354.57,1169491.44,811863.13,40.98,13679.16,15.705,0,0,0,,,0,,,0.46,0,0,0,Completed
MINE-030,Uttar Iron Mine 30,Northern,Uttar Pradesh,Mixed,Iron Ore,2019,1,2019-01-01,29265.04,9769224.08,8722619.22,716,131652.4,0.2223,39809.19,4952.17,1449255.36,1082400.5,366854.86,25.31,12050.34,20.087,0,3,0,,,1,Slip/Fall,Minor,1.5,0,0,0,Completed
MINE-018,Telangana Iron Mine 18,Southern,Telangana,Mixed,Iron Ore,2024,9,2024-09-01,7435.26,4638464.7,3521927.7,909,170874.4,0.0435,9671.62,4230.31,314534.46,206128.56,108405.91,34.47,1417.68,3.74,0,1,0,,,0,,,1.81,0,0,0,Completed
MINE-003,Odisha Coal Mine 3,Eastern,Odisha,Underground,Coal,2020,9,2020-09-01,182198.88,24608205.58,18033236.43,1474,283751.5,0.6421,278342.62,2783.01,5070608.3,3301484.19,1769124.11,34.89,55380.47,118.908,0,1,0,,,1,Fire,Moderate,1.31,0,0,0,Completed
MINE-005,Madhya Coal Mine 5,Central,Madhya Pradesh,Open Cast,Coal,2023,6,2023-06-01,9627.14,6162270.35,4750038.67,1004,197822.5,0.0487,10642.01,2452.21,236077.78,184226.39,51851.39,21.96,2871.88,7.01,0,1,2,Environmental,Open,0,,,3.07,2,1,1,Pending
MINE-005,Madhya Coal Mine 5,Central,Madhya Pradesh,Open Cast,Coal,2023,7,2023-07-01,9041.79,6162270.35,4740996.89,941,172534.4,0.0524,7445.79,2440.13,220631.11,166264.51,54366.6,24.64,3499.38,5.564,0,2,0,,,0,,,1.56,1,0,1,In Progress
MINE-017,Gujarat Iron Mine 17,Western,Gujarat,Open Cast,Iron Ore,2023,9,2023-09-01,25663.44,13268212.21,10294945.72,429,86181.6,0.2978,30789.9,5239.41,1344611.86,805625.51,538986.34,40.08,5650.02,15.581,0,1,0,,,0,,,0.98,0,0,0,Completed
MINE-007,Gujarat Coal Mine 7,Western,Gujarat,Underground,Coal,2024,3,2024-03-01,12234.38,4595599.71,3452644.29,1610,312322.8,0.0392,15290.31,3088.58,377868.37,283243.89,94624.49,25.04,5016.83,7.219,0,1,1,Safety,Open,1,Haulage/Transport,Minor,3.08,1,0,1,In Progress
MINE-011,Jharkhand Coal Mine 11,Eastern,Jharkhand,Underground,Coal,2018,7,2018-07-01,36645.6,4815796.69,3941678.03,415,84191.3,0.4353,61469.46,2511.71,920432.67,621952.05,298480.62,32.43,12735.37,28.323,0,3,0,,,0,,,0.49,0,0,0,Completed
MINE-004,Chhattisgarh Coal Mine 4,Central,Chhattisgarh,Underground,Coal,2018,3,2018-03-01,10266.45,3455223.81,3138952.12,1373,270721.0,0.0379,11954.45,2219.56,227869.77,196228.3,31641.48,13.89,4507.27,9.093,0,0,0,,,0,,,0.15,0,0,0,Completed
MINE-011,Jharkhand Coal Mine 11,Eastern,Jharkhand,Underground,Coal,2017,11,2017-11-01,29081.68,4815796.69,4223934.75,386,79222.6,0.3671,31905.29,2611.65,759511.23,590368.0,169143.23,22.27,7746.59,18.266,0,2,0,,,1,Machinery,Serious,2.48,0,0,0,Completed
MINE-021,Jharkhand Limestone Mine 21,Eastern,Jharkhand,Open Cast,Limestone,2019,1,2019-01-01,4847.23,1715441.24,1545301.34,351,65772.1,0.0737,5504.63,779.44,37781.28,28421.15,9360.13,24.77,1839.77,8.993,0,1,1,Documentation,Closed,0,,,1.78,1,0,1,Overdue
MINE-024,Chhattisgarh Bauxite Mine 24,Central,Chhattisgarh,UNDERGROUND,Bauxite,2018,8,2018-08-01,32040.65,8763956.29,7866321.04,1053,216865.3,0.1477,42363.44,1881.51,602847.26,481301.91,121545.35,20.16,9596.23,25.119,0,0,0,,,0,,,1.4,0,0,0,Completed
MINE-024,Chhattisgarh Bauxite Mine 24,Central,Chhattisgarh,Underground,Bauxite,2019,8,2019-08-01,35651.97,8763956.29,7410595.75,1027,194410.9,0.1834,54982.86,1677.11,597923.71,459298.59,138625.12,23.18,11296.31,28.673,0,0,0,,,0,,,0.77,0,0,0,Completed
MINE-007,Gujarat Coal Mine 7,Western,Gujarat,Underground,Coal,2016,4,2016-04-01,11990.94,4595599.71,4548412.87,1550,290920.5,0.0412,15195.73,2376.14,284921.5,231162.14,53759.36,18.87,6500.21,14.781,0,0,0,,,0,,,0.93,0,0,0,Completed
MINE-026,Maharashtra Copper Mine 26,Western,Maharashtra,Underground,Copper Ore,2018,2,2018-02-01,16528.74,3439638.4,3020929.77,474,90269.4,0.1831,18559.77,7263.37,1200543.86,987334.72,213209.14,17.76,7039.42,9.228,0,1,0,,,1,Fall of Roof/Rock,Moderate,2.49,0,0,0,Completed
MINE-009,Andhra Iron Mine 9,Southern,Andhra Pradesh,Underground,Iron Ore,2022,2,2022-02-01,32622.17,7961285.52,5450498.74,1135,235155.2,0.1387,36925.83,5190.69,1693314.7,1016463.73,676850.97,39.97,9747.54,18.277,0,1,0,,,0,,,0.25,0,0,0,Completed
MINE-027,Gujarat Iron Mine 27,Western,Gujarat,Open Cast,Iron Ore,2017,6,2017-06-01,17640.57,6248149.8,5889294.63,749,154370.6,0.1143,14263.45,6151.01,1085072.52,848482.36,236590.16,21.8,6516.6,7.542,0,0,0,,,0,,,0.51,0,0,0,Completed
MINE-019,Andhra Coal Mine 19,Southern,Andhra Pradesh,Open Cast,Coal,2017,9,2017-09-01,23084.78,6903354.37,6419695.49,120,22401.1,1.0305,19768.17,2522.86,582396.97,445788.35,136608.62,23.46,8900.51,10.883,0,2,0,,,1,Fall of Roof/Rock,Moderate,1.82,0,0,0,Completed
MINE-013,Odisha Coal Mine 13,Eastern,Odisha,Open Cast,Coal,2018,4,2018-04-01,37180.87,11260157.97,10392804.33,568,119363.6,0.3115,34372.26,2553.34,949354.09,806764.91,142589.18,15.02,5930.01,15.756,0,2,0,,,2,Machinery,Minor,0.89,0,0,0,Completed
MINE-030,Uttar Iron Mine 30,Northern,Uttar Pradesh,Mixed,Iron Ore,2018,7,2018-07-01,27674.47,9769224.08,8895026.05,794,143832.5,0.1924,37486.14,5164.89,1429354.89,1005835.84,423519.05,29.63,10048.49,23.333,0,1,0,,,1,Electrical,Minor,2.87,1,0,1,Overdue
MINE-023,Odisha Copper Mine 23,Eastern,Odisha,Open Cast,Copper Ore,2016,9,2016-09-01,50917.1,20545143.55,20104393.21,1542,303802.4,0.1676,58003.8,7777.71,3960183.63,2652317.79,1307865.84,33.03,10398.98,27.005,0,0,0,,,1,Electrical,Minor,0.47,0,0,0,Completed
MINE-002,West Iron Mine 2,Eastern,West Bengal,Open Cast,Iron Ore,2021,1,2021-01-01,71115.15,31788526.71,27185988.78,1963,387287.0,0.1836,86288.1,5874.34,4177544.14,3489286.8,688257.34,16.48,20100.31,41.579,0,4,1,Equipment,Closed,0,,,0.31,2,0,2,Pending
MINE-030,Uttar Iron Mine 30,Northern,Uttar Pradesh,Mixed,Iron Ore,2016,1,2016-01-01,29273.88,9769224.08,9739950.2,728,146252.7,0.2002,43665.05,5183.34,1517363.61,1011550.17,505813.43,33.34,11082.28,26.474,0,0,1,Documentation,Open,0,,,0.65,1,0,1,Overdue
MINE-011,Jharkhand Coal Mine 11,Eastern,Jharkhand,Underground,Coal,2019,8,2019-08-01,48363.48,4815796.69,3391697.42,459,95076.3,0.5087,76321.52,2551.16,1233828.0,691729.56,542098.44,43.94,14254.05,32.195,0,2,0,,,0,,,2.07,1,0,1,Completed
MINE-025,Madhya Limestone Mine 25,Central,Madhya Pradesh,Open Cast,Limestone,2021,5,2021-05-01,8095.54,5333812.33,4608216.69,1099,205136.7,0.0395,6721.46,750.29,60740.01,54807.59,5932.42,9.77,3386.44,9.18,0,2,1,Operational,Under Review,0,,,1.41,1,0,1,In Progress
MINE-010,Uttar Coal Mine 10,Northern,Uttar Pradesh,Mixed,Coal,2020,10,2020-10-01,37622.69,3804225.22,2509680.69,873,187879.5,0.2002,53104.17,3337.34,1255597.12,709428.23,546168.89,43.5,10761.85,24.089,0,0,0,,,0,,,0.44,0,0,0,Completed
MINE-009,Andhra Iron Mine 9,Southern,Andhra Pradesh,Underground,Iron Ore,2022,7,2022-07-01,30042.41,7961285.52,5276449.89,1159,236688.9,0.1269,33353.72,4961.73,1490623.39,897383.48,593239.91,39.8,18125.25,23.245,0,0,0,,,1,Fall of Roof/Rock,Serious,1.46,0,0,0,Completed
MINE-010,Uttar Coal Mine 10,Northern,Uttar Pradesh,Mixed,Coal,2017,7,2017-07-01,16661.1,3804225.22,3503649.35,691,124610.4,0.1337,15547.57,2317.04,386044.47,283386.9,102657.57,26.59,5506.15,11.094,0,1,0,,,2,Gas/Explosion,Minor,1.14,0,0,0,Completed
MINE-016,Maharashtra Iron Mine 16,Western,Maharashtra,Underground,Iron Ore,2021,5,2021-05-01,12289.99,3852023.09,2930968.97,444,87469.1,0.1405,19160.37,7575.32,931005.61,696398.01,234607.61,25.2,5159.97,12.133,0,2,2,Safety,Closed,1,Gas/Explosion,Minor,1.24,2,1,1,In Progress
MINE-009,Andhra Iron Mine 9,Southern,Andhra Pradesh,Underground,Iron Ore,2016,1,2016-01-01,37747.68,7961285.52,7923537.84,1103,218946.7,0.1724,50270.38,5467.11,2063708.11,1625414.55,438293.56,21.24,14244.54,24.344,0,0,0,,,0,,,0.41,0,0,0,Completed
MINE-011,Jharkhand Coal Mine 11,Eastern,Jharkhand,Underground,Coal,2017,12,2017-12-01,35366.05,4815796.69,4188568.7,429,78551.0,0.4502,57671.83,2520.46,891386.59,741217.98,150168.62,16.85,10008.9,28.491,0,2,0,,,2,Slip/Fall,Minor,2.67,0,0,0,Completed
MINE-024,Chhattisgarh Bauxite Mine 24,Central,Chhattisgarh,Underground,Bauxite,2021,8,2021-08-01,54527.66,8763956.29,6239178.12,1229,251326.5,0.217,89903.92,1623.92,885487.2,762049.11,123438.08,13.94,15240.4,35.288,0,2,0,,,0,,,0.78,0,0,0,Completed
MINE-023,Odisha Copper Mine 23,Eastern,Odisha,Open Cast,Copper Ore,2021,3,2021-03-01,74141.24,20545143.55,16498258.58,1537,307450.1,0.2411,92749.01,5401.58,4004797.16,2621224.48,1383572.68,34.55,17785.68,38.456,0,0,0,,,0,,,0.24,0,0,0,Completed
MINE-003,Odisha Coal Mine 3,Eastern,Odisha,Underground,Coal,2016,4,2016-04-01,69083.95,24608205.58,24339509.78,1083,211055.2,0.3273,101462.74,2383.37,1646523.24,1325403.78,321119.46,19.5,22282.12,43.994,0,0,0,,,1,Machinery,Minor,1.35,0,0,0,Completed
MINE-004,Chhattisgarh Coal Mine 4,Central,Chhattisgarh,Underground,Coal,2019,8,2019-08-01,7802.7,3455223.81,2980110.23,1316,250609.1,0.0311,8501.78,2479.42,193461.36,167662.86,25798.5,13.34,4418.56,7.879,0,2,0,,,0,,,0.8,0,0,0,Completed
MINE-025,Madhya Limestone Mine 25,Central,Madhya Pradesh,Open Cast,Limestone,2021,8,2021-08-01,6627.19,5333812.33,4584835.3,1069,218013.9,0.0304,5432.25,752.99,49901.94,54138.32,-4236.38,-8.49,1196.05,8.902,0,0,0,,,2,Gas/Explosion,Moderate,2.02,1,0,1,In Progress
MINE-006,Maharashtra Limestone Mine 6,Western,Maharashtra,Open Cast,Limestone,2016,10,2016-10-01,13823.71,4919591.78,4790452.12,687,134654.4,0.1027,15261.8,957.15,132313.73,97231.4,35082.33,26.51,4277.63,11.343,0,1,0,,,0,,,1.78,0,0,0,Completed
MINE-028,Telangana Coal Mine 28,Southern,Telangana,Open Cast,Coal,2016,12,2016-12-01,33253.26,10510635.28,10132460.37,1161,221079.0,0.1504,28486.65,2334.43,776273.81,588234.33,188039.48,24.22,12265.73,20.275,0,0,1,Equipment,Under Review,1,Electrical,Minor,2.75,1,0,1,Pending
MINE-022,West Copper Mine 22,Eastern,West Bengal,Open Cast,Copper Ore,2021,7,2021-07-01,105847.39,11657228.78,6823984.45,2214,426185.8,0.2484,119053.63,8981.86,9507069.67,5883668.58,3623401.09,38.11,41660.76,57.309,0,4,1,Equipment,Open,0,,,1.23,1,0,1,Pending
MINE-019,Andhra Coal Mine 19,Southern,Andhra Pradesh,Open Cast,Coal,2024,7,2024-07-01,41215.86,6903354.37,3739024.27,132,24347.7,1.6928,50982.63,2171.22,894888.38,600076.69,294811.69,32.94,13380.18,24.538,0,1,0,,,1,Fall of Roof/Rock,Serious,1.78,0,0,0,Completed
MINE-004,Chhattisgarh Coal Mine 4,Central,Chhattisgarh,Underground,Coal,2018,4,2018-04-01,9311.19,3455223.81,3129640.93,1376,271182.9,0.0343,14504.65,2215.46,206285.34,140821.09,65464.26,31.73,3883.52,12.666,0,1,1,Environmental,Under Review,3,Slip/Fall,Moderate,3.36,1,0,1,In Progress
MINE-011,Jharkhand Coal Mine 11,Eastern,Jharkhand,Underground,Coal,2023,11,2023-11-01,144188.66,4815796.69,0.0,778,147479.8,0.9777,159306.16,2390.72,3447147.08,2662421.77,784725.31,22.76,52698.92,75.949,0,1,1,Operational,Under Review,2,Haulage/Transport,Minor,3.31,1,0,1,In Progress
MINE-008,Telangana Iron Mine 8,Southern,Telangana,Open Cast,Iron Ore,2017,5,2017-05-01,12814.45,4242653.83,4035779.66,717,139205.6,0.0921,14281.53,5894.13,755299.92,449190.07,306109.85,40.53,4771.82,9.603,0,1,0,,,1,Haulage/Transport,Minor,2.08,0,0,0,Completed
MINE-013,Odisha Coal Mine 13,Eastern,Odisha,Open Cast,Coal,2021,7,2021-07-01,51791.09,11260157.97,8642157.95,640,140677.5,0.3682,58498.5,2844.31,1473099.42,1153326.21,319773.21,21.71,7919.87,26.843,0,0,1,Equipment,Open,1,Haulage/Transport,Moderate,2.66,1,0,1,In Progress
MINE-030,Uttar Iron Mine 30,Northern,Uttar Pradesh,Mixed,Iron Ore,2017,3,2017-03-01,26883.61,9769224.08,9345798.35,752,154336.6,0.1742,32322.08,5363.62,1441935.52,992642.15,449293.37,31.16,11471.36,15.542,0,1,0,,,0,,,2.43,0,0,0,Completed
MINE-005,Madhya Coal Mine 5,Central,Madhya Pradesh,Open Cast,Coal,2020,11,2020-11-01,14312.43,6162270.35,5105499.74,1083,236748.9,0.0605,15706.95,2504.78,358494.49,230535.38,127959.12,35.69,3048.84,10.661,0,2,0,,,0,,,1.75,0,0,0,Completed
MINE-028,Telangana Coal Mine 28,Southern,Telangana,Open Cast,Coal,2017,1,2017-01-01,30843.06,10510635.28,10101617.31,1129,233047.6,0.1323,35589.06,2373.07,731927.0,469248.63,262678.37,35.89,10639.62,17.165,0,3,1,Emergency Preparedness,Open,1,Gas/Explosion,Minor,1.84,1,0,1,Completed
MINE-024,Chhattisgarh Bauxite Mine 24,Central,Chhattisgarh,Underground,Bauxite,2024,7,2024-07-01,84315.18,8763956.29,3616026.24,1422,300456.3,0.2806,138553.26,1361.54,1147981.48,913858.5,234122.98,20.39,42598.5,64.752,0,3,0,,,2,Slip/Fall,Moderate,2.26,0,0,0,Completed
MINE-005,Madhya Coal Mine 5,Central,Madhya Pradesh,Open Cast,Coal,2021,7,2021-07-01,10961.83,6162270.35,5000515.03,1083,230213.0,0.0476,10630.25,2558.44,280451.93,190086.41,90365.53,32.22,2859.42,5.739,0,1,0,,,0,,,0.93,0,0,0,Completed
MINE-028,Telangana Coal Mine 28,Southern,Telangana,Open Cast,Coal,2024,3,2024-03-01,9152.36,10510635.28,8591178.47,962,187372.2,0.0488,8295.53,2034.22,186179.04,123393.46,62785.58,33.72,1725.34,9.618,0,2,0,,,0,,,2.36,0,0,0,Completed
MINE-002,West Iron Mine 2,Eastern,West Bengal,Open Cast,Iron Ore,2024,7,2024-07-01,57523.65,31788526.71,24636057.89,2023,366606.5,0.1569,59398.0,5760.95,3313910.64,2129801.73,1184108.91,35.73,23947.34,32.058,0,3,2,Equipment,Closed,0,,,2.62,3,1,2,Overdue
MINE-030,Uttar Iron Mine 30,Northern,Uttar Pradesh,Mixed,Iron Ore,2021,5,2021-05-01,28340.93,9769224.08,7985841.85,784,172289.9,0.1645,36480.07,5294.99,1500650.2,954342.2,546308.0,36.4,10890.9,18.383,0,1,0,,,1,Slip/Fall,Minor,1.8,0,0,0,Completed
MINE-017,Gujarat Iron Mine 17,Western,Gujarat,Open Cast,Iron Ore,2021,11,2021-11-01,33020.22,13268212.21,10907916.89,413,90232.5,0.3659,37039.19,5340.7,1763509.06,1475384.25,288124.82,16.34,6348.44,22.009,0,2,0,,,1,Fire,Moderate,2.33,0,0,0,Completed
MINE-007,Gujarat Coal Mine 7,Western,Gujarat,Underground,Coal,2016,3,2016-03-01,11811.79,4595599.71,4560403.81,1586,325877.0,0.0362,20190.65,2387.65,282024.66,178148.05,103876.61,36.83,5433.24,10.499,0,3,1,Operational,Open,0,,,0.82,1,0,1,Overdue
MINE-003,Odisha Coal Mine 3,Eastern,Odisha,Underground,Coal,2016,12,2016-12-01,91712.6,24608205.58,23748136.78,1095,205979.2,0.4453,112132.81,2595.87,2380736.05,1629966.21,750769.84,31.54,30883.56,52.261,0,5,1,Environmental,Under Review,1,Fall of Roof/Rock,Moderate,1.87,1,0,1,In Progress
MINE-004,Chhattisgarh Coal Mine 4,Central,Chhattisgarh,Underground,Coal,2019,6,2019-06-01,9217.61,3455223.81,2995737.56,1376,256356.9,0.036,15884.15,2465.66,227274.91,173049.52,54225.39,23.86,4511.19,8.151,0,1,0,,,3,Machinery,Minor,1.62,0,0,0,Completed
MINE-024,Chhattisgarh Bauxite Mine 24,Central,Chhattisgarh,Underground,Bauxite,2016,4,2016-04-01,25946.92,8763956.29,8671658.01,964,178182.8,0.1456,43856.77,2239.87,581177.47,341393.55,239783.91,41.26,8801.12,19.355,0,2,0,,,0,,,0.05,0,0,0,Completed
MINE-003,Odisha Coal Mine 3,Eastern,Odisha,Underground,Coal,2021,1,2021-01-01,207682.18,24608205.58,17200980.65,1409,271992.9,0.7636,242263.24,2782.96,5779713.81,4371911.64,1407802.17,24.36,105318.95,130.924,0,1,1,Operational,Under Review,0,,,1.52,1,0,1,In Progress
MINE-021,Jharkhand Limestone Mine 21,Eastern,Jharkhand,OPEN CAST,Limestone,2017,5,2017-05-01,4910.43,1715441.24,1634326.64,344,62793.1,0.0782,5462.84,956.87,46986.27,41070.75,5915.52,12.59,1369.32,10.069,0,2,2,Environmental,Open,0,,,1.0,2,1,1,Completed
MINE-028,Telangana Coal Mine 28,Southern,Telangana,Open Cast,Coal,2024,12,2024-12-01,8176.88,10510635.28,8512488.63,970,206843.8,0.0395,8176.53,1939.98,158629.78,107743.3,50886.48,32.08,1522.4,10.707,0,1,0,,,1,Machinery,Moderate,2.42,0,0,0,Completed
MINE-008,Telangana Iron Mine 8,Southern,Telangana,Open Cast,Iron Ore,2023,1,2023-01-01,18970.18,4242653.83,2989596.38,755,157521.6,0.1204,22700.69,7516.06,1425810.01,1170892.91,254917.1,17.88,4294.09,16.13,0,0,0,,,0,,,1.9,0,0,0,Completed
MINE-029,Andhra Copper Mine 29,Southern,Andhra Pradesh,Open Cast,Copper Ore,2019,3,2019-03-01,32992.81,11305197.36,9998882.76,254,53005.9,0.6224,39675.74,8249.9,2721873.04,1954359.97,767513.06,28.2,9092.59,22.073,0,2,0,,,1,Machinery,Minor,1.21,0,0,0,Completed
MINE-013,Odisha Coal Mine 13,Eastern,Odisha,Open Cast,Coal,2023,6,2023-06-01,73233.37,11260157.97,7230523.71,701,149608.5,0.4895,73696.61,2575.79,1886341.27,1073590.69,812750.58,43.09,12225.81,34.073,0,1,2,Operational,Under Review,1,Gas/Explosion,Minor,1.39,2,1,1,Overdue
MINE-004,Chhattisgarh Coal Mine 4,Central,Chhattisgarh,Underground,Coal,2022,12,2022-12-01,6159.28,3455223.81,2694146.65,1263,247434.9,0.0249,8044.99,2252.25,138722.41,130181.9,8540.51,6.16,3675.23,9.593,0,1,0,,,2,Electrical,Minor,2.76,0,0,0,Completed
MINE-024,Chhattisgarh Bauxite Mine 24,Central,Chhattisgarh,Underground,Bauxite,2020,5,2020-05-01,53121.48,8763956.29,7015969.5,1173,236004.3,0.2251,59223.86,1722.65,915097.26,615836.33,299260.94,32.7,15629.56,31.489,0,2,1,Environmental,Under Review,0,,,0.45,3,2,1,In Progress
MINE-021,Jharkhand Limestone Mine 21,Eastern,Jharkhand,Open Cast,Limestone,2022,3,2022-03-01,3333.46,1715441.24,1398991.27,302,63525.9,0.0525,4154.98,743.9,24797.63,18450.23,6347.41,25.6,1354.06,8.752,0,1,0,,,2,Fire,Fatal,2.16,0,0,0,Completed
MINE-024,Chhattisgarh Bauxite Mine 24,Central,Chhattisgarh,underground,Bauxite,2021,4,2021-04-01,55977.49,8763956.29,6465869.25,1280,273930.3,0.2043,64830.8,1623.01,908517.48,757992.77,150524.72,16.57,19578.76,36.814,0,0,0,,,2,Fire,Moderate,2.15,0,0,0,Completed
MINE-011,Jharkhand Coal Mine 11,Eastern,Jharkhand,Underground,Coal,2024,12,2024-12-01,187145.64,4815796.69,0.0,867,164626.8,1.1368,307192.54,2671.33,4999279.13,4117412.1,881867.03,17.64,67107.41,132.155,0,1,2,Operational,Closed,1,Haulage/Transport,Minor,1.32,3,2,1,Pending
MINE-008,Telangana Iron Mine 8,Southern,Telangana,Open Cast,Iron Ore,2020,9,2020-09-01,15421.4,4242653.83,3471208.16,714,131011.2,0.1177,17102.3,7171.87,1106003.01,904394.92,201608.1,18.23,5483.07,10.917,0,0,0,,,1,Slip/Fall,Minor,0.41,1,0,1,Overdue
MINE-025,Madhya Limestone Mine 25,Central,Madhya Pradesh,Open Cast,Limestone,2018,8,2018-08-01,9069.46,5333812.33,4925399.56,1106,237635.6,0.0382,9158.15,893.52,81037.78,82669.16,-1631.38,-2.01,2150.84,8.06,0,2,0,,,1,Gas/Explosion,Minor,2.83,0,0,0,Completed
MINE-017,Gujarat Iron Mine 17,Western,Gujarat,Open Cast,Iron Ore,2024,7,2024-07-01,24431.32,13268212.21,10026024.15,424,90179.6,0.2709,21437.85,4897.01,1196404.35,795490.02,400914.32,33.51,7916.38,10.823,0,2,0,,,0,,,0.16,0,0,0,Completed
MINE-001,Jharkhand Coal Mine 1,Eastern,Jharkhand,Underground,Coal,2016,8,2016-08-01,60451.77,15973322.74,15449633.34,2128,420689.8,0.1437,77608.04,2699.85,1632109.15,1298878.5,333230.65,20.42,36651.85,48.642,0,1,0,,,3,Gas/Explosion,Minor,1.8,0,0,0,Completed
MINE-009,Andhra Iron Mine 9,Southern,Andhra Pradesh,Underground,Iron Ore,2020,10,2020-10-01,33956.8,7961285.52,6005007.3,1116,215462.7,0.1576,37292.89,5077.88,1724286.92,1318793.76,405493.16,23.52,6908.52,16.306,0,1,0,,,0,,,1.59,0,0,0,Completed
MINE-016,Maharashtra Iron Mine 16,Western,Maharashtra,Underground,Iron Ore,2016,2,2016-02-01,16093.35,3852023.09,3820513.31,479,99503.9,0.1617,18822.87,5600.27,901270.74,744641.54,156629.2,17.38,8536.05,12.775,0,2,1,Environmental,Closed,0,,,1.9,1,0,1,Pending
MINE-019,Andhra Coal Mine 19,Southern,Andhra Pradesh,Open Cast,Coal,2017,12,2017-12-01,26143.01,6903354.37,6344036.4,135,25792.9,1.0136,33952.65,2420.76,632860.87,407326.38,225534.5,35.64,11412.82,20.464,0,1,1,Documentation,Under Review,2,Gas/Explosion,Moderate,1.2,1,0,1,Pending
MINE-004,Chhattisgarh Coal Mine 4,Central,Chhattisgarh,underground,Coal,2023,8,2023-08-01,5154.92,3455223.81,2648947.11,1271,263080.2,0.0196,5969.27,2241.75,115560.29,87698.26,27862.03,24.11,2055.63,5.802,0,2,1,Environmental,Open,1,Machinery,Minor,2.29,1,0,1,Completed
MINE-026,Maharashtra Copper Mine 26,Western,Maharashtra,Underground,Copper Ore,2017,5,2017-05-01,15720.86,3439638.4,3173836.64,490,103806.2,0.1514,22385.41,7291.9,1146350.05,761281.17,385068.88,33.59,4703.66,15.314,0,0,0,,,1,Haulage/Transport,Minor,2.29,1,0,1,Overdue
MINE-025,Madhya Limestone Mine 25,Central,Madhya Pradesh,Open Cast,Limestone,2022,8,2022-08-01,5904.47,5333812.33,4496751.46,1006,205294.0,0.0288,5138.92,738.8,43621.93,41481.71,2140.22,4.91,1334.08,8.718,0,3,1,Documentation,Under Review,3,Machinery,Moderate,2.99,1,0,1,Pending
MINE-014,Chhattisgarh Bauxite Mine 14,Central,Chhattisgarh,UNDERGROUND,Bauxite,2020,8,2020-08-01,8035.05,3172486.06,2592887.67,775,159642.1,0.0503,13948.79,2858.11,229650.65,137110.22,92540.43,40.3,3404.72,9.749,0,1,0,,,1,Slip/Fall,Minor,1.27,0,0,0,Completed
MINE-019,Andhra Coal Mine 19,Southern,Andhra Pradesh,Open Cast,Coal,2017,7,2017-07-01,23007.89,6903354.37,6464682.56,130,25907.3,0.8881,27569.72,2588.3,595512.81,457586.8,137926.01,23.16,7751.3,15.391,0,0,0,,,2,Electrical,Minor,1.67,0,0,0,Completed
MINE-002,West Iron Mine 2,Eastern,West Bengal,Open Cast,Iron Ore,2023,8,2023-08-01,57767.26,31788526.71,25272194.33,2041,391303.6,0.1476,73752.04,5651.4,3264659.9,2609298.74,655361.16,20.07,20859.61,33.848,0,1,1,Operational,Under Review,1,Gas/Explosion,Minor,2.32,1,0,1,Completed
MINE-011,Jharkhand Coal Mine 11,Eastern,Jharkhand,Underground,Coal,2022,6,2022-06-01,95591.75,4815796.69,1063824.16,615,122878.5,0.7779,144522.88,2181.67,2085497.21,1412133.72,673363.49,32.29,54181.73,73.616,0,3,0,,,1,Machinery,Moderate,2.13,0,0,0,Completed
MINE-011,Jharkhand Coal Mine 11,Eastern,Jharkhand,Underground,Coal,2016,12,2016-12-01,28929.73,4815796.69,4539523.35,380,74615.1,0.3877,40391.65,2425.17,701596.47,468121.03,233475.43,33.28,10754.13,25.21,0,0,0,,,0,,,0.94,0,0,0,Completed
MINE-008,Telangana Iron Mine 8,Southern,Telangana,Open Cast,Iron Ore,2019,10,2019-10-01,14478.63,4242653.83,3639664.77,671,138829.2,0.1043,17812.37,7321.47,1060048.72,865223.05,194825.66,18.38,6284.4,10.355,0,1,2,OPERATIONAL,Open,0,,,2.33,3,1,2,In Progress
MINE-018,Telangana Iron Mine 18,Southern,Telangana,Mixed,Iron Ore,2021,1,2021-01-01,9558.45,4638464.7,3915271.25,931,184047.6,0.0519,11332.28,3808.48,364031.24,224440.6,139590.64,38.35,3710.8,10.866,0,1,0,,,0,,,0.86,0,0,0,Completed
MINE-012,West Iron Mine 12,Eastern,West Bengal,Open Cast,Iron Ore,2016,8,2016-08-01,56605.79,17808314.68,17342219.49,890,179113.7,0.316,69262.48,4968.77,2812613.35,1966313.52,846299.83,30.09,24576.85,39.635,0,2,0,,,1,Machinery,Serious,2.88,0,0,0,Completed
MINE-003,Odisha Coal Mine 3,Eastern,Odisha,Underground,Coal,2021,8,2021-08-01,216948.85,24608205.58,15696912.46,1473,305561.9,0.71,249555.51,2758.9,5985403.37,4797657.41,1187745.96,19.84,52572.65,101.956,0,1,0,,,3,Slip/Fall,Serious,1.95,0,0,0,Completed
MINE-012,West Iron Mine 12,Eastern,West Bengal,Open Cast,Iron Ore,2016,5,2016-05-01,58834.6,17808314.68,17514916.41,921,170262.7,0.3456,58341.69,5087.27,2993076.29,2247054.38,746021.91,24.92,12784.9,31.466,0,3,0,,,1,Fall of Roof/Rock,Minor,1.37,0,0,0,Completed
MINE-003,Odisha Coal Mine 3,Eastern,Odisha,Underground,Coal,2017,4,2017-04-01,68888.48,24608205.58,23426204.34,1070,195919.2,0.3516,115069.87,2674.19,1842206.09,1053198.86,789007.23,42.83,34516.33,59.754,0,1,0,,,1,Electrical,Moderate,2.54,0,0,0,Completed
MINE-015,Madhya Iron Mine 15,Central,Madhya Pradesh,Open Cast,Iron Ore,2024,1,2024-01-01,132896.49,14086398.07,7250862.93,1245,260784.7,0.5096,141805.47,6399.27,8504410.96,4981481.2,3522929.76,41.42,35668.74,63.19,0,2,0,,,1,Gas/Explosion,Moderate,2.53,0,0,0,Completed
MINE-016,Maharashtra Iron Mine 16,Western,Maharashtra,Underground,Iron Ore,2016,9,2016-09-01,13672.22,3852023.09,3717826.64,474,95513.4,0.1431,23516.79,5802.58,793341.3,494559.23,298782.06,37.66,5180.29,14.659,0,0,0,,,0,,,1.6,0,0,0,Completed
MINE-028,Telangana Coal Mine 28,Southern,Telangana,Open Cast,Coal,2020,10,2020-10-01,15618.37,10510635.28,9094880.89,990,213219.3,0.0733,18868.18,2373.92,370768.01,283924.8,86843.21,23.42,3201.15,13.08,0,2,0,,,1,Fire,Moderate,2.87,0,0,0,Completed
MINE-001,Jharkhand Coal Mine 1,Eastern,Jharkhand,UNDERGROUND,Coal,2024,1,2024-01-01,260626.83,15973322.74,2907617.33,3447,741713.3,0.3514,329036.2,2530.1,6594107.43,4504914.25,2089193.18,31.68,105819.02,154.962,0,1,0,,,0,,,1.41,0,0,0,Completed
MINE-018,Telangana Iron Mine 18,Southern,Telangana,Mixed,Iron Ore,2020,8,2020-08-01,9248.72,4638464.7,3966408.56,929,182006.2,0.0508,11006.43,3958.77,366135.17,275929.67,90205.5,24.64,1754.61,6.705,0,2,1,Documentation,Open,1,Fire,Minor,2.59,1,0,1,Completed
MINE-026,Maharashtra Copper Mine 26,Western,Maharashtra,Underground,Copper Ore,2024,6,2024-06-01,27080.97,3439638.4,1365691.99,542,102286.0,0.2648,44789.88,5785.91,1566880.34,1133640.99,433239.34,27.65,5999.17,23.265,0,1,0,,,1,Gas/Explosion,Minor,1.26,0,0,0,Completed
MINE-016,Maharashtra Iron Mine 16,Western,Maharashtra,Underground,Iron Ore,2019,11,2019-11-01,14343.63,3852023.09,3165262.03,466,89579.4,0.1601,16366.12,6763.15,970081.15,630196.96,339884.19,35.04,6469.73,12.62,0,2,0,,,0,,,1.45,0,0,0,Completed
MINE-015,Madhya Iron Mine 15,Central,Madhya Pradesh,Open Cast,Iron Ore,2020,6,2020-06-01,75264.3,14086398.07,11276132.49,967,193756.0,0.3884,87090.4,6181.05,4652124.7,3911354.82,740769.89,15.92,22896.8,39.601,0,1,2,Safety,Closed,0,,,0.65,3,1,2,In Progress
MINE-012,West Iron Mine 12,Eastern,West Bengal,Open Cast,Iron Ore,2024,6,2024-06-01,198380.25,17808314.68,6766048.24,1255,275620.6,0.7198,241346.08,5537.6,10985503.08,7860558.47,3124944.61,28.45,39021.4,98.75,0,2,0,,,1,Fall of Roof/Rock,Minor,1.96,0,0,0,Completed
MINE-028,Telangana Coal Mine 28,Southern,Telangana,Open Cast,Coal,2024,1,2024-01-01,9803.51,10510635.28,8609402.96,945,185217.5,0.0529,11869.2,1957.5,191903.68,124838.7,67064.97,34.95,2622.06,9.151,0,2,1,Emergency Preparedness,Open,5,,,2.31,1,0,1,Overdue
MINE-029,Andhra Copper Mine 29,Southern,Andhra Pradesh,Open Cast,Copper Ore,2023,11,2023-11-01,45411.13,11305197.36,7745086.36,288,60908.2,0.7456,54581.43,7897.05,3586139.85,2280174.35,1305965.51,36.42,13770.96,29.32,0,3,0,,,0,,,0.28,0,0,0,Completed
MINE-027,Gujarat Iron Mine 27,Western,Gujarat,Open Cast,Iron Ore,2016,12,2016-12-01,20769.52,6248149.8,5998041.48,804,166639.8,0.1246,26611.69,5878.84,1221007.17,894494.8,326512.36,26.74,6377.98,18.352,0,1,0,,,0,,,0.21,0,0,0,Completed
MINE-008,Telangana Iron Mine 8,Southern,Telangana,Open Cast,Iron Ore,2023,5,2023-05-01,19336.32,4242653.83,2912303.93,743,135966.4,0.1422,15829.04,7146.47,1381863.79,834628.58,547235.21,39.6,8115.18,11.146,0,0,0,,,1,Haulage/Transport,Fatal,1.65,0,0,0,Completed
MINE-023,Odisha Copper Mine 23,Eastern,Odisha,Open Cast,Copper Ore,2018,10,2018-10-01,67655.86,20545143.55,18621408.35,1634,354294.5,0.191,67715.6,7649.19,5175125.82,3682845.08,1492280.74,28.84,27054.59,39.138,0,4,1,Operational,Closed,2,Fire,Moderate,2.4,1,0,1,In Progress
MINE-001,Jharkhand Coal Mine 1,Eastern,Jharkhand,Underground,Coal,2024,9,2024-09-01,264369.13,15973322.74,878756.34,3568,711608.4,0.3715,363346.84,2483.81,6566424.77,4678585.19,1887839.58,28.75,117580.28,174.979,0,1,0,,,0,,,0.88,0,0,0,Completed
MINE-025,Madhya Limestone Mine 25,Central,Madhya Pradesh,Open Cast,Limestone,2018,12,2018-12-01,10908.7,5333812.33,4881511.67,1125,218538.8,0.0499,11644.83,904.43,98661.91,86323.82,12338.09,12.51,1803.51,9.821,0,2,0,,,0,,,1.97,0,0,0,Completed
MINE-028,Telangana Coal Mine 28,Southern,Telangana,Open Cast,Coal,2017,2,2017-02-01,28383.48,10510635.28,10073233.83,1086,233398.6,0.1216,25132.44,2341.47,664591.41,515115.2,149476.21,22.49,7611.39,11.777,0,1,1,Safety,Closed,1,Slip/Fall,Moderate,1.87,1,0,1,Completed
MINE-008,Telangana Iron Mine 8,Southern,Telangana,Open Cast,Iron Ore,2023,8,2023-08-01,17872.51,4242653.83,2855869.66,774,169698.2,0.1053,14569.38,7183.41,1283856.35,1101439.77,182416.59,14.21,5390.48,14.145,0,1,0,,,1,Slip/Fall,Minor,0.84,1,0,1,In Progress
MINE-012,West Iron Mine 12,Eastern,West Bengal,Open Cast,Iron Ore,2017,5,2017-05-01,63126.46,17808314.68,16739529.13,902,192300.9,0.3283,60262.99,5269.79,3326629.1,2779306.16,547322.94,16.45,22347.01,31.827,0,2,0,,,1,Fire,Minor,1.49,0,0,0,Completed
MINE-030,Uttar Iron Mine 30,Northern,Uttar Pradesh,Mixed,Iron Ore,2018,1,2018-01-01,27752.16,9769224.08,9065149.11,780,144467.6,0.1921,27827.18,5136.79,1425570.15,953147.48,472422.67,33.14,7685.87,17.135,0,3,0,,,0,,,0.1,1,0,1,In Progress
MINE-030,Uttar Iron Mine 30,Northern,Uttar Pradesh,Mixed,Iron Ore,2024,9,2024-09-01,22184.92,9769224.08,7014334.66,710,153268.9,0.1447,23915.72,4471.15,991921.41,764965.95,226955.46,22.88,10265.45,16.67,0,1,0,,,1,Machinery,Minor,0.46,0,0,0,Completed
MINE-029,Andhra Copper Mine 29,Southern,Andhra Pradesh,Open Cast,Copper Ore,2021,8,2021-08-01,34594.75,11305197.36,8886475.06,292,63936.9,0.5411,34649.39,7828.31,2708185.1,1802946.94,905238.16,33.43,12155.26,19.79,0,1,0,,,2,Slip/Fall,Moderate,3.29,0,0,0,Completed
MINE-029,Andhra Copper Mine 29,Southern,Andhra Pradesh,Open Cast,Copper Ore,2020,3,2020-03-01,38572.51,11305197.36,9554179.75,281,51898.0,0.7432,34666.55,7331.26,2827849.7,2321834.28,506015.42,17.89,12585.25,22.096,0,2,1,Emergency Preparedness,Closed,0,,,2.4,1,0,1,Pending
MINE-007,Gujarat Coal Mine 7,Western,Gujarat,Underground,Coal,2024,1,2024-01-01,11007.21,4595599.71,3475460.31,1472,288908.8,0.0381,12958.16,3113.3,342687.16,264098.35,78588.81,22.93,5565.83,14.56,0,0,0,,,1,Haulage/Transport,Minor,0.93,0,0,0,Completed
MINE-003,Odisha Coal Mine 3,Eastern,Odisha,Underground,Coal,2016,11,2016-11-01,77082.26,24608205.58,23839849.37,1120,215194.2,0.3582,128845.52,2507.62,1932930.58,1289914.31,643016.27,33.27,21560.7,56.005,0,0,0,,,4,Machinery,Moderate,2.86,1,0,1,Overdue
MINE-011,Jharkhand Coal Mine 11,Eastern,Jharkhand,Underground,Coal,2018,3,2018-03-01,32878.11,4815796.69,4085965.63,404,88043.6,0.3734,45664.73,2356.24,774686.14,613574.57,161111.57,20.8,12413.61,26.646,0,3,0,,,0,,,1.14,0,0,0,Completed
MINE-012,West Iron Mine 12,Eastern,West Bengal,Open Cast,Iron Ore,2019,2,2019-02-01,88829.51,17808314.68,15132050.16,1000,191789.3,0.4632,102599.38,5550.14,4930158.8,3603659.16,1326499.64,26.91,22490.49,44.703,0,2,1,equipment,Open,0,,,1.21,1,0,1,Overdue
MINE-024,Chhattisgarh Bauxite Mine 24,Central,Chhattisgarh,Underground,Bauxite,2023,12,2023-12-01,84247.3,8763956.29,4244132.6,1398,261672.0,0.322,113922.63,1426.37,1201676.21,812476.39,389199.82,32.39,21180.87,52.677,0,0,0,,,0,,,0.85,0,0,0,Completed
MINE-024,Chhattisgarh Bauxite Mine 24,Central,Chhattisgarh,Underground,Bauxite,2023,10,2023-10-01,88141.72,8763956.29,4410123.43,1465,308583.7,0.2856,110396.19,1436.33,1266006.53,995565.69,270440.84,21.36,51368.32,65.186,0,3,1,Equipment,Under Review,0,,,2.34,1,0,1,Overdue
MINE-017,Gujarat Iron Mine 17,Western,Gujarat,Open Cast,Iron Ore,2024,10,2024-10-01,26578.59,13268212.21,9953359.7,406,77740.4,0.3419,28972.68,5057.42,1344191.81,913883.7,430308.11,32.01,10357.25,13.88,0,1,0,,,0,,,0.05,1,0,1,Overdue
MINE-030,Uttar Iron Mine 30,Northern,Uttar Pradesh,Mixed,Iron Ore,2024,1,2024-01-01,25848.66,9769224.08,7200893.51,730,157642.6,0.164,36733.54,4967.96,1284151.2,854304.74,429846.47,33.47,5275.27,14.015,0,0,0,,,0,,,0.19,0,0,0,Completed
MINE-013,Odisha Coal Mine 13,Eastern,Odisha,Open Cast,Coal,2020,7,2020-07-01,43714.28,11260157.97,9249963.41,587,116053.0,0.3767,39191.41,2784.88,1217389.4,737212.48,480176.91,39.44,9108.34,16.733,0,1,0,,,2,Slip/Fall,Minor,1.39,0,0,0,Completed
MINE-026,Maharashtra Copper Mine 26,Western,Maharashtra,Underground,Copper Ore,2020,12,2020-12-01,22121.75,3439638.4,2380073.89,521,111265.6,0.1988,34565.68,6974.2,1542814.88,1157249.14,385565.74,24.99,12430.42,17.698,0,1,2,Operational,Closed,1,Fall of Roof/Rock,Minor,3.24,2,1,1,Overdue
MINE-029,Andhra Copper Mine 29,Southern,Andhra Pradesh,Open Cast,Copper Ore,2024,6,2024-06-01,50255.44,11305197.36,7439560.82,305,61076.7,0.8228,51781.78,7833.42,3936721.07,2413217.17,1523503.9,38.7,21735.93,28.535,0,2,1,Emergency Preparedness,Under Review,1,Haulage/Transport,Fatal,2.17,1,0,1,Pending
MINE-012,West Iron Mine 12,Eastern,West Bengal,Open Cast,Iron Ore,2018,9,2018-09-01,76490.05,17808314.68,15574056.33,910,169801.5,0.4505,93662.1,5547.74,4243466.74,3318766.98,924699.76,21.79,25641.82,48.377,0,1,0,,,1,Fall of Roof/Rock,Minor,1.74,1,0,1,In Progress
MINE-024,Chhattisgarh Bauxite Mine 24,Central,Chhattisgarh,Underground,Bauxite,2018,3,2018-03-01,32544.26,8763956.29,8028746.61,1017,223399.8,0.1457,39583.21,1962.44,638661.76,443427.4,195234.36,30.57,18753.49,25.988,0,1,0,,,0,,,1.52,0,0,0,Completed
MINE-009,Andhra Iron Mine 9,Southern,Andhra Pradesh,Underground,Iron Ore,2019,6,2019-06-01,33426.67,7961285.52,6532813.57,1142,217535.1,0.1537,41629.74,5107.48,1707259.72,1091311.07,615948.65,36.08,7032.36,23.832,0,3,1,Emergency Preparedness,Closed,2,Fire,Minor,3.15,1,0,1,Completed
MINE-030,Uttar Iron Mine 30,Northern,Uttar Pradesh,Mixed,Iron Ore,2020,10,2020-10-01,22938.33,9769224.08,8168277.98,715,156317.2,0.1467,21769.61,4965.99,1139115.81,912340.02,226775.79,19.91,9359.3,11.285,0,0,1,Safety,Under Review,0,,,2.63,1,0,1,Overdue
MINE-009,Andhra Iron Mine 9,Southern,Andhra Pradesh,Underground,Iron Ore,2019,8,2019-08-01,26612.46,7961285.52,6472127.3,1054,231487.0,0.115,36970.51,5023.95,1336995.8,781223.21,555772.59,41.57,7142.87,22.127,0,1,1,Environmental,Closed,0,,,2.11,1,0,1,Overdue
MINE-021,Jharkhand Limestone Mine 21,Eastern,Jharkhand,Open Cast,Limestone,2022,11,2022-11-01,3563.58,1715441.24,1371140.89,339,66866.1,0.0533,3122.35,749.89,26723.09,21428.15,5294.93,19.81,998.73,2.009,0,1,0,,,0,,,0.42,0,0,0,Completed
MINE-011,Jharkhand Coal Mine 11,Eastern,Jharkhand,Underground,Coal,2018,10,2018-10-01,38117.62,4815796.69,3835640.38,432,80406.2,0.4741,48289.46,2536.45,966832.7,776514.58,190318.12,19.68,22704.45,30.606,0,1,0,,,0,,,1.8,0,0,0,Completed
MINE-018,Telangana Iron Mine 18,Southern,Telangana,Mixed,Iron Ore,2022,9,2022-09-01,8950.75,4638464.7,3725556.98,886,162130.6,0.0552,8754.8,4430.34,396548.2,339832.02,56716.18,14.3,2926.03,4.77,0,1,0,,,0,,,2.11,0,0,0,Completed
MINE-005,Madhya Coal Mine 5,Central,Madhya Pradesh,Open Cast,Coal,2018,9,2018-09-01,15353.63,6162270.35,5499756.33,965,188307.8,0.0815,16987.65,2455.04,376938.41,311540.86,65397.55,17.35,4828.37,12.139,0,1,0,,,1,Electrical,Minor,1.4,1,0,1,In Progress
MINE-021,Jharkhand Limestone Mine 21,Eastern,Jharkhand,Open Cast,Limestone,2017,12,2017-12-01,4922.08,1715441.24,1601924.01,354,72438.7,0.0679,4109.84,914.33,45003.93,33886.1,11117.83,24.7,799.35,4.551,0,2,0,,,2,Fire,Minor,1.69,0,0,0,Completed
MINE-018,Telangana Iron Mine 18,Southern,Telangana,Mixed,Iron Ore,2023,2,2023-02-01,9175.14,4638464.7,3680877.75,928,198269.6,0.0463,8919.26,4732.31,434196.28,332629.06,101567.22,23.39,2666.91,7.405,0,1,0,,,0,,,2.44,0,0,0,Completed
MINE-010,Uttar Coal Mine 10,Northern,Uttar Pradesh,Mixed,Coal,2016,7,2016-07-01,14746.17,3804225.22,3706954.77,634,130692.0,0.1128,15705.45,2356.91,347554.2,261138.24,86415.96,24.86,5400.67,9.84,0,2,1,Documentation,Open,0,,,1.73,1,0,1,Pending
MINE-015,Madhya Iron Mine 15,Central,Madhya Pradesh,Open Cast,Iron Ore,2018,1,2018-01-01,51746.03,14086398.07,13033452.81,882,162978.2,0.3175,54111.51,5746.02,2973335.17,1926303.73,1047031.44,35.21,11886.14,25.131,0,1,0,,,1,Gas/Explosion,Minor,1.54,0,0,0,Completed
MINE-013,Odisha Coal Mine 13,Eastern,Odisha,Open Cast,Coal,2017,3,2017-03-01,30536.07,11260157.97,10828574.19,581,105350.9,0.2899,29463.31,2388.31,729296.89,458188.2,271108.69,37.17,11038.13,20.328,0,1,0,,,0,,,1.53,0,0,0,Completed
MINE-009,Andhra Iron Mine 9,Southern,Andhra Pradesh,Underground,Iron Ore,2017,4,2017-04-01,30269.06,7961285.52,7418440.19,1116,236226.6,0.1281,43054.18,5579.31,1688805.17,1043226.13,645579.04,38.23,10034.61,24.513,0,0,0,,,1,Slip/Fall,Minor,1.06,0,0,0,Completed
MINE-018,Telangana Iron Mine 18,Southern,Telangana,Mixed,Iron Ore,2021,12,2021-12-01,9359.23,4638464.7,3807570.72,909,168419.0,0.0556,13770.18,3828.67,358334.16,308789.46,49544.7,13.83,3128.64,10.099,0,0,0,,,0,,,0.73,2,1,1,Overdue
MINE-017,Gujarat Iron Mine 17,Western,Gujarat,Open Cast,Iron Ore,2017,6,2017-06-01,39532.63,13268212.21,12602743.98,441,92957.7,0.4253,45871.51,5061.47,2000932.78,1531358.6,469574.19,23.47,15885.84,28.182,0,0,0,,,0,,,1.85,1,0,1,Overdue
MINE-002,West Iron Mine 2,Eastern,West Bengal,Open Cast,Iron Ore,2024,9,2024-09-01,50592.81,31788526.71,24533583.14,1948,385301.6,0.1313,55381.1,5806.81,2937829.13,2244245.63,693583.5,23.61,18423.79,33.805,0,1,0,,,0,,,0.86,1,0,1,In Progress
MINE-001,Jharkhand Coal Mine 1,Eastern,Jharkhand,Underground,Coal,2017,1,2017-01-01,81475.05,15973322.74,15070999.04,2342,473003.8,0.1723,111719.19,2654.85,2163039.8,1450848.59,712191.21,32.93,40808.07,61.011,0,2,1,EQUIPMENT,Closed,1,Electrical,Minor,2.8,1,0,1,In Progress
MINE-030,Uttar Iron Mine 30,Northern,Uttar Pradesh,Mixed,Iron Ore,2018,10,2018-10-01,26420.42,9769224.08,8811614.9,749,147835.7,0.1787,25922.23,4906.74,1296381.03,870764.51,425616.52,32.83,10655.82,15.772,0,0,0,,,0,,,0.13,0,0,0,Completed
MINE-004,Chhattisgarh Coal Mine 4,Central,Chhattisgarh,Underground,Coal,2024,3,2024-03-01,4951.74,3455223.81,2612015.17,1296,273592.5,0.0181,5889.14,2328.94,115323.12,99893.47,15429.65,13.38,2144.46,4.761,0,2,0,,,2,Fire,Minor,3.12,0,0,0,Completed
MINE-029,Andhra Copper Mine 29,Southern,Andhra Pradesh,Open Cast,Copper Ore,2017,4,2017-04-01,30811.81,11305197.36,10788322.93,284,53457.9,0.5764,25691.13,8147.6,2510422.03,1541019.26,969402.77,38.62,13461.5,16.288,0,2,0,,,0,,,1.87,0,0,0,Completed
MINE-020,Uttar Iron Mine 20,Northern,Uttar Pradesh,Open Cast,Iron Ore,2020,11,2020-11-01,22617.69,4723977.98,3662714.85,458,96590.8,0.2342,24646.82,5240.7,1185325.11,789479.42,395845.69,33.4,9270.81,17.273,0,2,1,Emergency Preparedness,Open,0,,,1.57,1,0,1,Overdue
MINE-012,West Iron Mine 12,Eastern,West Bengal,Open Cast,Iron Ore,2021,4,2021-04-01,120737.1,17808314.68,12481293.04,1073,228287.5,0.5289,107892.48,5584.18,6742180.77,5066534.89,1675645.88,24.85,30595.82,47.887,0,0,0,,,0,,,2.25,1,0,1,Overdue
MINE-013,Odisha Coal Mine 13,Eastern,Odisha,Open Cast,Coal,2019,9,2019-09-01,40007.47,11260157.97,9704911.77,600,120488.9,0.332,34751.78,2749.56,1100030.5,620380.83,479649.67,43.6,9516.17,20.887,0,1,0,,,1,Gas/Explosion,Serious,0.81,0,0,0,Completed
MINE-022,West Copper Mine 22,Eastern,West Bengal,Open Cast,Copper Ore,2018,11,2018-11-01,73713.9,11657228.78,9740896.32,1989,406588.5,0.1813,83654.55,7810.74,5757602.6,4788790.51,968812.09,16.83,15449.18,37.908,0,2,1,Operational,Under Review,0,,,2.27,1,0,1,Overdue
MINE-007,Gujarat Coal Mine 7,Western,Gujarat,Underground,Coal,2023,10,2023-10-01,10939.08,4595599.71,3511397.06,1470,304218.8,0.036,12046.85,2956.74,323440.22,206951.55,116488.67,36.02,4504.73,13.306,0,4,0,,,0,,,2.46,1,0,1,Completed
MINE-027,Gujarat Iron Mine 27,Western,Gujarat,Open Cast,Iron Ore,2021,10,2021-10-01,7380.69,6248149.8,5259034.33,681,127672.8,0.0578,5977.41,5412.21,399458.41,270760.99,128697.41,32.22,2336.79,6.599,0,1,0,,,1,Machinery,Moderate,0.71,0,0,0,Completed
MINE-029,Andhra Copper Mine 29,Southern,Andhra Pradesh,Open Cast,Copper Ore,2023,2,2023-02-01,45002.22,11305197.36,8135943.39,298,59474.3,0.7567,53965.25,7983.16,3592598.36,2006641.22,1585957.14,44.15,12705.09,25.76,0,1,0,,,2,Fire,Minor,1.64,1,0,1,Pending
MINE-016,Maharashtra Iron Mine 16,Western,Maharashtra,Underground,Iron Ore,2018,12,2018-12-01,14947.15,3852023.09,3314568.09,462,83739.9,0.1785,23031.13,6383.84,954202.02,691098.52,263103.5,27.57,7651.8,18.462,0,2,0,,,0,,,1.15,0,0,0,Completed
MINE-022,West Copper Mine 22,Eastern,West Bengal,Open Cast,Copper Ore,2024,9,2024-09-01,213950.34,11657228.78,942156.19,3081,561664.1,0.3809,255816.58,11312.59,24203325.81,15678103.41,8525222.4,35.22,34598.96,100.856,0,2,2,SAFETY,Under Review,0,,,1.64,2,1,1,Overdue
MINE-015,Madhya Iron Mine 15,Central,Madhya Pradesh,Open Cast,Iron Ore,2018,10,2018-10-01,55496.51,14086398.07,12554538.03,900,188391.6,0.2946,48716.76,5521.09,3064011.18,2208359.75,855651.43,27.93,23513.27,28.288,0,0,0,,,0,,,1.4,0,0,0,Completed
MINE-018,Telangana Iron Mine 18,Southern,Telangana,Mixed,Iron Ore,2023,3,2023-03-01,8378.73,4638464.7,3672499.03,978,209078.2,0.0401,8380.75,4743.17,397417.63,314777.52,82640.1,20.79,1771.65,6.526,0,1,0,,,2,Machinery,Minor,3.02,0,0,0,Completed
MINE-005,Madhya Coal Mine 5,Central,Madhya Pradesh,Open Cast,Coal,2022,6,2022-06-01,11419.53,6162270.35,4872498.71,1066,221798.9,0.0515,12381.21,2525.48,288398.48,186857.99,101540.49,35.21,2941.09,5.259,0,1,0,,,1,Gas/Explosion,Moderate,0.4,0,0,0,Completed
MINE-006,Maharashtra Limestone Mine 6,Western,Maharashtra,Open Cast,Limestone,2024,9,2024-09-01,47083.26,4919591.78,2130704.07,996,191279.0,0.2461,51207.06,1005.31,473333.58,313245.85,160087.73,33.82,18458.69,30.125,0,3,1,Environmental,Closed,0,,,2.37,1,0,1,In Progress
MINE-006,Maharashtra Limestone Mine 6,Western,Maharashtra,Open Cast,Limestone,2020,10,2020-10-01,24299.33,4919591.78,3852469.12,768,166597.9,0.1459,27154.08,1272.14,309122.21,265483.62,43638.58,14.12,8275.9,16.562,0,1,1,Operational,Open,0,,,0.62,1,0,1,Completed
MINE-027,Gujarat Iron Mine 27,Western,Gujarat,Open Cast,Iron Ore,2016,6,2016-06-01,23959.38,6248149.8,6114899.54,821,152111.6,0.1575,30896.95,5431.85,1301437.84,831336.66,470101.18,36.12,4166.37,18.871,0,1,1,Documentation,Under Review,1,Electrical,Minor,1.98,1,0,1,Overdue
MINE-012,West Iron Mine 12,Eastern,West Bengal,Open Cast,Iron Ore,2020,9,2020-09-01,107595.9,17808314.68,13292315.96,1070,201327.0,0.5344,114622.81,5887.8,6335026.09,4223683.83,2111342.26,33.33,19630.35,45.925,0,0,0,,,2,Machinery,Fatal,2.24,0,0,0,Completed
MINE-010,Uttar Coal Mine 10,Northern,Uttar Pradesh,Mixed,Coal,2020,4,2020-04-01,28595.69,3804225.22,2710734.57,818,154075.6,0.1856,42095.99,3152.24,901405.43,517732.24,383673.19,42.56,7306.95,22.833,0,0,1,environmental,Under Review,0,,,2.65,1,0,1,Overdue
MINE-017,Gujarat Iron Mine 17,Western,Gujarat,Open Cast,Iron Ore,2017,8,2017-08-01,29605.04,13268212.21,12539367.21,421,87476.3,0.3384,24391.94,5000.78,1480483.59,1062852.55,417631.04,28.21,12421.68,15.167,0,2,1,Equipment,Open,0,,,1.62,2,1,1,Pending
MINE-027,Gujarat Iron Mine 27,Western,Gujarat,Open Cast,Iron Ore,2022,2,2022-02-01,6998.32,6248149.8,5227525.7,676,137494.8,0.0509,7220.32,5469.2,382751.87,279415.88,103335.99,27.0,1455.15,6.022,0,0,0,,,1,Fire,Minor,2.33,0,0,0,Completed
MINE-005,Madhya Coal Mine 5,Central,Madhya Pradesh,Open Cast,Coal,2023,3,2023-03-01,10631.96,6162270.35,4780488.04,1044,188736.5,0.0563,9097.62,2428.01,258145.08,212219.3,45925.77,17.79,3398.47,6.469,0,1,1,Documentation,Open,2,Fall of Roof/Rock,Minor,1.46,1,0,1,In Progress
MINE-027,Gujarat Iron Mine 27,Western,Gujarat,Open Cast,Iron Ore,2017,10,2017-10-01,14338.85,6248149.8,5824828.08,756,151564.5,0.0946,11891.61,5937.34,851346.44,500647.71,350698.73,41.19,4951.12,6.178,0,2,0,,,0,,,0.38,0,0,0,Completed
MINE-010,Uttar Coal Mine 10,Northern,Uttar Pradesh,Mixed,Coal,2019,3,2019-03-01,27656.77,3804225.22,3069077.51,777,146365.8,0.189,30377.5,2783.87,769927.96,503639.76,266288.2,34.59,5172.89,12.726,0,2,1,Documentation,Closed,1,Machinery,Minor,2.92,1,0,1,Pending
MINE-006,Maharashtra Limestone Mine 6,Western,Maharashtra,Open Cast,Limestone,2018,10,2018-10-01,17357.56,4919591.78,4396884.9,712,133513.0,0.13,15233.01,1026.57,178187.99,150282.41,27905.59,15.66,7535.65,14.334,0,4,0,,,1,Electrical,Moderate,2.49,0,0,0,Completed
MINE-030,Uttar Iron Mine 30,Northern,Uttar Pradesh,Mixed,Iron Ore,2021,1,2021-01-01,24629.56,9769224.08,8089905.78,716,132127.3,0.1864,31631.67,5284.69,1301595.62,951805.31,349790.3,26.87,11675.68,17.285,0,1,0,,,0,,,1.87,0,0,0,Completed
MINE-028,Telangana Coal Mine 28,Southern,Telangana,Open Cast,Coal,2020,5,2020-05-01,19457.01,10510635.28,9176047.33,993,212515.0,0.0916,16773.99,2484.59,483427.92,302166.61,181261.31,37.5,4365.89,14.39,0,1,0,,,0,,,1.41,1,0,1,In Progress
MINE-013,Odisha Coal Mine 13,Eastern,Odisha,Open Cast,Coal,2018,1,2018-01-01,37280.78,11260157.97,10497110.96,576,115588.5,0.3225,38885.96,2527.74,942360.46,675924.45,266436.01,28.27,12374.18,18.901,0,1,0,,,1,Gas/Explosion,Minor,1.39,0,0,0,Completed
MINE-021,Jharkhand Limestone Mine 21,Eastern,Jharkhand,Open Cast,Limestone,2018,1,2018-01-01,4686.29,1715441.24,1597237.72,332,62092.0,0.0755,5198.63,865.63,40565.83,32599.11,7966.72,19.64,2098.47,10.22,0,2,1,Documentation,Closed,0,,,2.39,1,0,1,Completed
MINE-014,Chhattisgarh Bauxite Mine 14,Central,Chhattisgarh,Underground,Bauxite,2016,8,2016-08-01,12577.0,3172486.06,3072652.11,814,149141.7,0.0843,20888.33,2066.73,259932.19,200037.9,59894.28,23.04,4995.42,9.301,0,2,0,,,0,,,0.12,0,0,0,Completed
MINE-018,Telangana Iron Mine 18,Southern,Telangana,Mixed,Iron Ore,2022,7,2022-07-01,9188.55,4638464.7,3742967.14,957,180884.3,0.0508,13133.73,4292.65,394432.05,306776.49,87655.56,22.22,3941.64,11.054,0,1,0,,,1,Gas/Explosion,Minor,1.71,0,0,0,Completed
MINE-018,Telangana Iron Mine 18,Southern,Telangana,Mixed,Iron Ore,2018,9,2018-09-01,10839.19,4638464.7,4217050.99,918,187303.8,0.0579,12086.62,4455.32,482920.11,305684.71,177235.4,36.7,4308.7,8.969,0,2,1,Equipment,Under Review,1,Fall of Roof/Rock,Minor,2.13,1,0,1,Overdue
MINE-002,West Iron Mine 2,Eastern,West Bengal,Open Cast,Iron Ore,2017,4,2017-04-01,90312.56,31788526.71,30457890.38,2128,452320.5,0.1997,105872.5,5425.09,4899538.35,4080132.12,819406.24,16.72,28867.49,47.043,0,0,1,Emergency Preparedness,Closed,0,,,1.53,1,0,1,In Progress
MINE-020,Uttar Iron Mine 20,Northern,Uttar Pradesh,Open Cast,Iron Ore,2021,1,2021-01-01,22073.38,4723977.98,3617302.81,432,84175.2,0.2622,20425.46,4922.14,1086482.35,776149.9,310332.44,28.56,6683.64,9.855,0,3,0,,,0,,,1.19,0,0,0,Completed
MINE-024,Chhattisgarh Bauxite Mine 24,Central,Chhattisgarh,Underground,Bauxite,2020,10,2020-10-01,50753.09,8763956.29,6780436.61,1153,222411.5,0.2282,56400.85,1715.47,870656.53,569512.02,301144.52,34.59,14708.16,25.927,0,1,0,,,0,,,0.5,0,0,0,Completed
MINE-003,Odisha Coal Mine 3,Eastern,Odisha,Underground,Coal,2016,5,2016-05-01,72924.37,24608205.58,24266585.41,1047,229237.1,0.3181,110921.49,2408.11,1756099.17,1254835.93,501263.24,28.54,19167.15,47.533,0,0,1,EQUIPMENT,Closed,1,Slip/Fall,Minor,2.35,2,1,1,Completed
MINE-008,Telangana Iron Mine 8,Southern,Telangana,Open Cast,Iron Ore,2021,4,2021-04-01,17137.41,4242653.83,3355433.94,752,141121.7,0.1214,18811.71,7663.94,1313401.94,870276.39,443125.55,33.74,3417.8,13.992,0,1,0,,,0,,,1.14,0,0,0,Completed
MINE-030,Uttar Iron Mine 30,Northern,Uttar Pradesh,Mixed,Iron Ore,2019,3,2019-03-01,27585.49,9769224.08,8666582.47,758,157707.7,0.1749,35063.95,5258.21,1450502.68,1100272.38,350230.3,24.15,8925.74,22.095,0,1,2,Operational,Closed,1,Fire,Minor,2.21,2,1,1,Pending
MINE-004,Chhattisgarh Coal Mine 4,Central,Chhattisgarh,Underground,Coal,2018,11,2018-11-01,8824.42,3455223.81,3060561.18,1384,303494.9,0.0291,,2305.21,203421.07,156530.43,46890.64,23.05,2407.55,10.134,0,3,1,Emergency Preparedness,Under Review,1,Machinery,Minor,1.2,1,0,1,Completed
MINE-001,Jharkhand Coal Mine 1,Eastern,Jharkhand,Underground,Coal,2024,5,2024-05-01,265746.86,15973322.74,1911768.18,3457,673194.6,0.3948,383364.18,2501.1,6646588.5,3813102.44,2833486.06,42.63,81210.24,158.702,0,0,0,,,1,Gas/Explosion,Minor,1.73,0,0,0,Completed
MINE-027,Gujarat Iron Mine 27,Western,Gujarat,Open Cast,Iron Ore,2021,11,2021-11-01,8240.41,6248149.8,5250793.93,719,141669.6,0.0582,9728.4,5543.78,456829.91,269114.61,187715.3,41.09,3377.1,5.24,0,1,0,,,0,,,0.45,0,0,0,Completed
MINE-006,Maharashtra Limestone Mine 6,Western,Maharashtra,Open Cast,Limestone,2016,12,2016-12-01,14107.65,4919591.78,4764583.25,681,133571.6,0.1056,12247.87,945.2,133345.73,100477.02,32868.71,24.65,6200.72,12.916,0,0,1,Emergency Preparedness,Under Review,0,,,2.64,1,0,1,Overdue
MINE-018,Telangana Iron Mine 18,Southern,Telangana,Mixed,Iron Ore,2024,6,2024-06-01,8857.13,4638464.7,3544982.17,886,183938.4,0.0482,9706.35,4156.21,368120.57,296025.31,72095.26,19.58,4322.11,12.709,0,0,0,,,1,Electrical,Serious,2.54,1,0,1,Pending
MINE-017,Gujarat Iron Mine 17,Western,Gujarat,Open Cast,Iron Ore,2024,9,2024-09-01,22162.19,13268212.21,9979938.29,414,84328.0,0.2628,23120.03,5023.75,1113372.32,670983.64,442388.68,39.73,5616.72,16.136,0,0,0,,,0,,,0.82,0,0,0,Completed
MINE-003,Odisha Coal Mine 3,Eastern,Odisha,Underground,Coal,2019,8,2019-08-01,146912.86,24608205.58,20191966.51,1331,246907.7,0.595,159107.08,2555.96,3755037.8,2349110.01,1405927.8,37.44,84218.17,93.089,0,2,0,,,1,Fire,Minor,1.13,0,0,0,Completed
MINE-028,Telangana Coal Mine 28,Southern,Telangana,Open Cast,Coal,2024,10,2024-10-01,7744.17,10510635.28,8529684.11,944,184448.3,0.042,9699.36,1954.28,151343.13,126720.23,24622.9,16.27,2344.99,11.311,0,2,0,,,0,,,1.55,1,0,1,Pending
MINE-025,Madhya Limestone Mine 25,Central,Madhya Pradesh,Open Cast,Limestone,2024,7,2024-07-01,5821.78,5333812.33,4347853.54,1108,203804.5,0.0286,7071.98,673.82,39228.45,38594.57,633.88,1.62,1059.31,6.353,0,1,0,,,0,,,1.96,1,0,1,Completed
MINE-027,Gujarat Iron Mine 27,Western,Gujarat,Open Cast,Iron Ore,2020,6,2020-06-01,11041.49,6248149.8,5403991.39,699,151383.8,0.0729,11418.29,6097.45,673248.81,524944.81,148304.0,22.03,2830.52,8.646,0,0,0,,,0,,,1.23,0,0,0,Completed
MINE-025,Madhya Limestone Mine 25,Central,Madhya Pradesh,open cast,Limestone,2017,6,2017-06-01,13502.59,5333812.33,5088728.46,1206,256262.9,0.0527,13934.18,884.83,119474.36,103860.85,15613.51,13.07,5598.97,10.292,0,1,0,,,0,,,1.21,0,0,0,Completed
MINE-011,Jharkhand Coal Mine 11,Eastern,Jharkhand,Underground,Coal,2019,2,2019-02-01,43376.24,4815796.69,3664189.04,449,88141.4,0.4921,62766.91,2698.64,1170569.66,958633.31,211936.35,18.11,24032.11,35.785,0,0,0,,,0,,,2.37,0,0,0,Completed
MINE-019,Andhra Coal Mine 19,Southern,Andhra Pradesh,Open Cast,Coal,2016,10,2016-10-01,22701.54,6903354.37,6686460.53,118,22859.7,0.9931,25611.91,2595.62,589246.42,501665.48,87580.93,14.86,5787.58,12.168,0,2,1,Operational,Under Review,2,Fire,Minor,2.09,1,0,1,In Progress
MINE-030,Uttar Iron Mine 30,Northern,Uttar Pradesh,Mixed,Iron Ore,2021,7,2021-07-01,24138.56,9769224.08,7934645.3,758,161137.6,0.1498,24308.09,5140.12,1240750.48,817698.29,423052.2,34.1,8505.2,12.947,0,3,1,Safety,Under Review,0,,,1.2,1,0,1,In Progress
MINE-025,Madhya Limestone Mine 25,Central,Madhya Pradesh,Open Cast,Limestone,2018,9,2018-09-01,10844.18,5333812.33,4914555.38,1135,243392.0,0.0446,13453.08,894.12,96960.03,88217.09,8742.94,9.02,3081.51,12.811,0,2,0,,,0,,,0.19,1,0,1,In Progress
MINE-023,Odisha Copper Mine 23,Eastern,Odisha,Open Cast,Copper Ore,2019,9,2019-09-01,70577.68,20545143.55,17866027.98,1707,331261.3,0.2131,90307.89,7179.12,5066859.75,4254055.89,812803.86,16.04,31166.12,44.192,0,2,0,,,0,,,2.43,0,0,0,Completed
MINE-028,Telangana Coal Mine 28,Southern,Telangana,Open Cast,Coal,2022,2,2022-02-01,12359.83,10510635.28,8863402.89,940,182452.7,0.0677,12476.61,2215.74,273861.93,172614.58,101247.34,36.97,3188.0,7.522,0,0,1,Documentation,Closed,1,Slip/Fall,Minor,0.94,1,0,1,Pending
MINE-010,Uttar Coal Mine 10,Northern,Uttar Pradesh,Mixed,Coal,2023,2,2023-02-01,59089.5,3804225.22,1174360.87,1058,203273.3,0.2907,77539.38,3419.71,2020687.21,1348740.12,671947.09,33.25,19895.16,34.342,0,0,0,,,0,,,0.39,0,0,0,Completed
MINE-028,Telangana Coal Mine 28,Southern,Telangana,Open Cast,Coal,2019,8,2019-08-01,19184.79,10510635.28,9346025.52,1020,213066.1,0.09,16214.09,2368.73,454436.03,327427.46,127008.57,27.95,6730.79,11.22,0,0,0,,,0,,,0.71,0,0,0,Completed
MINE-020,Uttar Iron Mine 20,Northern,Uttar Pradesh,Open Cast,Iron Ore,2020,4,2020-04-01,18965.07,4723977.98,3800237.08,429,86379.6,0.2196,20647.05,5483.2,1039892.64,708022.29,331870.35,31.91,3808.51,11.867,0,0,1,Emergency Preparedness,Closed,1,Gas/Explosion,Minor,1.36,1,0,1,Overdue
MINE-024,Chhattisgarh Bauxite Mine 24,Central,Chhattisgarh,Underground,Bauxite,2020,7,2020-07-01,44835.6,8763956.29,6918618.84,1146,230638.0,0.1944,68117.5,1726.86,774246.64,493496.86,280749.78,36.26,16658.07,34.26,0,3,2,Equipment,Under Review,1,Slip/Fall,Minor,1.55,2,1,1,In Progress
MINE-005,Madhya Coal Mine 5,Central,Madhya Pradesh,Open Cast,Coal,2018,1,2018-01-01,19798.85,6162270.35,5642299.1,1049,194048.5,0.102,17448.06,2544.98,503876.17,316372.58,187503.59,37.21,3116.94,8.074,0,3,1,Operational,Closed,0,,,1.3,2,1,1,Pending
MINE-005,Madhya Coal Mine 5,Central,Madhya Pradesh,Open Cast,Coal,2018,7,2018-07-01,16318.98,6162270.35,5530681.77,1059,220416.3,0.074,13727.98,2473.27,403611.92,278712.17,124899.76,30.95,7020.63,12.847,0,0,1,Safety,Open,1,Machinery,Minor,2.81,2,1,1,Overdue
MINE-023,Odisha Copper Mine 23,Eastern,Odisha,Open Cast,Copper Ore,2020,5,2020-05-01,78517.69,20545143.55,17265110.37,1673,316137.7,0.2484,95760.96,6843.85,5373629.62,2989591.71,2384037.9,44.37,13441.36,42.602,0,0,0,,,0,,,0.27,0,0,0,Completed
MINE-009,Andhra Iron Mine 9,Southern,Andhra Pradesh,Underground,Iron Ore,2021,3,2021-03-01,34247.22,7961285.52,5826107.24,1134,231347.5,0.148,59192.15,5137.52,1759458.27,1484308.22,275150.05,15.64,10062.18,29.87,0,1,1,Environmental,Closed,0,,,1.32,1,0,1,Pending
MINE-011,Jharkhand Coal Mine 11,Eastern,Jharkhand,Underground,Coal,2018,5,2018-05-01,36691.78,4815796.69,4014708.72,422,78087.8,0.4699,56232.96,2382.52,874188.92,700374.99,173813.93,19.88,12372.2,28.967,0,3,1,Safety,Closed,1,Electrical,Minor,1.9,1,0,1,Overdue
MINE-023,Odisha Copper Mine 23,Eastern,Odisha,Open Cast,Copper Ore,2016,4,2016-04-01,49150.24,20545143.55,20350274.06,1481,314086.8,0.1565,48197.01,7806.09,3836710.09,2224461.36,1612248.73,42.02,14689.11,24.494,0,1,0,,,0,,,0.68,0,0,0,Completed
MINE-019,Andhra Coal Mine 19,Southern,Andhra Pradesh,Open Cast,Coal,2023,3,2023-03-01,37325.19,6903354.37,4378956.42,143,31402.1,1.1886,30818.1,2260.31,843666.39,702977.98,140688.41,16.68,9425.23,15.331,0,1,0,,,2,Fall of Roof/Rock,Serious,2.64,0,0,0,Completed
MINE-004,Chhattisgarh Coal Mine 4,Central,Chhattisgarh,Underground,Coal,2020,10,2020-10-01,7694.37,3455223.81,2867995.39,1400,281601.7,0.0273,9688.15,2581.51,198630.78,184296.23,14334.56,7.22,4664.73,10.597,0,2,1,Equipment,Closed,1,Gas/Explosion,Minor,1.76,1,0,1,Pending
MINE-029,Andhra Copper Mine 29,Southern,Andhra Pradesh,Open Cast,Copper Ore,2018,1,2018-01-01,33484.84,11305197.36,10489325.55,271,52681.5,0.6356,41916.62,8496.64,2845087.19,2373768.39,471318.8,16.57,12682.04,21.007,0,1,0,,,1,Fire,Minor,1.27,0,0,0,Completed
MINE-012,West Iron Mine 12,Eastern,West Bengal,Open Cast,Iron Ore,2023,1,2023-01-01,158323.33,17808314.68,9626600.22,1201,258671.8,0.6121,183362.07,5312.38,8410732.58,5237206.23,3173526.35,37.73,27208.96,73.789,0,0,2,Safety,Under Review,0,,,1.45,2,1,1,Overdue
MINE-023,Odisha Copper Mine 23,Eastern,Odisha,Open Cast,Copper Ore,2022,4,2022-04-01,79142.95,20545143.55,15420759.17,1639,330608.6,0.2394,77030.45,5566.06,4405141.03,3541041.36,864099.67,19.62,23587.59,42.072,0,4,0,,,0,,,0.16,0,0,0,Completed
MINE-009,Andhra Iron Mine 9,Southern,Andhra Pradesh,underground,Iron Ore,2021,6,2021-06-01,36847.55,7961285.52,5719253.28,1154,233665.5,0.1577,39989.21,5238.82,1930376.11,1285266.41,645109.7,33.42,10076.81,19.461,0,2,0,,,0,,,2.39,0,0,0,Completed
MINE-015,Madhya Iron Mine 15,Central,Madhya Pradesh,Open Cast,Iron Ore,2021,1,2021-01-01,78583.49,14086398.07,10769532.5,1002,185832.6,0.4229,66507.58,5746.65,4515915.36,3137892.25,1378023.11,30.51,29784.52,36.125,0,0,0,,,1,Electrical,Minor,1.88,0,0,0,Completed
MINE-011,Jharkhand Coal Mine 11,Eastern,Jharkhand,Underground,Coal,2016,5,2016-05-01,22424.42,4815796.69,4707770.92,384,76642.7,0.2926,28750.67,2384.02,534602.94,392373.19,142229.74,26.6,10208.7,18.176,0,0,0,,,0,,,0.6,0,0,0,Completed
MINE-010,Uttar Coal Mine 10,Northern,Uttar Pradesh,Mixed,Coal,2024,11,2024-11-01,91693.37,3804225.22,0.0,1381,297293.9,0.3084,91988.71,3448.52,3162068.03,2110051.6,1052016.43,33.27,44614.57,56.151,0,1,0,,,3,Fire,Minor,1.92,1,0,1,In Progress
MINE-016,Maharashtra Iron Mine 16,Western,Maharashtra,Underground,Iron Ore,2020,7,2020-07-01,12772.01,3852023.09,3056523.99,448,95634.8,0.1335,22099.5,6623.77,845989.19,601167.13,244822.06,28.94,6445.28,16.796,0,3,0,,,0,,,0.14,0,0,0,Completed
MINE-007,Gujarat Coal Mine 7,Western,Gujarat,Underground,Coal,2017,3,2017-03-01,10441.24,4595599.71,4423520.1,1605,311349.3,0.0335,11320.66,2834.53,295960.19,187641.49,108318.69,36.6,2133.41,10.034,0,2,2,Environmental,Open,3,Fall of Roof/Rock,Serious,1.98,2,1,1,In Progress
MINE-001,Jharkhand Coal Mine 1,Eastern,Jharkhand,Underground,Coal,2020,12,2020-12-01,144233.51,15973322.74,9986574.72,2782,550399.0,0.2621,246381.41,2706.17,3903202.82,2213274.86,1689927.96,43.3,41230.16,102.335,0,0,0,,,2,Fall of Roof/Rock,Minor,1.18,0,0,0,Completed
MINE-024,Chhattisgarh Bauxite Mine 24,Central,Chhattisgarh,Underground,Bauxite,2018,7,2018-07-01,32226.4,8763956.29,7898361.69,956,192090.7,0.1678,36588.48,1913.19,616553.44,356899.41,259654.03,42.11,12154.25,17.414,0,2,0,,,9,Machinery,Minor,0.95,1,0,1,Overdue
MINE-028,Telangana Coal Mine 28,Southern,Telangana,Open Cast,Coal,2019,11,2019-11-01,19367.34,10510635.28,9289914.16,984,208483.7,0.0929,22071.78,2439.05,472378.37,339580.66,132797.72,28.11,7853.3,15.942,0,0,0,,,1,Fire,Minor,0.99,1,0,1,In Progress
MINE-026,Maharashtra Copper Mine 26,Western,Maharashtra,Underground,Copper Ore,2024,3,2024-03-01,23804.96,3439638.4,1447222.04,551,99855.1,0.2384,38661.72,6187.92,1473031.43,921173.52,551857.91,37.46,12639.74,25.409,0,3,1,Equipment,Under Review,1,Haulage/Transport,Minor,1.01,1,0,1,Pending
MINE-024,Chhattisgarh Bauxite Mine 24,Central,Chhattisgarh,Underground,Bauxite,2021,8,2021-08-01,54527.66,8763956.29,6239178.12,1229,251326.5,0.217,89903.92,1623.92,885487.2,762049.11,123438.08,13.94,15240.4,35.288,0,2,0,,,0,,,0.78,0,0,0,Completed
MINE-020,Uttar Iron Mine 20,Northern,Uttar Pradesh,Open Cast,Iron Ore,2024,8,2024-08-01,22682.02,4723977.98,2707359.8,441,82916.6,0.2736,22578.72,4926.94,1117528.65,657251.28,460277.37,41.19,9891.06,12.34,0,2,0,,,2,Slip/Fall,Minor,3.14,0,0,0,Completed
MINE-024,Chhattisgarh Bauxite Mine 24,Central,Chhattisgarh,Underground,Bauxite,2023,7,2023-07-01,70428.14,8763956.29,4643095.98,1316,252413.0,0.279,106122.16,1458.24,1027011.94,674928.88,352083.06,34.28,22163.14,50.057,0,1,1,Documentation,Closed,0,,,2.67,1,0,1,Overdue
MINE-030,Uttar Iron Mine 30,Northern,Uttar Pradesh,Mixed,Iron Ore,2018,9,2018-09-01,27734.66,9769224.08,8838035.32,736,153542.5,0.1806,30132.54,4812.06,1334609.64,963415.75,371193.89,27.81,11842.83,19.08,0,1,1,Emergency Preparedness,Under Review,1,Slip/Fall,Moderate,2.21,1,0,1,Overdue
MINE-011,Jharkhand Coal Mine 11,Eastern,Jharkhand,Underground,Coal,2017,6,2017-06-01,31833.74,4815796.69,4366884.71,402,81060.7,0.3927,52499.18,2551.63,812280.46,600843.51,211436.96,26.03,11838.2,23.431,0,0,0,,,1,Machinery,Minor,2.64,0,0,0,Completed
MINE-007,Gujarat Coal Mine 7,Western,Gujarat,Underground,Coal,2016,10,2016-10-01,10943.07,4595599.71,4479824.45,1566,311549.6,0.0351,17302.0,2601.69,284704.54,196215.9,88488.65,31.08,3647.71,13.121,0,1,0,,,2,Gas/Explosion,Minor,2.09,0,0,0,Completed
MINE-014,Chhattisgarh Bauxite Mine 14,Central,Chhattisgarh,Underground,Bauxite,2016,11,2016-11-01,11744.37,3172486.06,3037073.05,883,162206.9,0.0724,19781.4,2052.04,240998.75,156412.01,84586.75,35.1,5705.01,14.823,0,2,2,Environmental,Under Review,0,,,1.92,2,0,2,Completed
MINE-008,Telangana Iron Mine 8,Southern,Telangana,Open Cast,Iron Ore,2023,6,2023-06-01,20071.73,4242653.83,2892232.2,750,144201.5,0.1392,20901.03,7274.01,1460019.18,1019686.1,440333.08,30.16,6757.36,15.728,0,2,0,,,1,Fall of Roof/Rock,Minor,2.29,0,0,0,Completed
MINE-006,Maharashtra Limestone Mine 6,Western,Maharashtra,Open Cast,Limestone,2016,3,2016-03-01,11862.03,4919591.78,4882820.4,683,134781.1,0.088,13999.49,874.56,103740.04,75531.09,28208.95,27.19,2952.38,6.304,0,1,0,,,1,Haulage/Transport,Moderate,1.01,0,0,0,Completed
MINE-014,Chhattisgarh Bauxite Mine 14,Central,Chhattisgarh,Underground,Bauxite,2024,3,2024-03-01,6442.86,3172486.06,2277430.94,740,141808.8,0.0454,11007.52,2416.19,155671.52,133227.01,22444.51,14.42,3480.99,9.73,0,0,1,Equipment,Under Review,0,,,1.53,1,0,1,Pending
MINE-017,Gujarat Iron Mine 17,Western,Gujarat,Open Cast,Iron Ore,2022,2,2022-02-01,28413.37,13268212.21,10820586.31,437,83194.6,0.3415,26081.99,5370.78,1526020.72,976317.15,549703.57,36.02,7592.76,16.051,0,1,0,,,0,,,1.56,0,0,0,Completed
MINE-017,Gujarat Iron Mine 17,Western,Gujarat,Open Cast,Iron Ore,2016,9,2016-09-01,37533.32,13268212.21,12932650.59,456,82411.0,0.4554,31941.71,4739.9,1779043.23,1112552.67,666490.56,37.46,5695.63,18.157,0,1,2,Equipment,Open,0,,,1.38,3,2,1,Overdue
MINE-020,Uttar Iron Mine 20,Northern,Uttar Pradesh,Open Cast,Iron Ore,2019,9,2019-09-01,16443.11,4723977.98,3937930.63,421,83257.0,0.1975,19303.99,5298.72,871274.45,575618.15,295656.3,33.93,4173.24,14.871,0,5,0,,,1,Gas/Explosion,Minor,0.97,0,0,0,Completed
MINE-010,Uttar Coal Mine 10,Northern,Uttar Pradesh,Mixed,Coal,2022,10,2022-10-01,52418.82,3804225.22,1423964.32,1013,191038.7,0.2744,56073.05,3249.46,1703329.28,984513.92,718815.36,42.2,26739.18,36.407,0,1,0,,,1,Gas/Explosion,Minor,0.43,0,0,0,Completed
MINE-016,Maharashtra Iron Mine 16,Western,Maharashtra,Underground,Iron Ore,2017,1,2017-01-01,17013.27,3852023.09,3649891.39,472,93759.6,0.1815,24413.98,6124.71,1042012.91,761877.88,280135.03,26.88,9651.2,16.243,0,2,1,Equipment,Under Review,0,,,0.56,1,0,1,Completed
MINE-015,Madhya Iron Mine 15,Central,Madhya Pradesh,Open Cast,Iron Ore,2016,6,2016-06-01,40377.04,14086398.07,13860649.21,824,172791.4,0.2337,40113.52,5481.55,2213286.27,1691692.62,521593.65,23.57,13266.48,19.425,0,1,0,,,1,Gas/Explosion,Minor,1.2,0,0,0,Completed
MINE-025,Madhya Limestone Mine 25,Central,Madhya Pradesh,Open Cast,Limestone,2019,12,2019-12-01,9818.63,5333812.33,4757811.93,1160,227865.0,0.0431,12258.61,833.33,81821.65,77022.3,4799.36,5.87,3520.72,10.112,0,0,0,,,1,Fall of Roof/Rock,Minor,1.44,0,0,0,Completed
MINE-017,Gujarat Iron Mine 17,Western,Gujarat,Open Cast,Iron Ore,2020,11,2020-11-01,29847.56,13268212.21,11273609.66,423,76213.5,0.3916,25424.7,5696.13,1700155.84,1435235.61,264920.23,15.58,11129.13,19.079,0,0,0,,,1,Gas/Explosion,Minor,1.79,0,0,0,Completed
MINE-016,Maharashtra Iron Mine 16,Western,Maharashtra,Underground,Iron Ore,2016,8,2016-08-01,13829.95,3852023.09,3731498.87,464,88842.7,0.1557,17300.47,5928.14,819859.24,643204.97,176654.27,21.55,7014.32,10.1,0,4,0,,,1,Fall of Roof/Rock,Minor,1.95,0,0,0,Completed
MINE-014,Chhattisgarh Bauxite Mine 14,Central,Chhattisgarh,Underground,Bauxite,2023,4,2023-04-01,6723.12,3172486.06,2348576.13,734,145588.5,0.0462,7311.68,2532.37,170254.48,132199.06,38055.42,22.35,3643.28,9.167,0,2,1,Operational,Closed,0,,,0.55,1,0,1,Pending
MINE-012,West Iron Mine 12,Eastern,West Bengal,Open Cast,Iron Ore,2016,1,2016-01-01,56341.67,17808314.68,17751973.01,907,186108.8,0.3027,67042.51,5130.17,2890423.53,1907339.59,983083.94,34.01,11206.45,33.593,0,3,0,,,1,Electrical,Minor,0.58,0,0,0,Completed
MINE-025,Madhya Limestone Mine 25,Central,Madhya Pradesh,Open Cast,Limestone,2023,1,2023-01-01,7099.89,5333812.33,4461969.38,1026,195234.3,0.0364,7175.11,729.59,51800.42,45877.06,5923.35,11.43,1611.19,8.98,0,3,1,Emergency Preparedness,Under Review,0,,,1.91,2,1,1,Pending
MINE-030,Uttar Iron Mine 30,Northern,Uttar Pradesh,Mixed,Iron Ore,2017,11,2017-11-01,29425.52,9769224.08,9124714.27,738,144184.6,0.2041,28308.4,5122.77,1507402.11,956140.01,551262.1,36.57,7237.69,17.116,0,3,2,Safety,Closed,0,,,2.77,2,1,1,Overdue
MINE-019,Andhra Coal Mine 19,Southern,Andhra Pradesh,Open Cast,Coal,2023,7,2023-07-01,36246.22,6903354.37,4231142.74,137,25129.1,1.4424,43035.56,2377.3,861683.07,533146.96,328536.11,38.13,12967.93,20.136,0,0,0,,,1,Fall of Roof/Rock,Minor,1.3,0,0,0,Completed
MINE-015,Madhya Iron Mine 15,Central,Madhya Pradesh,Open Cast,Iron Ore,2018,11,2018-11-01,53988.21,14086398.07,12500549.82,890,180650.0,0.2989,49024.66,5632.72,3041005.85,2064281.61,976724.24,32.12,19868.07,29.06,0,3,1,Emergency Preparedness,Under Review,1,Haulage/Transport,Moderate,0.95,1,0,1,Overdue
MINE-025,Madhya Limestone Mine 25,Central,Madhya Pradesh,Open Cast,Limestone,2019,11,2019-11-01,9354.35,5333812.33,4767630.57,1185,237564.9,0.0394,7486.49,844.79,79024.95,58985.64,20039.31,25.36,1894.0,6.025,0,0,1,Emergency Preparedness,Under Review,0,,,0.73,2,0,2,Pending
MINE-019,Andhra Coal Mine 19,Southern,Andhra Pradesh,Open Cast,Coal,2022,4,2022-04-01,37619.38,6903354.37,4782886.67,140,30207.0,1.2454,39266.94,2472.27,930053.38,791153.18,138900.2,14.93,11846.09,19.46,0,5,2,Equipment,Closed,0,,,1.5,2,1,1,Overdue
MINE-027,Gujarat Iron Mine 27,Western,Gujarat,Open Cast,Iron Ore,2024,2,2024-02-01,5598.81,6248149.8,5075487.66,684,138983.4,0.0403,6200.59,5838.41,326881.69,274517.42,52364.27,16.02,2050.75,6.058,0,3,0,,,1,Fall of Roof/Rock,Minor,1.22,0,0,0,Completed
MINE-019,Andhra Coal Mine 19,Southern,Andhra Pradesh,Open Cast,Coal,2017,8,2017-08-01,21902.29,6903354.37,6442780.27,121,25070.2,0.8736,20820.77,2531.28,554408.7,443696.7,110711.99,19.97,6321.74,17.08,0,1,1,Equipment,Under Review,2,Machinery,Minor,1.8,2,1,1,In Progress
MINE-011,Jharkhand Coal Mine 11,Eastern,Jharkhand,Underground,Coal,2020,7,2020-07-01,63366.48,4815796.69,2795525.65,508,98335.5,0.6444,81091.57,2341.91,1483984.53,903762.92,580221.61,39.1,25022.96,43.925,0,1,0,,,0,,,0.3,0,0,0,Completed
MINE-016,Maharashtra Iron Mine 16,Western,Maharashtra,Underground,Iron Ore,2016,4,2016-04-01,15069.08,3852023.09,3791614.6,448,84977.3,0.1773,16942.93,5580.46,840924.23,627006.35,213917.88,25.44,8590.69,10.05,0,2,2,Operational,Closed,0,,,1.11,2,0,2,Completed
MINE-005,Madhya Coal Mine 5,Central,Madhya Pradesh,Open Cast,Coal,2016,4,2016-04-01,22976.9,6162270.35,6070730.55,1120,210247.9,0.1093,25223.35,2420.42,556136.54,365086.35,191050.19,34.35,6193.74,14.036,0,3,0,,,3,Machinery,Minor,2.32,0,0,0,Completed
MINE-012,West Iron Mine 12,Eastern,West Bengal,Open-Cast,Iron Ore,2020,7,2020-07-01,100589.52,17808314.68,13493946.96,1048,195214.8,0.5153,91596.99,5974.19,6009411.92,4914953.2,1094458.72,18.21,41647.76,48.634,0,2,1,Documentation,Under Review,3,Slip/Fall,Minor,3.24,1,0,1,Pending
MINE-003,Odisha Coal Mine 3,Eastern,Odisha,Underground,Coal,2017,10,2017-10-01,88479.09,24608205.58,22887637.32,1176,247336.4,0.3577,121647.69,2734.87,2419785.52,1377538.56,1042246.96,43.07,47113.7,65.889,0,1,0,,,1,Machinery,Minor,2.75,0,0,0,Completed
MINE-024,Chhattisgarh Bauxite Mine 24,Central,Chhattisgarh,Underground,Bauxite,2022,5,2022-05-01,67241.38,8763956.29,5670137.35,1214,245942.1,0.2734,73771.99,1644.96,1106095.54,808698.3,297397.24,26.89,28551.49,40.403,0,2,0,,,0,,,0.34,0,0,0,Completed
MINE-012,West Iron Mine 12,Eastern,West Bengal,Open Cast,Iron Ore,2017,1,2017-01-01,69825.48,17808314.68,17002021.36,927,181365.1,0.385,64638.41,5155.9,3600134.1,3037400.25,562733.85,15.63,30572.1,36.703,0,0,0,,,2,Fire,Minor,1.09,0,0,0,Completed
MINE-002,West Iron Mine 2,Eastern,West Bengal,Open Cast,Iron Ore,2016,2,2016-02-01,83977.53,31788526.71,31628331.15,2122,466096.8,0.1802,77999.07,5017.24,4213354.68,2499211.96,1714142.72,40.68,27623.03,43.549,0,3,0,,,0,,,0.82,1,0,1,In Progress
MINE-023,Odisha Copper Mine 23,Eastern,Odisha,Open Cast,Copper Ore,2024,1,2024-01-01,119175.86,20545143.55,13336689.92,1856,357407.4,0.3334,145049.72,5968.52,7113033.53,5806289.42,1306744.12,18.37,37414.04,65.921,0,0,0,,,0,,,0.94,0,0,0,Completed
MINE-008,Telangana Iron Mine 8,Southern,Telangana,Open Cast,Iron Ore,2018,2,2018-02-01,12235.78,4242653.83,3919251.97,700,141838.9,0.0863,11206.97,5958.49,729067.9,543059.64,186008.26,25.51,5137.69,10.518,0,0,1,Environmental,Under Review,2,Machinery,Minor,2.25,1,0,1,In Progress
MINE-028,Telangana Coal Mine 28,Southern,Telangana,Open Cast,Coal,2020,11,2020-11-01,15872.37,10510635.28,9079008.52,988,190751.3,0.0832,19158.39,2340.34,371467.21,313232.34,58234.87,15.68,5132.82,9.295,0,3,0,,,1,Electrical,Minor,2.41,0,0,0,Completed
MINE-002,West Iron Mine 2,Eastern,West Bengal,Open Cast,Iron Ore,2020,8,2020-08-01,66229.3,31788526.71,27527065.13,2182,473266.2,0.1399,71422.75,6090.71,4033837.93,3073705.08,960132.85,23.8,28701.06,39.292,0,1,2,Environmental,Under Review,1,Electrical,Moderate,2.62,2,1,1,Completed
MINE-003,Odisha Coal Mine 3,Eastern,Odisha,Underground,Coal,2022,1,2022-01-01,234019.21,24608205.58,14500983.01,1615,314357.6,0.7444,277764.25,2945.45,6892910.05,4323147.96,2569762.09,37.28,122436.77,149.915,0,1,0,,,0,,,2.18,0,0,0,Completed
MINE-019,Andhra Coal Mine 19,Southern,Andhra Pradesh,Open Cast,Coal,2022,10,2022-10-01,37677.31,6903354.37,4573113.75,142,26541.1,1.4196,47184.41,2290.08,862841.78,592585.52,270256.25,31.32,12525.7,27.971,0,0,0,,,1,Gas/Explosion,Minor,2.14,0,0,0,Completed
MINE-003,Odisha Coal Mine 3,Eastern,Odisha,Underground,Coal,2019,1,2019-01-01,127590.52,24608205.58,21189592.47,1211,255953.4,0.4985,173652.18,2613.13,3334102.54,2137476.24,1196626.3,35.89,65050.75,87.37,0,2,1,Equipment,Under Review,1,Gas/Explosion,Minor,2.76,1,0,1,Completed
MINE-012,West Iron Mine 12,Eastern,West Bengal,Open Cast,Iron Ore,2016,9,2016-09-01,62192.48,17808314.68,17280027.0,897,189140.1,0.3288,50970.27,4827.19,3002150.59,1894532.79,1107617.8,36.89,26481.01,29.934,0,0,0,,,2,Haulage/Transport,Minor,2.86,0,0,0,Completed
MINE-013,Odisha Coal Mine 13,Eastern,Odisha,Open Cast,Coal,2019,7,2019-07-01,40086.16,11260157.97,9785705.59,616,129754.0,0.3089,44785.17,2861.46,1147047.48,940366.6,206680.87,18.02,6166.75,22.065,0,0,0,,,0,,,0.6,1,0,1,Completed
MINE-021,Jharkhand Limestone Mine 21,Eastern,Jharkhand,Open Cast,Limestone,2024,4,2024-04-01,3117.04,1715441.24,1313619.68,334,67392.3,0.0463,3521.47,603.56,18813.29,14572.63,4240.66,22.54,1163.89,2.812,0,3,0,,,2,Fire,Minor,2.58,0,0,0,Completed
MINE-024,Chhattisgarh Bauxite Mine 24,Central,Chhattisgarh,Underground,Bauxite,2017,3,2017-03-01,24416.23,8763956.29,8391292.8,993,207151.6,0.1179,26375.99,2199.43,537016.68,426309.75,110706.94,20.62,5840.43,12.463,0,1,1,Emergency Preparedness,Under Review,0,,,1.16,1,0,1,Pending
MINE-008,Telangana Iron Mine 8,Southern,Telangana,Open Cast,Iron Ore,2016,12,2016-12-01,12920.74,4242653.83,4098416.19,730,139945.1,0.0923,16642.65,5825.13,752649.54,462212.49,290437.04,38.59,4441.31,13.839,0,1,0,,,0,,,2.22,0,0,0,Completed
MINE-010,Uttar Coal Mine 10,Northern,Uttar Pradesh,Mixed,Coal,2022,12,2022-12-01,63204.02,3804225.22,1292258.34,1111,219733.0,0.2876,76568.28,3404.75,2151940.25,1525866.55,626073.7,29.09,12089.49,31.984,0,2,0,,,1,Haulage/Transport,Moderate,2.89,0,0,0,Completed
MINE-008,Telangana Iron Mine 8,Southern,Telangana,Open Cast,Iron Ore,2018,8,2018-08-01,13540.97,4242653.83,3838580.91,737,140504.1,0.0964,16970.31,6596.76,893265.21,637998.25,255266.96,28.58,5783.2,10.108,0,1,1,Documentation,Open,2,Gas/Explosion,Minor,2.78,1,0,1,Pending
MINE-015,Madhya Iron Mine 15,Central,Madhya Pradesh,Open Cast,Iron Ore,2019,9,2019-09-01,57369.75,14086398.07,11897248.48,935,175691.4,0.3265,53264.48,6299.27,3613872.72,2519618.85,1094253.87,30.28,18276.44,27.563,0,1,0,,,0,,,1.54,0,0,0,Completed
MINE-019,Andhra Coal Mine 19,Southern,Andhra Pradesh,Open Cast,Coal,2018,12,2018-12-01,27579.21,6903354.37,6035126.12,123,25041.1,1.1014,31199.94,2507.85,691645.0,585361.12,106283.87,15.37,7532.97,20.128,0,0,0,,,3,Fire,Moderate,2.57,0,0,0,Completed
MINE-009,Andhra Iron Mine 9,Southern,Andhra Pradesh,Underground,Iron Ore,2021,7,2021-07-01,33731.4,7961285.52,5685521.88,1102,235727.5,0.1431,55765.6,5133.81,1731705.1,1335427.83,396277.27,22.88,7539.66,23.226,0,1,1,Operational,Under Review,0,,,2.26,1,0,1,In Progress
MINE-013,Odisha Coal Mine 13,Eastern,Odisha,Open Cast,Coal,2022,3,2022-03-01,54551.87,11260157.97,8212641.93,640,140594.5,0.388,64041.53,2893.13,1578254.01,1064437.83,513816.17,32.56,22583.55,37.069,0,0,0,,,0,,,0.65,0,0,0,Completed
MINE-011,Jharkhand Coal Mine 11,Eastern,Jharkhand,Underground,Coal,2021,7,2021-07-01,75647.24,4815796.69,1989613.49,533,115477.5,0.6551,99225.47,2086.24,1578182.36,906413.15,671769.21,42.57,38749.59,56.396,0,2,0,,,1,Electrical,Minor,2.59,0,0,0,Completed
MINE-015,Madhya Iron Mine 15,Central,Madhya Pradesh,Open Cast,Iron Ore,2017,2,2017-02-01,46419.56,14086398.07,13539455.99,850,181996.7,0.2551,47843.39,5247.33,2435786.69,1449560.81,986225.88,40.49,14441.22,27.722,0,2,1,Safety,Under Review,3,Haulage/Transport,Minor,1.95,2,1,1,Completed
MINE-016,Maharashtra Iron Mine 16,Western,Maharashtra,Underground,Iron Ore,2020,10,2020-10-01,12381.59,3852023.09,3021454.35,451,84550.4,0.1464,18981.88,7152.56,885600.5,540782.99,344817.51,38.94,5997.18,12.138,0,3,1,Environmental,Under Review,0,,,0.85,2,1,1,In Progress
MINE-026,Maharashtra Copper Mine 26,Western,Maharashtra,Underground,Copper Ore,2019,5,2019-05-01,18789.37,3439638.4,2747604.38,522,103726.3,0.1811,27674.57,6704.29,1259693.74,1042909.9,216783.84,17.21,11371.11,15.248,0,0,1,Operational,Under Review,1,Electrical,Minor,1.82,1,0,1,In Progress
MINE-025,Madhya Limestone Mine 25,Central,Madhya Pradesh,Open Cast,Limestone,2022,5,2022-05-01,7674.96,5333812.33,4516968.61,1138,236537.0,0.0324,9249.91,754.99,57944.93,59653.23,-1708.3,-2.95,1511.38,3.584,0,0,1,Operational,Open,0,,,2.04,1,0,1,Pending
MINE-019,Andhra Coal Mine 19,Southern,Andhra Pradesh,Open Cast,Coal,2019,8,2019-08-01,24904.78,6903354.37,5817737.88,125,26844.1,0.9278,29138.6,2490.31,620205.33,440069.07,180136.26,29.04,5254.55,12.036,0,1,0,,,2,Gas/Explosion,Moderate,1.34,0,0,0,Completed
MINE-025,Madhya Limestone Mine 25,Central,Madhya Pradesh,Open Cast,Limestone,2019,2,2019-02-01,9884.58,5333812.33,4859635.09,1158,208779.3,0.0473,12705.44,895.12,88479.02,75839.08,12639.94,14.29,3321.86,11.573,0,0,0,,,0,,,0.37,0,0,0,Completed
MINE-025,Madhya Limestone Mine 25,Central,Madhya Pradesh,Open Cast,Limestone,2024,12,2024-12-01,5246.13,5333812.33,4320912.83,1073,233998.0,0.0224,5695.6,695.21,36471.91,36775.47,-303.56,-0.83,988.0,9.013,0,1,0,,,0,,,0.19,0,0,0,Completed
MINE-025,Madhya Limestone Mine 25,Central,Madhya Pradesh,Open Cast,Limestone,2023,9,2023-09-01,6332.5,5333812.33,4410011.18,1144,239717.6,0.0264,5720.64,681.26,43140.57,46772.91,-3632.34,-8.42,2250.46,9.361,0,1,0,,,0,,,0.74,1,0,1,Pending
MINE-024,Chhattisgarh Bauxite Mine 24,Central,Chhattisgarh,Underground,Bauxite,2024,3,2024-03-01,78286.53,8763956.29,3990488.9,1322,251044.2,0.3118,99525.78,1393.81,1091167.39,834388.55,256778.85,23.53,28960.05,50.701,0,3,0,,,0,,,0.07,0,0,0,Completed
MINE-007,Gujarat Coal Mine 7,Western,Gujarat,Underground,Coal,2018,6,2018-06-01,12664.22,4595599.71,4248843.27,1585,287895.9,0.044,15357.27,2631.5,333259.19,284699.59,48559.6,14.57,5947.33,12.302,0,1,0,,,1,Fall of Roof/Rock,Minor,1.54,0,0,0,Completed
MINE-019,Andhra Coal Mine 19,Southern,Andhra Pradesh,Open Cast,Coal,2022,5,2022-05-01,35102.69,6903354.37,4747783.98,135,27720.8,1.2663,39979.13,2384.91,837167.44,602546.61,234620.83,28.03,14778.39,27.041,0,0,0,,,1,Electrical,Moderate,0.43,1,0,1,In Progress
MINE-015,Madhya Iron Mine 15,Central,Madhya Pradesh,Open Cast,Iron Ore,2024,2,2024-02-01,128051.22,14086398.07,7122811.71,1144,236395.0,0.5417,165888.42,6478.1,8295281.67,5245458.42,3049823.25,36.77,57011.4,81.688,0,1,0,,,0,,,2.04,0,0,0,Completed
MINE-025,Madhya Limestone Mine 25,Central,Madhya Pradesh,Open Cast,Limestone,2021,12,2021-12-01,7534.75,5333812.33,4554131.02,1155,245368.3,0.0307,9731.48,762.53,57454.34,43288.64,14165.71,24.66,1594.19,5.956,0,3,0,,,0,,,1.09,0,0,0,Completed
MINE-022,West Copper Mine 22,Eastern,West Bengal,Open Cast,Copper Ore,2024,12,2024-12-01,232226.03,11657228.78,283027.76,3162,655850.9,0.3541,271726.3,11798.79,27399866.07,21240735.59,6159130.48,22.48,98503.72,131.218,0,1,0,,,0,,,0.75,0,0,0,Completed
MINE-003,Odisha Coal Mine 3,Eastern,Odisha,Underground,Coal,2018,4,2018-04-01,100575.63,24608205.58,22267378.59,1168,245225.2,0.4101,153966.06,2612.52,2627563.34,1779244.1,848319.24,32.29,26922.46,61.857,0,2,0,,,1,Fire,Moderate,2.37,0,0,0,Completed
MINE-021,Jharkhand Limestone Mine 21,Eastern,Jharkhand,Open Cast,Limestone,2017,3,2017-03-01,4839.74,1715441.24,1643621.52,347,66740.7,0.0725,4369.32,940.35,45510.55,39046.22,6464.34,14.2,1125.94,6.138,0,3,0,,,0,,,0.78,0,0,0,Completed
MINE-030,Uttar Iron Mine 30,Northern,Uttar Pradesh,Mixed,Iron Ore,2020,5,2020-05-01,25633.1,9769224.08,8290113.92,718,138860.4,0.1846,30217.85,5386.57,1380744.55,877927.97,502816.58,36.42,8369.02,16.198,0,1,1,Equipment,Open,0,,,1.54,1,0,1,In Progress
MINE-022,West Copper Mine 22,Eastern,West Bengal,Open Cast,Copper Ore,2023,5,2023-05-01,167343.27,11657228.78,3808738.41,2722,591856.2,0.2827,143858.31,10374.21,17360548.63,13481139.85,3879408.78,22.35,57780.94,78.028,0,1,0,,,2,Slip/Fall,Minor,1.88,0,0,0,Completed
MINE-003,Odisha Coal Mine 3,Eastern,Odisha,Underground,Coal,2019,10,2019-10-01,134583.38,24608205.58,19925916.84,1259,251316.5,0.5355,232227.58,2631.82,3541993.61,2842633.69,699359.92,19.74,48067.74,99.754,0,2,2,Safety,Under Review,0,,,0.88,2,1,1,Overdue
MINE-030,Uttar Iron Mine 30,Northern,Uttar Pradesh,Mixed,Iron Ore,2022,10,2022-10-01,22379.87,9769224.08,7564460.55,704,152275.5,0.147,33098.55,4560.16,1020558.05,827663.12,192894.93,18.9,7362.87,14.588,0,0,0,,,0,,,0.09,0,0,0,Completed
MINE-008,Telangana Iron Mine 8,Southern,Telangana,Open Cast,Iron Ore,2022,7,2022-07-01,18670.52,4242653.83,3099740.45,799,172326.4,0.1083,19612.02,7772.06,1451084.27,1041151.33,409932.94,28.25,4592.39,8.254,0,1,0,,,2,Fall of Roof/Rock,Minor,1.49,1,0,1,Completed
MINE-024,Chhattisgarh Bauxite Mine 24,Central,Chhattisgarh,Underground,Bauxite,2019,10,2019-10-01,45198.2,8763956.29,7322240.86,1154,251712.8,0.1796,77977.51,1688.78,763296.43,564999.29,198297.14,25.98,24443.52,41.577,0,3,0,,,0,,,0.51,0,0,0,Completed
MINE-011,Jharkhand Coal Mine 11,Eastern,Jharkhand,Underground,Coal,2019,9,2019-09-01,48525.05,4815796.69,3343172.37,475,92296.2,0.5258,59275.73,2576.03,1250017.57,745637.94,504379.63,40.35,24660.87,32.552,0,3,1,Emergency Preparedness,Closed,1,Slip/Fall,Moderate,2.51,1,0,1,Completed
MINE-016,Maharashtra Iron Mine 16,Western,Maharashtra,Underground,Iron Ore,2023,3,2023-03-01,10290.83,3852023.09,2670069.86,439,94758.2,0.1086,16439.71,7312.46,752512.76,425160.65,327352.1,43.5,5672.68,11.386,0,1,0,,,0,,,1.21,0,0,0,Completed
MINE-011,Jharkhand Coal Mine 11,Eastern,Jharkhand,Underground,Coal,2016,5,2016-05-01,22424.42,4815796.69,4707770.92,384,76642.7,0.2926,28750.67,2384.02,534602.94,392373.19,142229.74,26.6,10208.7,18.176,0,0,0,,,0,,,0.6,0,0,0,Completed
MINE-004,Chhattisgarh Coal Mine 4,Central,Chhattisgarh,Underground,Coal,2017,5,2017-05-01,11151.86,3455223.81,3249983.65,1381,277172.6,0.0402,12370.86,2367.0,263964.06,207432.58,56531.48,21.42,4820.27,9.625,0,1,0,,,0,,,0.82,0,0,0,Completed
MINE-016,Maharashtra Iron Mine 16,Western,Maharashtra,Underground,Iron Ore,2019,2,2019-02-01,14018.4,3852023.09,3287577.06,459,93892.1,0.1493,22083.58,6312.31,884885.05,687461.43,197423.62,22.31,6740.45,11.573,0,0,1,Documentation,Open,0,,,0.87,1,0,1,Overdue
MINE-007,Gujarat Coal Mine 7,Western,Gujarat,Underground,Coal,2024,5,2024-05-01,13001.77,4595599.71,3428701.19,1534,309491.0,0.042,22567.14,3026.6,393511.32,298365.1,95146.22,24.18,3681.87,8.824,0,1,0,,,1,Electrical,Minor,2.69,0,0,0,Completed
MINE-012,West Iron Mine 12,Eastern,West Bengal,Open Cast,Iron Ore,2023,7,2023-07-01,143133.42,17808314.68,8687792.52,1117,244335.8,0.5858,159364.2,5324.26,7620800.31,5592405.79,2028394.52,26.62,25133.92,62.787,0,2,0,,,1,Machinery,Minor,1.03,0,0,0,Completed
MINE-005,Madhya Coal Mine 5,Central,Madhya Pradesh,Open Cast,Coal,2020,1,2020-01-01,14885.85,6162270.35,5247218.1,1056,194342.7,0.0766,18335.58,2426.13,361149.46,257222.78,103926.67,28.78,3126.95,10.726,0,2,1,Operational,Under Review,0,,,0.42,2,1,1,Pending
MINE-021,Jharkhand Limestone Mine 21,Eastern,Jharkhand,Open Cast,Limestone,2021,2,2021-02-01,3960.55,1715441.24,1446878.83,350,73091.5,0.0542,4994.25,694.4,27502.23,26416.64,1085.59,3.95,1256.42,9.227,0,0,0,,,0,,,2.37,0,0,0,Completed
MINE-016,Maharashtra Iron Mine 16,Western,Maharashtra,Underground,Iron Ore,2016,1,2016-01-01,15416.44,3852023.09,3836606.66,475,91299.2,0.1689,24042.82,5468.62,843067.0,594477.92,248589.09,29.49,5507.62,13.128,0,1,0,,,1,Haulage/Transport,Minor,0.96,0,0,0,Completed
MINE-013,Odisha Coal Mine 13,Eastern,Odisha,Open Cast,Coal,2021,6,2021-06-01,57512.94,11260157.97,8693949.04,667,125320.0,0.4589,65454.05,2708.98,1558013.98,904437.98,653575.99,41.95,12746.11,33.728,0,3,1,Equipment,Open,1,Fall of Roof/Rock,Moderate,2.03,1,0,1,Overdue
MINE-008,Telangana Iron Mine 8,Southern,Telangana,Open Cast,Iron Ore,2018,4,2018-04-01,12779.94,4242653.83,3893265.78,726,140264.1,0.0911,16315.53,6017.63,769049.66,514709.68,254339.98,33.07,2967.72,8.583,0,2,0,,,0,,,0.54,0,0,0,Completed
MINE-027,Gujarat Iron Mine 27,Western,Gujarat,Open Cast,Iron Ore,2016,1,2016-01-01,23290.33,6248149.8,6224859.47,832,152662.8,0.1526,27961.0,5111.56,1190498.18,829324.06,361174.12,30.34,6058.9,13.912,0,0,0,,,1,Haulage/Transport,Minor,0.64,0,0,0,Completed
MINE-024,Chhattisgarh Bauxite Mine 24,Central,Chhattisgarh,Underground,Bauxite,2017,8,2017-08-01,27041.41,8763956.29,8245473.08,983,182237.1,0.1484,35012.37,2006.25,542517.22,344277.71,198239.51,36.54,16348.15,24.081,0,0,0,,,1,Electrical,Minor,0.89,0,0,0,Completed
MINE-025,Madhya Limestone Mine 25,Central,Madhya Pradesh,Open Cast,Limestone,2019,5,2019-05-01,10824.92,5333812.33,4827043.13,1222,231047.7,0.0469,11865.98,857.18,92789.21,92090.24,698.97,0.75,4593.34,6.458,0,1,0,,,1,Fall of Roof/Rock,Moderate,0.43,0,0,0,Completed
MINE-014,Chhattisgarh Bauxite Mine 14,Central,Chhattisgarh,Underground,Bauxite,2020,5,2020-05-01,8677.75,3172486.06,2617272.35,769,151173.6,0.0574,10988.34,2833.17,245855.8,214961.78,30894.01,12.57,4684.24,12.345,0,1,2,Operational,Closed,0,,,1.27,2,1,1,Completed
MINE-028,Telangana Coal Mine 28,Southern,Telangana,Open Cast,Coal,2021,8,2021-08-01,13749.38,10510635.28,8943785.83,989,185255.0,0.0742,11150.85,2267.02,311700.58,270777.76,40922.83,13.13,3117.52,7.808,0,2,2,Environmental,Open,0,,,2.36,2,1,1,In Progress
MINE-014,Chhattisgarh Bauxite Mine 14,Central,Chhattisgarh,Underground,Bauxite,2019,11,2019-11-01,9217.77,3172486.06,2669029.59,801,161397.8,0.0571,11641.72,2899.85,267301.24,162710.68,104590.56,39.13,2789.97,10.158,0,2,0,,,0,,,2.04,0,0,0,Completed
MINE-021,Jharkhand Limestone Mine 21,Eastern,Jharkhand,Open Cast,Limestone,2016,3,2016-03-01,4883.28,1715441.24,1700554.49,367,79946.8,0.0611,4500.26,1026.79,50140.84,37314.81,12826.03,25.58,1269.38,2.761,0,1,0,,,3,Fire,Minor,2.07,0,0,0,Completed
MINE-022,West Copper Mine 22,Eastern,West Bengal,Open Cast,Copper Ore,2020,1,2020-01-01,77141.58,11657228.78,8646639.33,2059,391123.2,0.1972,84207.36,8298.49,6401585.53,5334339.83,1067245.7,16.67,15178.1,36.283,0,0,2,Documentation,Under Review,0,,,1.0,2,1,1,Pending
MINE-020,Uttar Iron Mine 20,Northern,Uttar Pradesh,Open Cast,Iron Ore,2019,5,2019-05-01,18327.32,4723977.98,4006891.44,423,81206.6,0.2257,20904.54,5377.9,985625.67,803156.26,182469.41,18.51,6968.5,14.882,0,4,1,Documentation,Open,0,,,2.42,1,0,1,Overdue
MINE-014,Chhattisgarh Bauxite Mine 14,Central,Chhattisgarh,Underground,Bauxite,2017,10,2017-10-01,11501.4,3172486.06,2913492.93,810,152137.3,0.0756,19059.42,2276.46,261825.2,217027.21,44797.99,17.11,6965.85,12.058,0,2,1,Documentation,Closed,0,,,2.45,1,0,1,Completed
MINE-006,Maharashtra Limestone Mine 6,Western,Maharashtra,Open Cast,Limestone,2023,3,2023-03-01,37306.59,4919591.78,2908890.58,920,172583.3,0.2162,31290.72,1107.27,413083.02,332855.68,80227.34,19.42,14362.19,19.946,0,2,0,,,0,,,1.46,0,0,0,Completed
MINE-004,Chhattisgarh Coal Mine 4,Central,Chhattisgarh,Underground,Coal,2017,12,2017-12-01,11677.19,3455223.81,3171840.72,1450,311103.8,0.0375,18460.27,2160.69,252307.74,224687.95,27619.8,10.95,4864.4,15.092,0,2,0,,,1,Electrical,Serious,0.41,0,0,0,Completed
MINE-020,Uttar Iron Mine 20,Northern,Uttar Pradesh,Open Cast,Iron Ore,2019,6,2019-06-01,18399.78,4723977.98,3988491.66,428,87757.3,0.2097,20788.0,5448.12,1002442.3,588414.27,414028.02,41.3,8245.61,15.736,0,2,1,Operational,Open,0,,,2.12,1,0,1,Completed
MINE-014,Chhattisgarh Bauxite Mine 14,Central,Chhattisgarh,Underground,Bauxite,2020,11,2020-11-01,8385.08,3172486.06,2567331.47,766,160975.2,0.0521,11608.98,2960.66,248253.53,151056.17,97197.36,39.15,2189.08,7.296,0,1,0,,,0,,,1.23,0,0,0,Completed
MINE-010,Uttar Coal Mine 10,Northern,Uttar Pradesh,Mixed,Coal,2016,8,2016-08-01,14494.31,3804225.22,3692460.46,648,116642.8,0.1243,17809.16,2422.31,351096.44,234799.48,116296.96,33.12,4088.73,10.95,0,3,1,Emergency Preparedness,Under Review,2,Gas/Explosion,Serious,3.59,1,0,1,Overdue
MINE-027,Gujarat Iron Mine 27,Western,Gujarat,Open Cast,Iron Ore,2017,1,2017-01-01,20314.87,6248149.8,5977726.61,759,162917.8,0.1247,20362.96,5897.51,1198071.18,822944.44,375126.74,31.31,3992.97,10.836,0,1,1,Operational,Under Review,0,,,1.74,1,0,1,In Progress
MINE-013,Odisha Coal Mine 13,Eastern,Odisha,Open Cast,Coal,2017,6,2017-06-01,34318.4,11260157.97,10731723.82,569,105724.6,0.3246,28100.91,2488.67,854073.1,522982.11,331090.99,38.77,5299.82,13.516,0,4,0,,,0,,,0.24,1,0,1,In Progress
MINE-009,Andhra Iron Mine 9,Southern,Andhra Pradesh,Underground,Iron Ore,2019,12,2019-12-01,35346.35,7961285.52,6340721.17,1153,245701.3,0.1439,48341.2,4860.1,1717867.06,1050278.5,667588.55,38.86,9643.44,25.962,0,0,1,Equipment,Under Review,0,,,1.37,2,1,1,Pending
MINE-020,Uttar Iron Mine 20,Northern,Uttar Pradesh,Open Cast,Iron Ore,2019,2,2019-02-01,18435.63,4723977.98,4065111.53,413,85771.4,0.2149,20036.25,5404.93,996431.9,657527.09,338904.81,34.01,2815.59,9.525,0,0,0,,,0,,,1.37,0,0,0,Completed
MINE-006,Maharashtra Limestone Mine 6,Western,Maharashtra,Open Cast,Limestone,2023,9,2023-09-01,38507.64,4919591.78,2679821.14,925,183991.3,0.2093,47367.03,1086.39,418344.31,253297.29,165047.02,39.45,12527.17,25.702,0,0,0,,,1,Fire,Minor,1.62,1,0,1,Completed
MINE-028,Telangana Coal Mine 28,Southern,Telangana,Open Cast,Coal,2021,3,2021-03-01,13204.12,10510635.28,9018347.17,962,202764.4,0.0651,12832.43,2255.18,297775.98,214461.33,83314.64,27.98,5880.64,7.951,0,0,0,,,1,Slip/Fall,Minor,0.62,0,0,0,Completed
MINE-005,Madhya Coal Mine 5,Central,Madhya Pradesh,Open Cast,Coal,2017,2,2017-02-01,19565.3,6162270.35,5858420.34,1031,213341.3,0.0917,22016.3,2465.08,482300.78,364759.81,117540.97,24.37,5137.26,14.824,0,1,0,,,1,Electrical,Minor,2.56,0,0,0,Completed
MINE-006,Maharashtra Limestone Mine 6,Western,Maharashtra,Open Cast,Limestone,2022,6,2022-06-01,36451.25,4919591.78,3234160.01,893,193160.3,0.1887,38633.52,1158.21,422182.74,293524.72,128658.03,30.47,9095.08,17.324,0,1,1,operational,Closed,0,,,1.37,1,0,1,Pending
MINE-024,Chhattisgarh Bauxite Mine 24,Central,Chhattisgarh,Underground,Bauxite,2019,11,2019-11-01,42134.41,8763956.29,7280106.45,1067,209507.1,0.2011,50582.37,1683.86,709486.29,609077.24,100409.06,14.15,14381.61,27.335,0,0,0,,,1,Gas/Explosion,Minor,1.06,0,0,0,Completed
MINE-029,Andhra Copper Mine 29,Southern,Andhra Pradesh,Open Cast,Copper Ore,2019,12,2019-12-01,42273.55,11305197.36,9666947.76,293,59539.2,0.71,41399.06,7799.44,3297099.42,2493798.18,803301.24,24.36,11820.92,20.381,0,0,1,Environmental,Closed,1,Electrical,Minor,1.53,1,0,1,Overdue
MINE-015,Madhya Iron Mine 15,Central,Madhya Pradesh,Open Cast,Iron Ore,2019,4,2019-04-01,62594.04,14086398.07,12205991.88,888,163878.2,0.382,81353.74,6080.41,3805971.72,2821055.33,984916.39,25.88,25684.9,44.529,0,3,1,Safety,Under Review,0,,,2.24,1,0,1,Pending
MINE-013,Odisha Coal Mine 13,Eastern,Odisha,Open Cast,Coal,2021,2,2021-02-01,54014.33,11260157.97,8898760.81,609,118438.8,0.4561,53162.72,2713.49,1465671.73,946538.88,519132.84,35.42,21428.94,29.545,0,1,0,,,1,Slip/Fall,Minor,0.46,0,0,0,Completed
MINE-026,Maharashtra Copper Mine 26,Western,Maharashtra,Underground,Copper Ore,2022,12,2022-12-01,25376.29,3439638.4,1825426.48,567,107898.0,0.2352,31107.21,6431.85,1632165.61,943302.65,688862.96,42.21,5336.27,13.865,0,2,2,Documentation,Closed,0,,,2.95,2,1,1,Pending
MINE-027,Gujarat Iron Mine 27,Western,Gujarat,Open Cast,Iron Ore,2017,4,2017-04-01,16156.45,6248149.8,5925264.22,745,138177.8,0.1169,15165.9,6249.25,1009656.16,771897.35,237758.8,23.55,3990.22,11.627,0,0,0,,,1,Machinery,Moderate,2.66,1,0,1,Completed
MINE-028,Telangana Coal Mine 28,Southern,Telangana,Open Cast,Coal,2016,5,2016-05-01,32928.44,10510635.28,10343012.73,1077,207069.9,0.159,33962.72,2466.13,812057.47,642568.31,169489.17,20.87,7295.27,18.373,0,2,1,Emergency Preparedness,Open,2,Slip/Fall,Minor,1.1,2,1,1,Pending
MINE-004,Chhattisgarh Coal Mine 4,Central,Chhattisgarh,Underground,Coal,2018,6,2018-06-01,10231.28,3455223.81,3108724.34,1378,283395.0,0.0361,14973.76,2240.81,229263.89,156492.79,72771.1,31.74,4493.36,12.172,0,3,0,,,0,,,1.63,0,0,0,Completed
MINE-006,Maharashtra Limestone Mine 6,Western,Maharashtra,Open Cast,Limestone,2022,2,2022-02-01,31121.85,4919591.78,3373140.7,818,164245.0,0.1895,32371.57,1164.85,362523.03,300165.01,62358.02,17.2,8257.51,18.976,0,1,0,,,0,,,1.02,0,0,0,Completed
MINE-022,West Copper Mine 22,Eastern,West Bengal,Open Cast,Copper Ore,2019,7,2019-07-01,77494.62,11657228.78,9136906.6,2109,387940.9,0.1998,94542.42,7835.28,6071919.83,4587255.0,1484664.83,24.45,32880.22,50.738,0,0,0,,,0,,,0.23,0,0,0,Completed
MINE-017,Gujarat Iron Mine 17,Western,Gujarat,Open Cast,Iron Ore,2022,9,2022-09-01,26900.79,13268212.21,10622658.51,419,87961.1,0.3058,33266.66,5395.65,1451472.18,833777.83,617694.35,42.56,8752.91,20.273,0,2,2,Safety,Closed,0,,,1.8,2,1,1,Pending
MINE-020,Uttar Iron Mine 20,Northern,Uttar Pradesh,Open Cast,Iron Ore,2018,2,2018-02-01,18037.78,4723977.98,4280371.14,430,94171.0,0.1915,21132.58,5329.28,961284.25,815256.21,146028.04,15.19,3079.59,13.855,0,0,0,,,1,Machinery,Minor,1.01,0,0,0,Completed
MINE-001,Jharkhand Coal Mine 1,Eastern,Jharkhand,Underground,Coal,2020,10,2020-10-01,144764.47,15973322.74,10288120.88,2714,596379.0,0.2427,250026.71,2608.83,3776665.68,2904278.85,872386.83,23.1,82256.71,116.497,0,2,0,,,1,Electrical,Serious,1.82,0,0,0,Completed
MINE-014,Chhattisgarh Bauxite Mine 14,Central,Chhattisgarh,Underground,Bauxite,2018,10,2018-10-01,9207.59,3172486.06,2790568.91,785,146177.6,0.063,14383.63,2583.51,237878.76,175716.08,62162.68,26.13,2476.39,8.723,0,1,0,,,1,Slip/Fall,Minor,1.79,0,0,0,Completed
MINE-014,Chhattisgarh Bauxite Mine 14,Central,Chhattisgarh,Underground,Bauxite,2020,4,2020-04-01,8414.5,3172486.06,2625950.1,791,173021.8,0.0486,14619.76,2856.48,240358.19,159687.07,80671.12,33.56,3154.39,8.342,0,1,1,Environmental,Open,1,Haulage/Transport,Minor,2.39,1,0,1,Completed
MINE-029,Andhra Copper Mine 29,Southern,Andhra Pradesh,Open Cast,Copper Ore,2021,12,2021-12-01,40487.45,11305197.36,8725539.47,292,57309.8,0.7065,45609.39,7965.69,3225105.23,2694054.62,531050.61,16.47,7491.08,18.932,0,0,1,Safety,Under Review,2,Haulage/Transport,Moderate,2.1,1,0,1,Completed
MINE-026,Maharashtra Copper Mine 26,Western,Maharashtra,Underground,Copper Ore,2019,1,2019-01-01,20593.63,3439638.4,2822510.96,516,95121.5,0.2165,25006.66,6854.96,1411684.36,957639.98,454044.39,32.16,8851.06,15.984,0,3,0,,,0,,,2.25,0,0,0,Completed
MINE-020,Uttar Iron Mine 20,Northern,Uttar Pradesh,OPEN CAST,Iron Ore,2016,7,2016-07-01,16500.31,4723977.98,4607751.13,416,82391.0,0.2003,13352.86,5293.68,873474.17,543506.77,329967.4,37.78,5179.39,8.492,0,0,1,Emergency Preparedness,Closed,0,,,1.88,1,0,1,Overdue
MINE-017,Gujarat Iron Mine 17,Western,Gujarat,Open Cast,Iron Ore,2021,6,2021-06-01,36119.17,13268212.21,11053244.5,432,81912.6,0.4409,40363.76,5570.53,2012030.45,1447599.4,564431.05,28.05,7663.28,21.857,0,1,1,Equipment,Under Review,0,,,1.4,1,0,1,In Progress
MINE-021,Jharkhand Limestone Mine 21,Eastern,Jharkhand,Open Cast,Limestone,2017,10,2017-10-01,4761.43,1715441.24,1611143.22,334,69634.7,0.0684,5116.83,901.17,42908.4,32389.59,10518.81,24.51,1695.7,8.176,0,0,0,,,2,Haulage/Transport,Minor,1.19,0,0,0,Completed
MINE-012,West Iron Mine 12,Eastern,West Bengal,Open Cast,Iron Ore,2024,3,2024-03-01,162264.15,17808314.68,7341887.83,1123,204982.4,0.7916,167880.45,5514.83,8948598.68,5216127.1,3732471.58,41.71,64747.2,85.952,0,3,0,,,0,,,0.07,0,0,0,Completed
MINE-014,Chhattisgarh Bauxite Mine 14,Central,Chhattisgarh,Underground,Bauxite,2021,4,2021-04-01,8091.89,3172486.06,2525403.28,751,141475.1,0.0572,10041.42,2706.25,218987.14,176107.77,42879.37,19.58,1982.13,8.374,0,1,1,Equipment,Open,0,,,2.4,2,1,1,In Progress
MINE-012,West Iron Mine 12,Eastern,West Bengal,Open Cast,Iron Ore,2020,2,2020-02-01,90752.24,17808314.68,14018095.64,1063,208697.4,0.4349,88258.59,5864.38,5322053.31,3618229.64,1703823.67,32.01,27388.86,43.021,0,2,0,,,0,,,2.02,1,0,1,Pending
MINE-006,Maharashtra Limestone Mine 6,Western,Maharashtra,Open Cast,Limestone,2017,9,2017-09-01,14774.68,4919591.78,4626288.35,708,127693.1,0.1157,18347.71,969.85,143291.85,118700.69,24591.15,17.16,5356.83,14.619,0,3,2,Emergency Preparedness,Open,0,,,2.15,3,1,2,Completed
MINE-007,Gujarat Coal Mine 7,Western,Gujarat,Underground,Coal,2020,12,2020-12-01,12105.21,4595599.71,3902862.27,1560,310690.7,0.039,14468.48,3075.07,372244.3,264363.8,107880.5,28.98,4367.16,10.997,0,1,0,,,1,Slip/Fall,Serious,1.43,0,0,0,Completed
MINE-011,Jharkhand Coal Mine 11,Eastern,Jharkhand,Underground,Coal,2018,11,2018-11-01,40499.82,4815796.69,3795140.55,441,83298.4,0.4862,47586.8,2583.73,1046406.47,854309.3,192097.17,18.36,9868.59,19.913,0,1,1,Environmental,Under Review,0,,,2.73,1,0,1,In Progress
MINE-004,Chhattisgarh Coal Mine 4,Central,Chhattisgarh,Underground,Coal,2024,5,2024-05-01,5707.95,3455223.81,2601128.54,1372,261068.0,0.0219,6868.25,2356.86,134528.53,107000.73,27527.8,20.46,1946.24,7.068,0,3,0,,,3,Fall of Roof/Rock,Minor,2.89,0,0,0,Completed
MINE-011,Jharkhand Coal Mine 11,Eastern,Jharkhand,Underground,Coal,2017,2,2017-02-01,24699.26,4815796.69,4487197.22,406,80206.1,0.3079,39982.69,2527.81,624351.1,523570.88,100780.21,16.14,8315.65,23.747,0,2,1,Emergency Preparedness,Open,0,,,2.37,1,0,1,Pending
MINE-006,Maharashtra Limestone Mine 6,Western,Maharashtra,OPEN CAST,Limestone,2024,12,2024-12-01,51525.34,4919591.78,1970290.39,1005,194562.4,0.2648,64702.43,1001.79,516176.46,381907.08,134269.38,26.01,22082.65,36.836,0,0,0,,,0,,,1.01,0,0,0,Completed
MINE-019,Andhra Coal Mine 19,Southern,Andhra Pradesh,Open Cast,Coal,2023,2,2023-02-01,37623.05,6903354.37,4416281.61,139,27248.5,1.3807,43144.36,2241.12,843177.62,623199.36,219978.26,26.09,16431.68,26.27,0,2,0,,,0,,,0.38,0,0,0,Completed
MINE-014,Chhattisgarh Bauxite Mine 14,Central,Chhattisgarh,Underground,Bauxite,2017,12,2017-12-01,11475.79,3172486.06,2890687.19,826,177532.2,0.0646,18878.16,2378.53,272955.39,183270.38,89685.01,32.86,4134.58,10.297,0,2,0,,,2,Fire,Moderate,1.45,0,0,0,Completed
MINE-030,Uttar Iron Mine 30,Northern,Uttar Pradesh,Mixed,Iron Ore,2020,2,2020-02-01,28180.75,9769224.08,8367737.15,755,136719.3,0.2061,34733.76,5371.84,1513825.58,1094345.11,419480.47,27.71,10876.59,18.229,0,2,0,,,0,,,1.03,0,0,0,Completed
MINE-018,Telangana Iron Mine 18,Southern,Telangana,Mixed,Iron Ore,2020,11,2020-11-01,10262.18,4638464.7,3935002.8,944,190877.7,0.0538,10782.12,3924.59,402748.82,331685.73,71063.1,17.64,4524.24,11.16,0,2,0,,,0,,,0.91,0,0,0,Completed
MINE-010,Uttar Coal Mine 10,Northern,Uttar Pradesh,Mixed,Coal,2018,10,2018-10-01,24444.21,3804225.22,3196370.57,726,133918.3,0.1825,32912.93,2673.85,653600.39,378504.78,275095.61,42.09,6039.11,16.135,0,0,0,,,0,,,1.5,0,0,0,Completed
MINE-006,Maharashtra Limestone Mine 6,Western,Maharashtra,Open Cast,Limestone,2022,9,2022-09-01,31167.84,4919591.78,3137255.19,865,180660.1,0.1725,26539.51,1169.72,364577.3,226307.88,138269.42,37.93,6014.56,17.924,0,0,0,,,0,,,1.84,0,0,0,Completed
MINE-014,Chhattisgarh Bauxite Mine 14,Central,Chhattisgarh,Underground,Bauxite,2019,3,2019-03-01,8578.76,3172486.06,2741665.03,823,152569.3,0.0562,11260.58,2663.97,228535.49,148224.52,80310.97,35.14,5010.45,5.983,0,3,0,,,1,Fall of Roof/Rock,Minor,2.03,1,0,1,In Progress
MINE-006,Maharashtra Limestone Mine 6,Western,Maharashtra,Open Cast,Limestone,2017,2,2017-02-01,16066.37,4919591.78,4732820.79,672,132217.6,0.1215,15401.97,921.83,148105.03,97618.09,50486.95,34.09,6920.95,8.734,0,1,0,,,0,,,0.55,0,0,0,Completed
MINE-027,Gujarat Iron Mine 27,Western,Gujarat,Open Cast,Iron Ore,2023,12,2023-12-01,6034.25,6248149.8,5086559.69,674,138458.8,0.0436,7363.16,5970.89,360298.08,276624.32,83673.76,23.22,1981.29,3.771,0,4,0,,,2,Machinery,Minor,2.99,0,0,0,Completed
MINE-016,Maharashtra Iron Mine 16,Western,Maharashtra,Underground,Iron Ore,2021,2,2021-02-01,11929.95,3852023.09,2968267.69,444,80455.7,0.1483,20097.39,7632.6,910566.18,595008.41,315557.77,34.66,7053.36,12.321,0,0,2,Emergency Preparedness,Open,0,,,2.98,2,1,1,Pending
MINE-010,Uttar Coal Mine 10,Northern,Uttar Pradesh,Mixed,Coal,2018,3,2018-03-01,19658.82,3804225.22,3349924.05,624,117782.1,0.1669,20510.63,2552.32,501756.89,305629.9,196126.99,39.09,7058.5,10.729,0,1,0,,,3,Electrical,Moderate,1.65,0,0,0,Completed
MINE-022,West Copper Mine 22,Eastern,West Bengal,Open Cast,Copper Ore,2016,1,2016-01-01,45452.75,11657228.78,11611776.03,1830,382354.7,0.1189,49538.2,7607.59,3457858.96,2865093.26,592765.7,17.14,6941.36,20.011,0,1,0,,,0,,,2.24,0,0,0,Completed
MINE-013,Odisha Coal Mine 13,Eastern,Odisha,Open Cast,Coal,2024,6,2024-06-01,90427.28,11260157.97,6348559.88,754,140217.7,0.6449,75917.53,2771.13,2505859.67,1988060.87,517798.8,20.66,34707.98,43.594,0,3,2,equipment,Under Review,0,,,1.37,2,1,1,Overdue
MINE-028,Telangana Coal Mine 28,Southern,Telangana,Open Cast,Coal,2022,3,2022-03-01,12275.54,10510635.28,8851127.35,975,180497.2,0.068,15230.19,2146.12,263448.4,170072.21,93376.19,35.44,5412.1,12.315,0,0,0,,,2,Fall of Roof/Rock,Minor,1.11,0,0,0,Completed
MINE-003,Odisha Coal Mine 3,Eastern,Odisha,Underground,Coal,2024,3,2024-03-01,415496.81,24608205.58,5868213.85,2057,445897.5,0.9318,662788.3,2763.31,11481462.62,7280879.14,4200583.48,36.59,139362.64,276.06,0,1,0,,,1,Machinery,Moderate,1.3,0,0,0,Completed
MINE-023,Odisha Copper Mine 23,Eastern,Odisha,Open Cast,Copper Ore,2019,2,2019-02-01,60879.12,20545143.55,18352981.47,1678,333630.6,0.1825,65846.97,7315.16,4453407.68,3329473.37,1123934.32,25.24,11696.24,28.929,0,2,2,Operational,Under Review,0,,,2.11,2,1,1,In Progress
MINE-005,Madhya Coal Mine 5,Central,Madhya Pradesh,OPEN CAST,Coal,2016,9,2016-09-01,21966.78,6162270.35,5960006.73,1110,217835.9,0.1008,22005.44,2393.33,525737.34,391492.92,134244.42,25.53,3402.27,14.495,0,0,0,,,2,Haulage/Transport,Moderate,3.14,0,0,0,Completed
MINE-005,Madhya Coal Mine 5,Central,Madhya Pradesh,Open-Cast,Coal,2022,5,2022-05-01,11224.39,6162270.35,4883918.24,1028,188691.9,0.0595,12233.56,2534.01,284427.14,186980.93,97446.22,34.26,4877.83,7.06,0,1,0,,,1,Fire,Moderate,2.42,0,0,0,Completed
MINE-011,Jharkhand Coal Mine 11,Eastern,Jharkhand,Underground,Coal,2017,9,2017-09-01,28603.32,4815796.69,4282531.59,393,71628.7,0.3993,41821.51,2553.84,730482.38,522630.87,207851.51,28.45,5991.85,15.922,0,2,0,,,3,Slip/Fall,Serious,2.65,0,0,0,Completed
MINE-006,Maharashtra Limestone Mine 6,Western,Maharashtra,Open Cast,Limestone,2020,2,2020-02-01,21568.6,4919591.78,4056635.93,756,145357.5,0.1484,26378.31,1159.08,249996.37,187684.95,62311.42,24.92,8495.41,15.28,0,1,0,,,0,,,1.07,0,0,0,Completed
MINE-013,Odisha Coal Mine 13,Eastern,Odisha,Open Cast,Coal,2018,11,2018-11-01,41486.92,11260157.97,10117190.41,618,132443.2,0.3132,39469.46,2540.81,1054103.79,843777.62,210326.16,19.95,17825.59,21.642,0,1,1,Equipment,Open,1,Fall of Roof/Rock,Minor,2.34,1,0,1,Pending
MINE-007,Gujarat Coal Mine 7,Western,Gujarat,Underground,Coal,2016,2,2016-02-01,10581.66,4595599.71,4572215.6,1480,296272.6,0.0357,15710.08,2411.1,255134.68,214611.08,40523.59,15.88,5477.92,9.608,0,1,0,,,0,,,0.48,0,0,0,Completed
MINE-017,Gujarat Iron Mine 17,Western,Gujarat,Open Cast,Iron Ore,2020,3,2020-03-01,29753.14,13268212.21,11514513.13,414,89243.1,0.3334,25789.08,5882.65,1750273.07,1138961.33,611311.74,34.93,13058.5,15.918,0,4,0,,,0,,,2.13,0,0,0,Completed
MINE-017,Gujarat Iron Mine 17,Western,Gujarat,Open Cast,Iron Ore,2022,1,2022-01-01,29444.04,13268212.21,10848999.68,422,91888.6,0.3204,35902.18,5319.54,1566287.35,1307756.87,258530.48,16.51,9730.48,15.76,0,1,1,Emergency Preparedness,Open,1,Fall of Roof/Rock,Moderate,0.83,1,0,1,Overdue
MINE-014,Chhattisgarh Bauxite Mine 14,Central,Chhattisgarh,Underground,Bauxite,2017,4,2017-04-01,11118.33,3172486.06,2981467.03,828,151177.0,0.0735,18179.38,2130.64,236891.79,184381.02,52510.77,22.17,2504.35,14.685,0,1,0,,,0,,,0.01,0,0,0,Completed
MINE-014,Chhattisgarh Bauxite Mine 14,Central,Chhattisgarh,Underground,Bauxite,2022,8,2022-08-01,7271.67,3172486.06,2406143.22,805,148561.1,0.0489,10641.21,2621.3,190612.41,134171.97,56440.44,29.61,3142.82,5.413,0,1,0,,,0,,,0.65,0,0,0,Completed
MINE-019,Andhra Coal Mine 19,Southern,Andhra Pradesh,Open Cast,Coal,2019,9,2019-09-01,27662.48,6903354.37,5790075.4,132,25239.9,1.096,24213.46,2443.48,675927.15,446813.02,229114.13,33.9,5415.11,10.098,0,2,0,,,2,Haulage/Transport,Minor,2.72,1,0,1,In Progress
MINE-006,Maharashtra Limestone Mine 6,Western,Maharashtra,open cast,Limestone,2023,7,2023-07-01,35151.57,4919591.78,2752950.94,913,170292.6,0.2064,39844.53,1071.7,376720.46,308924.33,67796.13,18.0,8211.22,22.75,0,3,0,,,0,,,1.99,0,0,0,Completed
MINE-019,Andhra Coal Mine 19,Southern,Andhra Pradesh,Open Cast,Coal,2020,1,2020-01-01,30472.73,6903354.37,5668672.68,127,24655.3,1.236,30597.95,2503.37,762846.41,562446.87,200399.55,26.27,11467.19,15.13,0,1,0,,,1,Fall of Roof/Rock,Minor,2.6,2,0,2,Overdue
MINE-011,Jharkhand Coal Mine 11,Eastern,Jharkhand,Underground,Coal,2023,10,2023-10-01,121932.88,4815796.69,0.0,684,133329.6,0.9145,187512.71,2339.3,2852371.73,1721147.95,1131223.78,39.66,33945.76,73.274,0,1,0,,,1,Fire,Moderate,1.91,0,0,0,Completed
MINE-005,Madhya Coal Mine 5,Central,Madhya Pradesh,Open Cast,Coal,2020,3,2020-03-01,15343.37,6162270.35,5217540.15,1080,200486.5,0.0765,12316.8,2576.19,395273.83,329122.11,66151.72,16.74,3002.27,8.779,0,0,1,Emergency Preparedness,Closed,0,,,1.46,1,0,1,Pending
MINE-030,Uttar Iron Mine 30,Northern,Uttar Pradesh,Mixed,Iron Ore,2016,4,2016-04-01,29839.84,9769224.08,9655162.48,764,144657.1,0.2063,41154.99,5111.75,1525338.92,992635.05,532703.86,34.92,7935.64,18.8,0,0,0,,,0,,,1.4,1,0,1,Pending
MINE-026,Maharashtra Copper Mine 26,Western,Maharashtra,Underground,Copper Ore,2023,12,2023-12-01,24697.14,3439638.4,1527241.85,549,110490.1,0.2235,26815.32,6164.36,1522421.95,1117928.68,404493.27,26.57,9556.19,17.613,0,0,0,,,2,Haulage/Transport,Minor,3.26,1,0,1,In Progress
MINE-013,Odisha Coal Mine 13,Eastern,Odisha,Open Cast,Coal,2017,2,2017-02-01,30714.74,11260157.97,10859110.26,547,106630.3,0.288,35796.99,2410.18,740281.94,500242.32,240039.62,32.43,13154.21,23.4,0,5,1,EMERGENCY PREPAREDNESS,Closed,2,Slip/Fall,Minor,1.98,1,0,1,In Progress
MINE-022,West Copper Mine 22,Eastern,West Bengal,Open Cast,Copper Ore,2016,12,2016-12-01,51185.38,11657228.78,11104264.93,1955,381771.3,0.1341,53465.39,7502.6,3840233.45,2138237.18,1701996.27,44.32,9986.72,27.362,0,3,0,,,0,,,2.36,0,0,0,Completed
MINE-020,Uttar Iron Mine 20,Northern,Uttar Pradesh,Open Cast,Iron Ore,2021,9,2021-09-01,19270.27,4723977.98,3461187.72,424,77131.2,0.2498,20770.79,4769.71,919136.82,766228.07,152908.75,16.64,6459.72,11.407,0,1,1,Equipment,Open,1,Electrical,Minor,0.76,1,0,1,In Progress
MINE-018,Telangana Iron Mine 18,Southern,Telangana,Mixed,Iron Ore,2018,2,2018-02-01,12135.31,4638464.7,4299941.16,975,202079.1,0.0601,11609.0,4596.93,557852.19,413403.54,144448.65,25.89,3290.29,9.221,0,2,0,,,1,Fire,Minor,0.41,1,0,1,Overdue
MINE-008,Telangana Iron Mine 8,Southern,Telangana,Open Cast,Iron Ore,2024,5,2024-05-01,22756.55,4242653.83,2673415.69,792,161707.7,0.1407,23886.49,7723.17,1757527.44,1252738.13,504789.31,28.72,9225.04,18.933,0,1,0,,,2,Fire,Moderate,1.86,0,0,0,Completed
MINE-015,Madhya Iron Mine 15,Central,Madhya Pradesh,Open Cast,Iron Ore,2021,4,2021-04-01,78075.54,14086398.07,10536034.68,1055,197769.7,0.3948,99032.82,5795.1,4524552.25,2800139.23,1724413.01,38.11,25460.61,45.379,0,0,1,Safety,Open,0,,,0.98,1,0,1,Overdue
MINE-005,Madhya Coal Mine 5,Central,Madhya Pradesh,Open Cast,Coal,2024,3,2024-03-01,7538.52,6162270.35,4668112.22,999,214764.8,0.0351,9014.46,2538.7,191380.83,122673.82,68707.01,35.9,3243.26,11.919,0,1,0,,,1,Fire,Minor,1.35,0,0,0,Completed
MINE-030,Uttar Iron Mine 30,Northern,Uttar Pradesh,Mixed,Iron Ore,2016,8,2016-08-01,27922.12,9769224.08,9545033.42,753,159152.1,0.1754,31049.14,5158.65,1440405.74,1128774.63,311631.11,21.63,9419.05,20.688,0,1,1,Environmental,Under Review,0,,,0.52,2,1,1,Pending
MINE-001,Jharkhand Coal Mine 1,Eastern,Jharkhand,Underground,Coal,2020,2,2020-02-01,123778.72,15973322.74,11376290.86,2656,496349.1,0.2494,208063.13,2537.77,3141219.06,2214964.63,926254.43,29.49,28047.28,78.164,0,1,0,,,0,,,0.25,0,0,0,Completed
MINE-008,Telangana Iron Mine 8,Southern,Telangana,Open Cast,Iron Ore,2024,7,2024-07-01,20906.63,4242653.83,2631392.14,806,164110.9,0.1274,23990.76,7530.03,1574275.31,1138069.33,436205.98,27.71,5833.17,14.042,0,1,0,,,1,Haulage/Transport,Serious,1.96,0,0,0,Completed
MINE-010,Uttar Coal Mine 10,Northern,Uttar Pradesh,Mixed,Coal,2024,5,2024-05-01,72125.88,3804225.22,178425.07,1106,208426.1,0.3461,86914.24,3607.49,2601930.29,1879858.88,722071.41,27.75,34758.2,50.877,0,1,0,,,0,,,2.0,0,0,0,Completed
MINE-007,Gujarat Coal Mine 7,Western,Gujarat,Underground,Coal,2021,12,2021-12-01,14113.36,4595599.71,3760348.23,1762,359254.6,0.0393,24525.77,3124.71,441000.98,367744.64,73256.34,16.61,3868.95,14.44,0,3,1,Safety,Under Review,0,,,1.42,2,1,1,Overdue
MINE-014,Chhattisgarh Bauxite Mine 14,Central,Chhattisgarh,Underground,Bauxite,2016,9,2016-09-01,11967.62,3172486.06,3060684.49,853,185643.9,0.0645,16013.53,2051.0,245455.93,209451.53,36004.4,14.67,4289.31,8.05,0,0,0,,,0,,,0.93,0,0,0,Completed
MINE-015,Madhya Iron Mine 15,Central,Madhya Pradesh,Open Cast,Iron Ore,2018,8,2018-08-01,53137.27,14086398.07,12668445.85,871,182022.1,0.2919,50974.78,5707.78,3032957.3,2324494.64,708462.66,23.36,15325.27,30.145,0,2,2,Safety,Under Review,1,Fire,Moderate,2.37,2,1,1,Overdue
MINE-023,Odisha Copper Mine 23,Eastern,Odisha,Open Cast,Copper Ore,2022,9,2022-09-01,84011.34,20545143.55,14961955.73,1740,327849.1,0.2562,68285.2,5236.44,4399206.38,3603120.15,796086.24,18.1,17679.2,32.276,0,1,0,,,0,,,0.75,0,0,0,Completed
MINE-015,Madhya Iron Mine 15,Central,Madhya Pradesh,Open Cast,Iron Ore,2021,5,2021-05-01,83776.69,14086398.07,10452257.99,957,189872.6,0.4412,82828.98,5671.65,4751520.24,3652104.98,1099415.26,23.14,37468.33,47.471,0,1,1,Environmental,Open,1,Haulage/Transport,Moderate,1.33,1,0,1,Pending
MINE-021,Jharkhand Limestone Mine 21,Eastern,Jharkhand,Open Cast,Limestone,2016,11,2016-11-01,4751.53,1715441.24,1662795.3,364,72054.1,0.0659,4418.64,949.79,45129.43,40520.3,4609.13,10.21,1540.67,7.861,0,1,0,,,0,,,0.74,0,0,0,Completed
MINE-023,Odisha Copper Mine 23,Eastern,Odisha,Open Cast,Copper Ore,2016,1,2016-01-01,55411.92,20545143.55,20489731.63,1554,293447.1,0.1888,60573.78,7691.56,4262040.51,2433688.74,1828351.77,42.9,17949.89,32.254,0,3,0,,,0,,,0.55,1,0,1,In Progress
MINE-015,Madhya Iron Mine 15,Central,Madhya Pradesh,Open Cast,Iron Ore,2019,5,2019-05-01,69133.59,14086398.07,12136858.29,937,172189.1,0.4015,89146.95,6076.45,4200867.84,3537627.23,663240.6,15.79,28252.76,45.468,0,4,2,Environmental,Open,2,Gas/Explosion,Moderate,1.4,2,1,1,Pending
MINE-023,Odisha Copper Mine 23,Eastern,Odisha,Open Cast,Copper Ore,2021,2,2021-02-01,77972.77,20545143.55,16572399.82,1668,352688.1,0.2211,65160.02,5570.44,4343429.85,2519144.38,1824285.47,42.0,30040.1,42.344,0,1,0,,,1,Haulage/Transport,Moderate,2.14,1,0,1,In Progress
MINE-023,Odisha Copper Mine 23,Eastern,Odisha,Open Cast,Copper Ore,2023,11,2023-11-01,103077.62,20545143.55,13564495.39,1759,352658.4,0.2923,130725.65,5794.47,5972800.48,3353247.11,2619553.36,43.86,34250.28,61.204,0,1,1,Environmental,Closed,0,,,2.38,1,0,1,Overdue
MINE-021,Jharkhand Limestone Mine 21,Eastern,Jharkhand,Open Cast,Limestone,2023,7,2023-07-01,3334.28,1715441.24,1343370.09,331,65229.0,0.0511,4084.27,725.68,24196.03,23761.45,434.57,1.8,972.69,4.203,0,0,0,,,0,,,1.76,0,0,0,Completed
MINE-026,Maharashtra Copper Mine 26,Western,Maharashtra,Underground,Copper Ore,2022,7,2022-07-01,23245.58,3439638.4,1945009.14,525,103602.3,0.2244,33186.25,6612.04,1537006.22,853736.12,683270.1,44.45,5573.64,20.673,0,0,1,Environmental,Under Review,0,,,1.49,2,1,1,In Progress
MINE-017,Gujarat Iron Mine 17,Western,Gujarat,Open Cast,Iron Ore,2016,1,2016-01-01,42139.46,13268212.21,13226072.76,458,86399.6,0.4877,34774.73,5208.76,2194944.12,1542579.23,652364.89,29.72,9478.32,21.742,0,3,0,,,0,,,1.76,0,0,0,Completed
MINE-020,Uttar Iron Mine 20,Northern,Uttar Pradesh,Open Cast,Iron Ore,2019,3,2019-03-01,19195.47,4723977.98,4045916.06,425,90235.7,0.2127,18397.91,5299.33,1017231.97,693572.37,323659.61,31.82,4626.95,10.253,0,1,1,Emergency Preparedness,Under Review,1,Haulage/Transport,Moderate,1.38,1,0,1,Overdue
MINE-022,West Copper Mine 22,Eastern,West Bengal,Open Cast,Copper Ore,2021,11,2021-11-01,129613.03,11657228.78,6349612.18,2403,452644.4,0.2863,113021.37,9177.26,11894929.74,9441039.45,2453890.3,20.63,43784.87,59.242,0,2,1,Operational,Closed,0,,,1.37,1,0,1,Pending
MINE-024,Chhattisgarh Bauxite Mine 24,Central,Chhattisgarh,Underground,Bauxite,2024,9,2024-09-01,94623.48,8763956.29,3437569.94,1498,284649.1,0.3324,152992.46,1356.37,1283446.54,975777.57,307668.97,23.97,34514.87,70.57,0,1,1,Operational,Under Review,0,,,0.87,1,0,1,In Progress
MINE-027,Gujarat Iron Mine 27,Western,Gujarat,Open Cast,Iron Ore,2020,11,2020-11-01,9953.0,6248149.8,5355708.92,720,142624.0,0.0698,12716.25,5758.6,573152.95,349120.29,224032.67,39.09,2983.05,5.836,0,1,1,safety,Closed,1,Gas/Explosion,Minor,1.12,1,0,1,Pending
MINE-020,Uttar Iron Mine 20,Northern,Uttar Pradesh,Open Cast,Iron Ore,2019,4,2019-04-01,20697.3,4723977.98,4025218.76,455,98776.6,0.2095,16870.85,5501.95,1138755.09,811857.18,326897.92,28.71,6041.82,14.609,0,2,3,Emergency Preparedness,Under Review,2,Haulage/Transport,Minor,2.35,3,2,1,Completed
MINE-003,Odisha Coal Mine 3,Eastern,Odisha,Underground,Coal,2022,10,2022-10-01,289114.51,24608205.58,12084301.58,1728,315253.4,0.9171,409559.84,3027.22,8752121.08,7079639.97,1672481.11,19.11,158921.16,208.409,0,1,0,,,0,,,0.39,1,0,1,Completed
MINE-021,Jharkhand Limestone Mine 21,Eastern,Jharkhand,Open Cast,Limestone,2020,11,2020-11-01,3874.55,1715441.24,1458287.32,343,71421.0,0.0542,3723.66,674.13,26119.54,21365.96,4753.58,18.2,1542.22,7.865,0,1,0,,,1,Haulage/Transport,Moderate,0.7,0,0,0,Completed
MINE-014,Chhattisgarh Bauxite Mine 14,Central,Chhattisgarh,Underground,Bauxite,2018,9,2018-09-01,9243.88,3172486.06,2799776.5,828,158332.5,0.0584,12376.71,2549.93,235712.21,205070.56,30641.65,13.0,2044.67,9.543,0,1,0,,,0,,,0.76,1,0,1,Pending
MINE-009,Andhra Iron Mine 9,Southern,Andhra Pradesh,UNDERGROUND,Iron Ore,2023,11,2023-11-01,40005.19,7961285.52,4720944.83,1141,235752.8,0.1697,52969.94,5149.37,2060013.69,1329895.47,730118.23,35.44,17809.46,29.206,0,2,1,Documentation,Open,0,,,0.69,1,0,1,Overdue
MINE-014,Chhattisgarh Bauxite Mine 14,Central,Chhattisgarh,Underground,Bauxite,2017,8,2017-08-01,10718.01,3172486.06,2936181.83,808,150524.3,0.0712,17553.2,2220.38,237980.26,189408.68,48571.58,20.41,2346.77,9.977,0,1,1,Operational,Open,1,Gas/Explosion,Minor,1.42,1,0,1,Overdue
MINE-018,Telangana Iron Mine 18,Southern,Telangana,Mixed,Iron Ore,2018,7,2018-07-01,10854.93,4638464.7,4239150.05,959,200904.6,0.054,15869.65,4265.01,462964.37,293714.41,169249.97,36.56,4319.3,10.851,0,1,0,,,1,Machinery,Moderate,0.9,0,0,0,Completed
MINE-020,Uttar Iron Mine 20,Northern,Uttar Pradesh,Open Cast,Iron Ore,2019,11,2019-11-01,18488.01,4723977.98,3899265.22,442,90204.7,0.205,22383.34,5439.74,1005699.22,590244.77,415454.45,41.31,7373.29,15.58,0,2,0,,,0,,,1.48,0,0,0,Completed
MINE-018,Telangana Iron Mine 18,Southern,Telangana,Mixed,Iron Ore,2021,10,2021-10-01,9655.83,4638464.7,3826763.39,946,182045.5,0.053,10792.42,3697.08,356984.26,227534.47,129449.79,36.26,3150.81,9.036,0,1,0,,,0,,,1.98,0,0,0,Completed
MINE-004,Chhattisgarh Coal Mine 4,Central,Chhattisgarh,Underground,Coal,2018,2,2018-02-01,11488.37,3455223.81,3149218.58,1455,298328.1,0.0385,13203.8,2214.19,254374.25,228673.85,25700.4,10.1,5398.06,8.239,0,0,0,,,2,Gas/Explosion,Minor,2.08,0,0,0,Completed
MINE-014,Chhattisgarh Bauxite Mine 14,Central,Chhattisgarh,Underground,Bauxite,2023,11,2023-11-01,5700.06,3172486.06,2303428.64,726,154227.4,0.037,8930.16,2448.71,139577.83,97597.17,41980.65,30.08,3212.55,11.362,0,4,0,,,0,,,2.03,0,0,0,Completed
MINE-006,Maharashtra Limestone Mine 6,Western,Maharashtra,Open Cast,Limestone,2024,8,2024-08-01,43452.61,4919591.78,2177787.33,963,196720.3,0.2209,41449.62,1039.02,451481.8,273161.95,178319.85,39.5,9557.42,21.796,0,2,0,,,0,,,1.16,0,0,0,Completed
MINE-012,West Iron Mine 12,Eastern,West Bengal,Open Cast,Iron Ore,2021,8,2021-08-01,114602.47,17808314.68,11972639.68,1046,198488.8,0.5774,113391.94,5624.5,6445813.61,5194742.95,1251070.66,19.41,21644.43,50.645,0,0,0,,,0,,,0.2,0,0,0,Completed
MINE-029,Andhra Copper Mine 29,Southern,Andhra Pradesh,Open Cast,Copper Ore,2024,7,2024-07-01,43799.65,11305197.36,7395761.16,291,62895.9,0.6964,43524.49,7613.84,3334835.46,2321590.32,1013245.14,30.38,11407.95,18.859,0,1,0,,,0,,,0.24,0,0,0,Completed
MINE-007,Gujarat Coal Mine 7,Western,Gujarat,Underground,Coal,2017,10,2017-10-01,11407.2,4595599.71,4343418.98,1514,290876.7,0.0392,15914.94,2822.22,321936.08,286757.18,35178.9,10.93,6236.6,11.654,0,0,0,,,1,Machinery,Serious,1.56,1,0,1,Completed
MINE-014,Chhattisgarh Bauxite Mine 14,Central,Chhattisgarh,Underground,Bauxite,2023,7,2023-07-01,7162.47,3172486.06,2327580.67,793,157928.7,0.0454,8093.02,2546.87,182418.56,159124.93,23293.63,12.77,3356.75,11.412,0,1,1,Safety,Closed,0,,,0.37,1,0,1,Completed
MINE-025,Madhya Limestone Mine 25,Central,Madhya Pradesh,Open Cast,Limestone,2023,10,2023-10-01,6324.81,5333812.33,4403686.37,1109,219903.7,0.0288,6920.27,673.05,42568.95,44671.63,-2102.68,-4.94,2618.87,5.43,0,0,1,Environmental,Under Review,0,,,0.53,1,0,1,Completed
MINE-012,West Iron Mine 12,Eastern,West Bengal,Open Cast,Iron Ore,2019,10,2019-10-01,95030.27,17808314.68,14405798.88,1040,188620.9,0.5038,81532.34,5847.86,5557236.85,4677208.48,880028.38,15.84,23155.76,39.328,0,2,0,,,1,Electrical,Moderate,1.88,0,0,0,Completed
MINE-011,Jharkhand Coal Mine 11,Eastern,Jharkhand,Underground,Coal,2024,4,2024-04-01,129361.33,4815796.69,0.0,745,137218.4,0.9427,183857.15,,3286347.38,2258733.46,1027613.92,31.27,42487.02,77.276,0,0,0,,,0,,,0.56,0,0,0,Completed
MINE-019,Andhra Coal Mine 19,Southern,Andhra Pradesh,Open Cast,Coal,2024,6,2024-06-01,39966.73,6903354.37,3780240.13,134,28912.8,1.3823,33488.14,,874043.4,546985.12,327058.28,37.42,14466.98,23.255,0,2,2,Operational,Open,0,,,1.69,2,1,1,Completed
MINE-019,Andhra Coal Mine 19,Southern,Andhra Pradesh,Open Cast,Coal,2021,2,2021-02-01,30155.35,6903354.37,5261713.59,132,29030.5,1.0387,25859.05,2503.99,755087.5,447006.32,308081.18,40.8,12324.2,16.423,0,0,2,Environmental,Closed,0,,,1.65,2,0,2,Pending
MINE-024,Chhattisgarh Bauxite Mine 24,Central,Chhattisgarh,Underground,Bauxite,2024,12,2024-12-01,105706.85,8763956.29,3137959.71,1574,345151.4,0.3063,154719.96,1338.05,1414410.57,1132573.27,281837.3,19.93,30172.11,61.832,0,2,0,,,1,Electrical,Minor,2.17,0,0,0,Completed
MINE-025,Madhya Limestone Mine 25,Central,Madhya Pradesh,Open Cast,Limestone,2022,4,2022-04-01,6448.6,5333812.33,4524643.57,1093,209395.6,0.0308,,759.24,48960.63,38802.65,10157.98,20.75,2323.56,4.614,0,0,1,Equipment,Closed,0,,,0.32,1,0,1,Pending
MINE-023,Odisha Copper Mine 23,Eastern,Odisha,Open Cast,Copper Ore,2021,12,2021-12-01,89615.73,20545143.55,15757508.08,1770,368381.1,0.2433,88969.12,5734.69,5139180.64,4094944.1,1044236.54,20.32,23752.22,44.552,0,2,0,,,0,,,0.09,1,0,1,Completed
MINE-008,Telangana Iron Mine 8,Southern,Telangana,Open Cast,Iron Ore,2018,7,2018-07-01,13251.43,4242653.83,3852121.89,708,152373.3,0.087,15383.67,6374.7,844738.48,674273.47,170465.01,20.18,4625.05,14.362,0,1,0,,,0,,,1.26,1,0,1,Completed
MINE-028,Telangana Coal Mine 28,Southern,Telangana,Open Cast,Coal,2017,7,2017-07-01,26883.74,10510635.28,9934670.42,986,211854.4,0.1269,23566.2,2635.34,708476.93,547767.33,160709.6,22.68,9307.19,16.228,0,2,0,,,1,Haulage/Transport,Minor,1.62,0,0,0,Completed
MINE-002,West Iron Mine 2,Eastern,West Bengal,Open Cast,Iron Ore,2018,9,2018-09-01,69828.0,31788526.71,29160102.51,1939,394949.4,0.1768,64840.55,5507.84,3846011.74,2504407.91,1341603.83,34.88,22495.34,32.166,0,2,1,Documentation,Closed,0,,,2.08,1,0,1,Overdue
MINE-008,Telangana Iron Mine 8,Southern,Telangana,Open Cast,Iron Ore,2018,9,2018-09-01,13895.59,4242653.83,3824685.32,708,129084.0,0.1076,17237.3,6718.03,933509.76,555787.21,377722.55,40.46,3014.17,9.892,0,3,0,,,1,Gas/Explosion,Minor,0.94,0,0,0,Completed
MINE-018,Telangana Iron Mine 18,Southern,Telangana,Mixed,Iron Ore,2018,3,2018-03-01,11700.41,4638464.7,4288240.74,957,185836.8,0.063,16577.53,4649.78,544043.52,351622.11,192421.41,35.37,2401.02,6.914,0,2,0,,,1,Gas/Explosion,Minor,1.41,0,0,0,Completed
MINE-022,West Copper Mine 22,Eastern,West Bengal,Open Cast,Copper Ore,2020,5,2020-05-01,93545.52,11657228.78,8282464.48,2236,434205.6,0.2154,87961.88,8762.89,8197291.28,6934196.68,1263094.6,15.41,39852.6,49.074,0,1,0,,,0,,,1.1,0,0,0,Completed
MINE-007,Gujarat Coal Mine 7,Western,Gujarat,Underground,Coal,2021,7,2021-07-01,10428.95,4595599.71,3820586.23,1503,321358.6,0.0325,13453.44,2965.12,309230.71,266531.32,42699.39,13.81,5756.39,13.433,0,3,0,,,0,,,2.09,1,0,1,Pending
MINE-015,Madhya Iron Mine 15,Central,Madhya Pradesh,Open Cast,Iron Ore,2021,11,2021-11-01,89058.41,14086398.07,9959517.28,1026,222802.5,0.3997,75200.15,5395.82,4805433.18,3849833.62,955599.56,19.89,38009.48,46.532,0,2,0,,,0,,,1.86,1,0,1,In Progress
MINE-021,Jharkhand Limestone Mine 21,Eastern,Jharkhand,Open Cast,Limestone,2020,6,2020-06-01,4275.51,1715441.24,1477118.28,339,61863.7,0.0691,4027.39,713.43,30502.99,28410.79,2092.2,6.86,1390.76,7.588,0,1,0,,,2,Fire,Minor,1.41,1,0,1,Pending
MINE-023,Odisha Copper Mine 23,Eastern,Odisha,Open Cast,Copper Ore,2016,8,2016-08-01,49180.4,20545143.55,20155310.31,1585,344052.9,0.1429,52860.53,7748.33,3810658.65,2887745.82,922912.83,24.22,21506.14,26.633,0,1,0,,,0,,,1.77,0,0,0,Completed
MINE-014,Chhattisgarh Bauxite Mine 14,Central,Chhattisgarh,Underground,Bauxite,2016,4,2016-04-01,13266.88,3172486.06,3121137.82,844,175124.4,0.0758,17003.55,2032.64,269667.54,205813.48,63854.06,23.68,7895.27,17.029,0,1,0,,,0,,,1.43,0,0,0,Completed
MINE-017,Gujarat Iron Mine 17,Western,Gujarat,Open Cast,Iron Ore,2016,2,2016-02-01,37452.35,13268212.21,13188620.4,449,81159.9,0.4615,36295.96,5085.47,1904629.53,1196752.1,707877.44,37.17,10387.09,17.713,0,2,0,,,0,,,1.12,0,0,0,Completed
MINE-012,West Iron Mine 12,Eastern,West Bengal,Open Cast,Iron Ore,2024,5,2024-05-01,189942.6,17808314.68,6964428.49,1267,278695.6,0.6815,200084.86,5605.32,10646881.32,8401907.85,2244973.47,21.09,30993.52,83.306,0,2,0,,,0,,,0.99,0,0,0,Completed
MINE-006,Maharashtra Limestone Mine 6,Western,Maharashtra,Open Cast,Limestone,2022,7,2022-07-01,32715.96,4919591.78,3201444.06,879,176356.5,0.1855,37777.35,1175.61,384611.21,227594.57,157016.64,40.82,5034.67,17.929,0,4,0,,,2,Gas/Explosion,Serious,2.71,0,0,0,Completed
MINE-004,Chhattisgarh Coal Mine 4,Central,Chhattisgarh,Underground,Coal,2022,11,2022-11-01,5924.22,3455223.81,2700305.93,1431,293295.5,0.0202,9603.94,2245.59,133033.75,119684.0,13349.75,10.03,3418.04,11.822,0,2,0,,,0,,,0.05,1,0,1,Pending
MINE-020,Uttar Iron Mine 20,Northern,Uttar Pradesh,Open Cast,Iron Ore,2024,1,2024-01-01,23181.4,4723977.98,2867905.84,447,80575.4,0.2877,27947.89,4897.09,1135213.53,944182.8,191030.74,16.83,8789.06,18.675,0,2,1,Environmental,Under Review,1,Fire,Minor,1.61,1,0,1,Pending
MINE-013,Odisha Coal Mine 13,Eastern,Odisha,Open Cast,Coal,2022,11,2022-11-01,66302.05,11260157.97,7721206.02,690,131244.1,0.5052,62357.67,2675.12,1773658.56,1106366.84,667291.72,37.62,13764.77,27.757,0,0,0,,,0,,,1.01,0,0,0,Completed
MINE-025,Madhya Limestone Mine 25,Central,Madhya Pradesh,Open Cast,Limestone,2017,12,2017-12-01,13731.2,5333812.33,5015712.96,1245,229237.9,0.0599,14460.52,940.93,129200.63,97704.64,31495.99,24.38,5705.53,9.034,0,0,2,Equipment,Under Review,0,,,1.5,3,2,1,Overdue
MINE-030,Uttar Iron Mine 30,Northern,Uttar Pradesh,Mixed,Iron Ore,2024,7,2024-07-01,21807.33,9769224.08,7058777.73,793,151805.6,0.1437,31563.26,4594.67,1001973.96,665421.81,336552.14,33.59,4967.23,14.279,0,0,0,,,0,,,2.21,0,0,0,Completed
MINE-020,Uttar Iron Mine 20,Northern,Uttar Pradesh,Open Cast,Iron Ore,2021,4,2021-04-01,19422.39,4723977.98,3558911.8,443,91534.2,0.2122,24635.52,5031.88,977311.74,745276.75,232034.98,23.74,6389.77,14.469,0,0,0,,,0,,,1.6,0,0,0,Completed
MINE-005,Madhya Coal Mine 5,Central,Madhya Pradesh,Open Cast,Coal,2021,6,2021-06-01,15336.65,6162270.35,5011476.86,1051,211595.5,0.0725,17811.77,2458.99,377126.61,329680.31,47446.3,12.58,5256.25,8.857,0,2,0,,,0,,,0.03,1,0,1,Pending
MINE-004,Chhattisgarh Coal Mine 4,Central,Chhattisgarh,Underground,Coal,2017,7,2017-07-01,10356.26,3455223.81,3227177.59,1490,324669.4,0.0319,13701.7,2315.39,239787.98,197163.63,42624.34,17.78,4100.55,12.698,0,3,1,Safety,Closed,3,Gas/Explosion,Moderate,2.2,1,0,1,Completed
MINE-020,Uttar Iron Mine 20,Northern,Uttar Pradesh,Open Cast,Iron Ore,2022,3,2022-03-01,20099.85,4723977.98,3339109.52,409,86166.4,0.2333,22709.99,4839.28,972688.39,687648.22,285040.16,29.3,5442.06,16.776,0,1,1,DOCUMENTATION,Under Review,2,Gas/Explosion,Serious,2.48,1,0,1,Pending
MINE-023,Odisha Copper Mine 23,Eastern,Odisha,Open Cast,Copper Ore,2024,5,2024-05-01,125305.39,20545143.55,12883436.43,1930,409297.0,0.3061,161197.92,6050.78,7581948.62,4601102.15,2980846.47,39.32,34667.18,69.03,0,2,1,Operational,Open,0,,,0.38,1,0,1,In Progress
MINE-008,Telangana Iron Mine 8,Southern,Telangana,Open Cast,Iron Ore,2018,3,2018-03-01,13206.24,4242653.83,3906045.73,678,124648.6,0.1059,13211.85,5965.12,787768.37,514649.18,273119.2,34.67,3130.81,12.253,0,3,2,Equipment,Under Review,0,,,2.79,2,1,1,Pending
MINE-017,Gujarat Iron Mine 17,Western,Gujarat,Open Cast,Iron Ore,2018,9,2018-09-01,32925.71,13268212.21,12106502.32,423,81818.4,0.4024,30393.99,5406.33,1780072.25,1020775.98,759296.27,42.66,5349.44,13.08,0,0,0,,,1,Slip/Fall,Minor,1.9,0,0,0,Completed
MINE-003,Odisha Coal Mine 3,Eastern,Odisha,Underground,Coal,2023,4,2023-04-01,322441.76,24608205.58,10087845.35,1725,315075.6,1.0234,417414.41,2897.15,9341636.72,6651886.25,2689750.47,28.79,102838.28,181.773,0,1,0,,,1,Haulage/Transport,Minor,1.51,0,0,0,Completed
MINE-025,Madhya Limestone Mine 25,Central,Madhya Pradesh,Open Cast,Limestone,2023,2,2023-02-01,6397.75,5333812.33,4455571.63,1160,250432.1,0.0255,5210.15,742.8,47522.25,46124.32,1397.93,2.94,2835.29,10.289,0,2,2,Emergency Preparedness,Open,3,Machinery,Minor,2.74,2,1,1,Pending
MINE-022,West Copper Mine 22,Eastern,West Bengal,Open Cast,Copper Ore,2019,10,2019-10-01,78211.49,11657228.78,8911781.23,1958,389047.9,0.201,84169.31,7843.88,6134812.54,4615396.29,1519416.25,24.77,30759.13,43.065,0,2,0,,,0,,,1.53,0,0,0,Completed
MINE-007,Gujarat Coal Mine 7,Western,Gujarat,Underground,Coal,2017,5,2017-05-01,12128.64,4595599.71,4400031.35,1476,294709.7,0.0412,19498.57,2914.33,353468.98,316114.07,37354.91,10.57,4556.22,10.382,0,2,0,,,0,,,2.16,1,0,1,In Progress
MINE-011,Jharkhand Coal Mine 11,Eastern,Jharkhand,Underground,Coal,2024,2,2024-02-01,122351.71,4815796.69,0.0,665,129940.6,0.9416,141318.63,2503.32,3062855.22,2386545.12,676310.1,22.08,71609.82,85.795,0,1,0,,,0,,,1.8,0,0,0,Completed
MINE-019,Andhra Coal Mine 19,Southern,Andhra Pradesh,Open Cast,Coal,2017,1,2017-01-01,27321.92,6903354.37,6608769.05,122,23825.4,1.1468,34703.49,2701.49,738099.49,560757.02,177342.47,24.03,11266.11,17.344,0,0,0,,,1,Electrical,Minor,2.81,0,0,0,Completed
MINE-030,Uttar Iron Mine 30,Northern,Uttar Pradesh,Mixed,Iron Ore,2020,12,2020-12-01,27648.08,9769224.08,8114535.33,759,140427.3,0.1969,39947.77,5205.93,1439339.61,1070879.11,368460.5,25.6,5541.18,17.091,0,0,3,Equipment,Closed,2,Fire,Minor,2.72,3,1,2,Pending
MINE-016,Maharashtra Iron Mine 16,Western,Maharashtra,Underground,Iron Ore,2024,8,2024-08-01,9577.65,3852023.09,2490747.28,450,95985.7,0.0998,10389.77,8223.91,787657.32,647562.88,140094.44,17.79,3792.47,10.413,0,1,0,,,0,,,0.42,0,0,0,Completed
MINE-027,Gujarat Iron Mine 27,Western,Gujarat,Open Cast,Iron Ore,2022,10,2022-10-01,7023.53,6248149.8,5171792.16,675,129906.0,0.0541,7470.67,5535.56,388791.97,230094.65,158697.32,40.82,2871.4,7.841,0,1,0,,,0,,,0.95,0,0,0,Completed
MINE-001,Jharkhand Coal Mine 1,Eastern,Jharkhand,Underground,Coal,2023,1,2023-01-01,190710.87,15973322.74,5618972.94,3108,618769.6,0.3082,252267.53,2514.39,4795217.85,2736017.69,2059200.16,42.94,93566.72,122.611,0,2,1,Environmental,Open,0,,,1.49,1,0,1,In Progress
MINE-023,Odisha Copper Mine 23,Eastern,Odisha,Open Cast,Copper Ore,2019,6,2019-06-01,68151.71,20545143.55,18068616.67,1688,361185.1,0.1887,57699.49,7145.0,4869438.97,3659223.36,1210215.6,24.85,23889.27,30.646,0,2,0,,,0,,,1.5,0,0,0,Completed
MINE-009,Andhra Iron Mine 9,Southern,Andhra Pradesh,Underground,Iron Ore,2022,6,2022-06-01,39196.87,7961285.52,5306492.31,1113,208863.6,0.1877,58193.24,5026.26,1970135.88,1256736.6,713399.28,36.21,19608.89,28.202,0,1,1,Equipment,Closed,0,,,0.31,1,0,1,Overdue
MINE-009,Andhra Iron Mine 9,Southern,Andhra Pradesh,Underground,Iron Ore,2024,2,2024-02-01,34339.13,7961285.52,4616564.63,1149,215095.4,0.1596,40791.81,5086.48,1746651.63,1392216.38,354435.25,20.29,18641.87,22.324,0,2,0,,,0,,,2.24,0,0,0,Completed
MINE-008,Telangana Iron Mine 8,Southern,Telangana,Open Cast,Iron Ore,2023,2,2023-02-01,20216.81,4242653.83,2969379.56,792,154541.6,0.1308,24080.82,7244.36,1464577.92,1231110.66,233467.26,15.94,7782.33,17.734,0,2,1,Environmental,Closed,0,,,2.73,2,1,1,In Progress
MINE-015,Madhya Iron Mine 15,Central,Madhya Pradesh,Open-Cast,Iron Ore,2023,11,2023-11-01,109549.91,14086398.07,7516333.03,1130,203592.2,0.5381,131658.52,6424.01,7037492.6,4200709.79,2836782.81,40.31,32186.8,62.539,0,1,1,Safety,Open,1,Machinery,Minor,2.95,1,0,1,Pending
MINE-025,Madhya Limestone Mine 25,Central,Madhya Pradesh,Open Cast,Limestone,2016,3,2016-03-01,14089.2,5333812.33,5291406.79,1224,248005.4,0.0568,18249.61,902.52,127158.51,113430.93,13727.57,10.8,6301.88,15.126,0,1,2,safety,Closed,0,,,1.96,2,1,1,Pending
MINE-013,Odisha Coal Mine 13,Eastern,Odisha,Open Cast,Coal,2023,12,2023-12-01,81337.21,11260157.97,6822288.36,757,154294.9,0.5272,69789.85,2758.2,2243439.35,1693070.93,550368.42,24.53,20118.93,,0,3,4,OPERATIONAL,Closed,0,,,2.55,4,3,1,In Progress
MINE-028,Telangana Coal Mine 28,Southern,Telangana,Open Cast,Coal,2021,7,2021-07-01,13310.31,10510635.28,8957535.2,993,218277.9,0.061,17107.72,2269.22,302039.79,239550.37,62489.42,20.69,5710.27,12.611,0,1,1,DOCUMENTATION,Open,2,Haulage/Transport,Minor,2.58,1,0,1,Pending
MINE-003,Odisha Coal Mine 3,Eastern,Odisha,Underground,Coal,2022,3,2022-03-01,266922.0,24608205.58,13969529.69,1640,334667.5,0.7976,293801.1,3016.85,8052627.9,6224028.4,1828599.51,22.71,89954.74,139.728,0,1,0,,,0,,,0.3,0,0,0,Completed
MINE-020,Uttar Iron Mine 20,Northern,Uttar Pradesh,Open Cast,Iron Ore,2019,8,2019-08-01,14604.07,4723977.98,3954373.74,431,91124.2,0.1603,12498.29,5409.62,790025.06,616703.2,173321.86,21.94,2687.13,11.391,0,3,0,,,1,Fall of Roof/Rock,Minor,2.09,0,0,0,Completed
MINE-013,Odisha Coal Mine 13,Eastern,Odisha,Open Cast,Coal,2019,5,2019-05-01,45795.52,11260157.97,9865876.18,622,133816.7,0.3422,54319.35,2725.54,1248175.66,808882.02,439293.64,35.19,15845.95,29.703,0,0,0,,,0,,,2.11,1,0,1,Completed
MINE-006,Maharashtra Limestone Mine 6,Western,Maharashtra,Open Cast,Limestone,2021,5,2021-05-01,28915.45,4919591.78,3653438.67,806,161789.3,0.1787,27935.85,1352.53,391088.76,253427.57,137661.19,35.2,7124.82,12.774,0,0,0,,,0,,,0.63,1,0,1,Completed
MINE-021,Jharkhand Limestone Mine 21,Eastern,Jharkhand,Open Cast,Limestone,2021,8,2021-08-01,3628.05,1715441.24,1424705.94,313,61390.0,0.0591,4044.57,697.79,25316.26,23545.71,1770.55,6.99,1546.79,4.564,0,1,0,,,1,Haulage/Transport,Moderate,1.65,0,0,0,Completed
MINE-009,Andhra Iron Mine 9,Southern,Andhra Pradesh,Underground,Iron Ore,2020,5,2020-05-01,36454.6,7961285.52,6171843.27,1174,228991.0,0.1592,42838.21,4872.16,1776126.34,1501177.5,274948.83,15.48,9962.16,25.387,0,1,1,Environmental,Under Review,0,,,2.72,1,0,1,Pending
MINE-028,Telangana Coal Mine 28,Southern,Telangana,Open Cast,Coal,2019,9,2019-09-01,17264.92,10510635.28,9328760.6,1037,208790.0,0.0827,18736.26,2397.54,413933.97,253348.99,160584.99,38.79,2783.31,9.085,0,2,0,,,3,Electrical,Moderate,2.49,0,0,0,Completed
MINE-019,Andhra Coal Mine 19,Southern,Andhra Pradesh,Open Cast,Coal,2017,11,2017-11-01,27248.52,6903354.37,6370179.41,129,27635.8,0.986,25609.94,2372.2,646389.03,378561.75,267827.27,41.43,6693.33,16.665,0,1,0,,,1,Haulage/Transport,Moderate,2.25,0,0,0,Completed
MINE-011,Jharkhand Coal Mine 11,Eastern,Jharkhand,Underground,Coal,2017,8,2017-08-01,29343.41,4815796.69,4311134.91,419,79729.1,0.368,35398.92,2492.86,731489.01,585202.15,146286.86,20.0,15867.6,19.922,0,1,0,,,0,,,0.96,0,0,0,Completed
MINE-011,Jharkhand Coal Mine 11,Eastern,Jharkhand,Underground,Coal,2016,9,2016-09-01,23767.42,4815796.69,4614373.8,377,69391.5,0.3425,34330.52,2435.0,578735.74,455379.65,123356.09,21.31,9281.94,21.004,0,2,0,,,0,,,1.15,0,0,0,Completed
MINE-026,Maharashtra Copper Mine 26,Western,Maharashtra,Underground,Copper Ore,2023,11,2023-11-01,27762.77,3439638.4,1551938.99,553,121408.9,0.2287,31589.93,6127.09,1701048.77,1231823.6,469225.17,27.58,12518.25,22.968,0,1,0,,,2,Fall of Roof/Rock,Moderate,1.86,0,0,0,Completed
MINE-020,Uttar Iron Mine 20,Northern,Uttar Pradesh,Open Cast,Iron Ore,2020,9,2020-09-01,19456.09,4723977.98,3703233.76,439,84678.5,0.2298,22851.19,5279.23,1027131.55,677290.7,349840.85,34.06,5434.12,12.715,0,0,2,Documentation,Open,4,Electrical,Minor,2.42,2,1,1,Overdue
MINE-008,Telangana Iron Mine 8,Southern,Telangana,Open Cast,Iron Ore,2021,6,2021-06-01,16992.5,4242653.83,3322221.75,766,149934.4,0.1133,14281.64,7809.11,1326962.66,1126709.2,200253.46,15.09,4964.32,9.226,0,1,0,,,0,,,1.74,1,0,1,Completed
MINE-025,Madhya Limestone Mine 25,Central,Madhya Pradesh,Open Cast,Limestone,2024,4,2024-04-01,6581.79,5333812.33,4366294.18,1119,221185.4,0.0298,7468.82,673.32,44316.73,48608.4,-4291.67,-9.68,1400.59,5.05,0,0,1,Equipment,Closed,1,Haulage/Transport,Minor,1.22,1,0,1,In Progress
MINE-010,Uttar Coal Mine 10,Northern,Uttar Pradesh,Mixed,Coal,2018,5,2018-05-01,24411.68,3804225.22,3304779.49,772,154431.4,0.1581,25904.7,2690.81,656870.88,523347.24,133523.64,20.33,12588.98,20.944,0,2,0,,,0,,,2.26,0,0,0,Completed
MINE-015,Madhya Iron Mine 15,Central,Madhya Pradesh,Open Cast,Iron Ore,2024,9,2024-09-01,132881.59,14086398.07,6232337.78,1157,234307.0,0.5671,147464.33,6099.43,8105016.57,5109619.47,2995397.1,36.96,55782.72,79.621,0,2,0,,,0,,,1.13,0,0,0,Completed
MINE-001,Jharkhand Coal Mine 1,Eastern,Jharkhand,Underground,Coal,2017,7,2017-07-01,73602.07,15973322.74,14584076.67,2334,488623.2,0.1506,116750.46,,1947784.32,1163003.85,784780.47,40.29,38076.11,57.981,0,3,1,Environmental,Closed,3,Fall of Roof/Rock,Minor,1.77,1,0,1,Pending
MINE-005,Madhya Coal Mine 5,Central,Madhya Pradesh,Open Cast,Coal,2021,2,2021-02-01,13472.33,6162270.35,5064077.81,1041,211312.1,0.0638,14171.56,2444.12,329279.47,282069.56,47209.91,14.34,5355.87,12.173,0,3,0,,,1,Gas/Explosion,Moderate,1.77,0,0,0,Completed
MINE-011,Jharkhand Coal Mine 11,Eastern,Jharkhand,Underground,Coal,2019,10,2019-10-01,51705.62,4815796.69,3291466.75,448,,0.6129,86830.23,2517.17,1301519.84,901939.7,399580.14,30.7,13318.45,39.193,0,1,2,Documentation,Closed,2,Slip/Fall,Minor,3.29,3,1,2,Pending
MINE-014,Chhattisgarh Bauxite Mine 14,Central,Chhattisgarh,Underground,Bauxite,2020,6,2020-06-01,7888.54,3172486.06,2609383.81,767,143595.3,0.0549,13340.1,2819.79,222440.24,150532.0,71908.24,32.33,2184.43,6.855,0,3,0,,,0,,,0.47,1,0,1,In Progress
MINE-019,Andhra Coal Mine 19,Southern,Andhra Pradesh,Open Cast,Coal,2018,6,2018-06-01,26652.44,6903354.37,6193949.13,128,24812.3,1.0742,22374.97,2445.88,651885.57,495201.14,156684.43,24.04,6926.2,10.816,0,2,1,Safety,Open,0,,,0.66,2,1,1,Completed
MINE-021,Jharkhand Limestone Mine 21,Eastern,Jharkhand,OPEN CAST,Limestone,2020,3,2020-03-01,4059.39,1715441.24,1489830.93,346,71438.8,0.0568,4057.79,739.37,30013.86,27889.09,2124.77,7.08,1072.49,8.43,0,0,0,,,3,Slip/Fall,Moderate,3.55,0,0,0,Completed
MINE-020,Uttar Iron Mine 20,Northern,Uttar Pradesh,Open Cast,Iron Ore,2018,3,2018-03-01,17953.28,4723977.98,4262417.86,407,80547.5,0.2229,22283.33,5377.56,965449.38,665604.09,299845.3,31.06,7504.97,10.715,0,1,1,Operational,Open,0,,,1.69,1,0,1,In Progress
MINE-027,Gujarat Iron Mine 27,Western,Gujarat,Open Cast,Iron Ore,2023,5,2023-05-01,6642.5,6248149.8,5126703.06,675,125018.2,0.0531,6452.66,5714.72,379600.36,321567.88,58032.47,15.29,1729.29,10.047,0,1,1,Emergency Preparedness,Closed,0,,,1.88,1,0,1,Completed
MINE-016,Maharashtra Iron Mine 16,Western,Maharashtra,Underground,Iron Ore,2024,6,2024-06-01,11203.6,3852023.09,2509733.04,431,84566.5,0.1325,15823.88,7837.42,878072.76,592755.31,285317.45,32.49,5520.91,11.557,0,3,0,,,0,,,0.73,0,0,0,Completed
MINE-019,Andhra Coal Mine 19,Southern,Andhra Pradesh,Open Cast,Coal,2016,9,2016-09-01,20553.14,6903354.37,6709162.06,118,23272.1,0.8832,22244.51,2668.14,548387.48,369206.82,179180.66,32.67,8604.25,18.128,0,2,0,,,1,Electrical,Serious,1.11,0,0,0,Completed
MINE-017,Gujarat Iron Mine 17,Western,Gujarat,Open Cast,Iron Ore,2021,1,2021-01-01,31241.19,13268212.21,11211275.59,433,84577.0,0.3694,29853.52,5619.97,1755744.2,1012577.01,743167.19,42.33,10135.4,20.321,0,0,0,,,0,,,1.78,0,0,0,Completed
MINE-013,Odisha Coal Mine 13,Eastern,Odisha,Open Cast,Coal,2017,10,2017-10-01,33588.19,11260157.97,10602117.29,569,102631.8,0.3273,31875.23,2508.12,842432.76,530731.69,311701.06,37.0,7570.42,14.555,0,2,1,Safety,Open,2,Slip/Fall,Minor,1.4,1,0,1,In Progress
MINE-027,Gujarat Iron Mine 27,Western,Gujarat,Open Cast,Iron Ore,2024,9,2024-09-01,4426.02,6248149.8,5040983.49,662,135370.6,0.0327,3977.04,5838.0,258391.08,169927.17,88463.91,34.24,1446.4,4.914,0,3,0,,,0,,,0.76,0,0,0,Completed
MINE-016,Maharashtra Iron Mine 16,Western,Maharashtra,Underground,Iron Ore,2017,10,2017-10-01,14940.17,3852023.09,3518435.72,451,98834.2,0.1512,18309.38,6199.88,926272.9,572471.26,353801.64,38.2,6270.02,16.47,0,3,1,Documentation,Open,9,Machinery,Minor,2.54,1,0,1,In Progress
MINE-010,Uttar Coal Mine 10,Northern,Uttar Pradesh,Mixed,Coal,2019,2,2019-02-01,24100.94,3804225.22,3096734.28,722,155237.9,0.1553,26530.1,2741.65,660762.26,371984.92,288777.34,43.7,6496.55,15.801,0,3,0,,,0,,,0.28,0,0,0,Completed
MINE-025,Madhya Limestone Mine 25,Central,Madhya Pradesh,Open Cast,Limestone,2019,9,2019-09-01,9255.84,5333812.33,4786896.98,1219,248289.6,0.0373,11798.66,867.27,80273.29,69798.91,10474.38,13.05,3220.19,5.232,0,1,0,,,1,Slip/Fall,Moderate,2.62,0,0,0,Completed
MINE-004,Chhattisgarh Coal Mine 4,Central,Chhattisgarh,Underground,Coal,2019,1,2019-01-01,9467.51,3455223.81,3040954.81,1412,298596.0,0.0317,14065.33,2312.09,218897.68,173874.83,45022.85,20.57,4259.47,10.651,0,0,0,,,2,Electrical,Moderate,2.17,0,0,0,Completed
MINE-026,Maharashtra Copper Mine 26,Western,Maharashtra,Underground,Copper Ore,2023,5,2023-05-01,25992.74,3439638.4,1701186.47,534,109312.9,0.2378,42356.51,6481.82,1684804.05,996891.81,687912.24,40.83,5708.89,15.732,0,3,1,Safety,Open,0,,,0.91,1,0,1,Pending
MINE-020,Uttar Iron Mine 20,Northern,Uttar Pradesh,Open Cast,Iron Ore,2020,3,2020-03-01,19118.23,4723977.98,3819202.15,414,79978.6,0.239,20411.63,5381.23,1028795.5,834701.58,194093.92,18.87,8064.14,11.479,0,0,1,Environmental,Under Review,1,Machinery,Minor,0.81,1,0,1,Completed
MINE-022,West Copper Mine 22,Eastern,West Bengal,Open Cast,Copper Ore,2024,10,2024-10-01,200966.28,11657228.78,741189.91,3071,621382.5,0.3234,231836.82,11304.5,22718240.9,16518086.66,6200154.24,27.29,67483.06,105.371,0,3,1,Safety,Closed,0,,,0.83,1,0,1,Completed
MINE-014,Chhattisgarh Bauxite Mine 14,Central,Chhattisgarh,Underground,Bauxite,2019,12,2019-12-01,9530.71,3172486.06,2659498.87,804,162961.5,0.0585,11226.58,2905.71,276934.6,191523.39,85411.21,30.84,5131.67,8.14,0,1,1,Documentation,Open,0,,,0.38,1,0,1,Completed
MINE-014,Chhattisgarh Bauxite Mine 14,Central,Chhattisgarh,Underground,Bauxite,2024,7,2024-07-01,6397.34,3172486.06,2251747.5,762,166120.3,0.0385,10050.6,2666.78,170603.07,118137.42,52465.65,30.75,2464.27,4.288,0,5,0,,,0,,,0.42,0,0,0,Completed
MINE-022,West Copper Mine 22,Eastern,West Bengal,Open Cast,Copper Ore,2017,4,2017-04-01,47887.91,11657228.78,10905775.35,1810,367033.7,0.1305,49540.93,7466.57,3575584.19,1994545.31,1581038.88,44.22,9674.13,20.603,0,2,0,,,0,,,1.14,0,0,0,Completed
MINE-004,Chhattisgarh Coal Mine 4,Central,Chhattisgarh,Underground,Coal,2017,9,2017-09-01,10714.57,3455223.81,3206078.86,1507,294324.9,0.0364,17168.81,2258.42,241980.19,204544.8,37435.39,15.47,6033.32,12.93,0,1,0,,,1,Machinery,Minor,1.31,1,0,1,Pending
MINE-010,Uttar Coal Mine 10,Northern,Uttar Pradesh,Mixed,Coal,2017,3,2017-03-01,17079.69,3804225.22,3574843.95,699,129657.2,0.1317,21688.04,2364.77,403895.36,276666.79,127228.58,31.5,6075.46,11.955,0,1,1,Equipment,Open,0,,,2.7,1,0,1,Overdue
MINE-025,Madhya Limestone Mine 25,Central,Madhya Pradesh,Open Cast,Limestone,2018,11,2018-11-01,11173.02,5333812.33,4892420.37,1184,230479.3,0.0485,11307.93,901.97,100776.86,74442.87,26334.0,26.13,4589.32,13.64,0,0,0,,,0,,,1.42,0,0,0,Completed
MINE-007,Gujarat Coal Mine 7,Western,Gujarat,Underground,Coal,2023,12,2023-12-01,12024.37,4595599.71,3486467.53,1585,297876.5,0.0404,15234.32,3048.57,366570.79,303896.17,62674.62,17.1,6669.09,12.379,0,3,0,,,2,Haulage/Transport,Minor,1.52,0,0,0,Completed
MINE-027,Gujarat Iron Mine 27,Western,Gujarat,Open Cast,Iron Ore,2018,4,2018-04-01,15040.48,6248149.8,5731084.98,761,162090.0,0.0928,13485.45,5767.9,867519.42,651193.46,216325.96,24.94,3952.66,8.786,0,2,0,,,2,Fall of Roof/Rock,Minor,2.73,0,0,0,Completed
MINE-016,Maharashtra Iron Mine 16,Western,Maharashtra,Underground,Iron Ore,2024,3,2024-03-01,9830.86,3852023.09,2542716.11,433,90855.4,0.1082,16089.1,7238.0,711557.73,508299.91,203257.82,28.57,4622.9,8.271,0,2,1,Environmental,Under Review,1,Fall of Roof/Rock,Minor,1.79,2,1,1,In Progress
MINE-002,West Iron Mine 2,Eastern,West Bengal,Open Cast,Iron Ore,2016,6,2016-06-01,97209.58,31788526.71,31284466.95,2018,422489.8,0.2301,117985.25,5369.23,5219407.75,3817569.98,1401837.77,26.86,27595.37,56.106,0,2,0,,,0,,,0.48,0,0,0,Completed
MINE-026,Maharashtra Copper Mine 26,Western,Maharashtra,Underground,Copper Ore,2021,6,2021-06-01,25719.69,3439638.4,2243715.86,505,92325.9,0.2786,41424.24,7118.94,1830968.23,1163360.79,667607.44,36.46,15458.51,20.93,0,2,0,,,1,Electrical,Minor,2.65,0,0,0,Completed
MINE-012,West Iron Mine 12,Eastern,West Bengal,Open Cast,Iron Ore,2020,6,2020-06-01,119984.83,17808314.68,13594536.48,1159,239738.6,0.5005,99193.51,5885.55,7061768.39,3934004.41,3127763.98,44.29,22216.03,41.484,0,1,1,environmental,Under Review,0,,,0.51,1,0,1,Completed
MINE-011,Jharkhand Coal Mine 11,Eastern,Jharkhand,Underground,Coal,2021,3,2021-03-01,63266.32,4815796.69,2275528.46,524,111319.4,0.5683,107931.15,2201.73,1392955.55,989014.78,403940.76,29.0,33197.99,52.278,0,1,1,documentation,Under Review,0,,,2.28,1,0,1,Overdue
MINE-018,Telangana Iron Mine 18,Southern,Telangana,Mixed,Iron Ore,2021,7,2021-07-01,8892.0,4638464.7,3855222.41,935,186684.8,0.0476,10889.17,3758.66,334219.96,237710.95,96509.01,28.88,4594.6,5.953,0,1,1,equipment,Open,0,,,1.67,1,0,1,Overdue
MINE-012,West Iron Mine 12,Eastern,West Bengal,Open Cast,Iron Ore,2018,5,2018-05-01,77190.46,17808314.68,15877859.73,943,185455.1,0.4162,96009.8,5782.57,4463593.78,2571859.66,1891734.12,42.38,15462.77,39.788,0,2,0,,,1,Machinery,Moderate,1.86,1,0,1,Overdue
MINE-012,West Iron Mine 12,Eastern,West Bengal,Open Cast,Iron Ore,2016,11,2016-11-01,72649.19,17808314.68,17145390.0,949,196676.0,0.3694,73614.23,5022.01,3648447.65,2244844.06,1403603.59,38.47,22173.1,37.491,0,2,2,Emergency Preparedness,Under Review,0,,,2.76,2,1,1,In Progress
MINE-001,Jharkhand Coal Mine 1,Eastern,Jharkhand,Underground,Coal,2023,2,2023-02-01,205019.55,15973322.74,5413953.39,3075,609452.0,0.3364,278704.18,2491.76,5108602.14,4117739.89,990862.26,19.4,58235.0,120.165,0,0,2,emergency preparedness,Under Review,4,Fall of Roof/Rock,Minor,3.74,2,1,1,Overdue
MINE-030,Uttar Iron Mine 30,Northern,Uttar Pradesh,Mixed,Iron Ore,2021,10,2021-10-01,24455.16,9769224.08,7863461.78,704,147967.9,0.1653,26569.54,5114.89,1250855.58,889990.8,360864.79,28.85,7579.53,18.275,0,1,0,,,0,,,1.44,0,0,0,Completed
MINE-007,Gujarat Coal Mine 7,Western,Gujarat,Underground,Coal,2017,9,2017-09-01,10837.0,4595599.71,4354826.18,1536,301291.6,0.036,11895.71,2912.46,315623.36,205689.18,109934.18,34.83,3284.35,11.111,0,2,2,Operational,Closed,1,Fall of Roof/Rock,Minor,3.07,2,1,1,Completed
MINE-010,Uttar Coal Mine 10,Northern,Uttar Pradesh,Mixed,Coal,2019,7,2019-07-01,26196.47,3804225.22,2966568.53,743,137334.9,0.1907,27216.15,2745.14,719130.06,542093.84,177036.22,24.62,7879.92,14.314,0,1,0,,,0,,,2.26,0,0,0,Completed
MINE-002,West Iron Mine 2,Eastern,West Bengal,Open Cast,Iron Ore,2017,9,2017-09-01,78921.5,31788526.71,30072658.04,1941,414939.9,0.1902,70041.96,5629.05,4442531.05,2950101.97,1492429.09,33.59,16722.03,30.867,0,1,0,,,1,Fall of Roof/Rock,Serious,2.39,1,0,1,Completed
MINE-024,Chhattisgarh Bauxite Mine 24,Central,Chhattisgarh,Underground,Bauxite,2024,11,2024-11-01,95879.52,8763956.29,3243666.56,1505,312828.0,0.3065,147773.5,1357.44,1301508.39,1111422.35,190086.05,14.61,24708.61,62.254,0,4,0,,,0,,,1.47,0,0,0,Completed
MINE-013,Odisha Coal Mine 13,Eastern,Odisha,Open Cast,Coal,2023,2,2023-02-01,67036.51,11260157.97,7513891.13,657,138980.9,0.4823,73805.53,2570.97,1723486.83,1375431.65,348055.19,20.19,12469.68,33.734,0,2,0,,,0,,,0.2,0,0,0,Completed
MINE-009,Andhra Iron Mine 9,Southern,Andhra Pradesh,Underground,Iron Ore,2018,4,2018-04-01,35451.09,7961285.52,7005981.69,1159,221629.6,0.16,58302.4,5476.77,1941574.07,1327413.67,614160.4,31.63,19754.62,27.807,0,0,0,,,2,Fall of Roof/Rock,Minor,1.52,0,0,0,Completed
MINE-020,Uttar Iron Mine 20,Northern,Uttar Pradesh,Open Cast,Iron Ore,2021,2,2021-02-01,20685.6,4723977.98,3596617.21,443,92168.4,0.2244,20300.74,4919.67,1017663.77,689468.63,328195.14,32.25,7992.08,12.377,0,0,1,Environmental,Closed,0,,,1.34,1,0,1,Overdue
MINE-003,Odisha Coal Mine 3,Eastern,Odisha,Underground,Coal,2023,8,2023-08-01,330072.02,24608205.58,8590652.14,1883,341304.4,0.9671,544976.67,2939.5,9702466.63,7539461.51,2163005.12,22.29,146871.67,238.91,0,0,0,,,0,,,1.09,0,0,0,Completed
MINE-004,Chhattisgarh Coal Mine 4,Central,Chhattisgarh,Underground,Coal,2020,12,2020-12-01,8512.59,3455223.81,2852123.83,1357,246718.1,0.0345,12295.97,2605.44,221790.18,188173.59,33616.59,15.16,2399.94,11.797,0,0,0,,,1,Slip/Fall,Minor,1.9,0,0,0,Completed
MINE-002,West Iron Mine 2,Eastern,West Bengal,Open Cast,Iron Ore,2019,7,2019-07-01,65445.24,31788526.71,28432997.06,1993,406454.7,0.161,63935.37,5879.5,3847851.87,2351761.07,1496090.8,38.88,11195.72,25.234,0,4,1,Documentation,Open,0,,,0.77,1,0,1,In Progress
MINE-013,Odisha Coal Mine 13,Eastern,Odisha,Open Cast,Coal,2021,4,2021-04-01,43513.57,11260157.97,8804892.06,587,123886.6,0.3512,51427.65,2766.06,1203610.42,824659.43,378950.99,31.48,17968.79,29.503,0,3,0,,,2,Fire,Minor,3.02,1,0,1,Overdue
MINE-026,Maharashtra Copper Mine 26,Western,Maharashtra,Underground,Copper Ore,2017,6,2017-06-01,18102.76,3439638.4,3155733.89,490,103567.9,0.1748,27891.09,7280.72,1318010.47,835740.4,482270.07,36.59,44137.70825950315,16.814,0,3,2,equipment,Under Review,2,Fall of Roof/Rock,Minor,2.9,2,1,1,In Progress
MINE-004,Chhattisgarh Coal Mine 4,Central,Chhattisgarh,Underground,Coal,2024,7,2024-07-01,4610.39,3455223.81,2592016.07,1301,278331.8,0.0166,6105.54,2356.69,108652.52,88868.7,19783.82,18.21,2123.77,7.09,0,0,1,Operational,Open,2,Fall of Roof/Rock,Minor,2.13,1,0,1,Completed
MINE-005,Madhya Coal Mine 5,Central,Madhya Pradesh,Open Cast,Coal,2021,3,2021-03-01,11404.38,6162270.35,5052673.42,1077,221172.9,0.0516,14199.21,2445.28,278869.0,191639.9,87229.11,31.28,3641.18,9.383,0,0,1,Equipment,Closed,1,Fire,Minor,3.13,1,0,1,Completed
MINE-012,West Iron Mine 12,Eastern,West Bengal,Open Cast,Iron Ore,2017,8,2017-08-01,66740.43,17808314.68,16529363.79,913,200181.1,0.3334,62491.13,5328.2,3556065.56,2348560.74,1207504.82,33.96,18455.1,32.965,0,2,0,,,1,Machinery,Minor,2.19,0,0,0,Completed
MINE-017,Gujarat Iron Mine 17,Western,Gujarat,Open Cast,Iron Ore,2024,6,2024-06-01,25963.81,13268212.21,10050455.47,441,90057.2,0.2883,25656.91,4819.85,1251415.4,954266.81,297148.6,23.75,7286.85,12.413,0,2,0,,,0,,,0.37,0,0,0,Completed
MINE-018,Telangana Iron Mine 18,Southern,Telangana,Mixed,Iron Ore,2020,6,2020-06-01,11647.8,4638464.7,3985590.84,996,213821.1,0.0545,13770.53,3956.39,460832.06,392595.22,68236.84,14.81,5563.55,13.348,0,2,0,,,0,,,0.77,1,0,1,In Progress
MINE-012,West Iron Mine 12,Eastern,West Bengal,Open Cast,Iron Ore,2017,9,2017-09-01,63312.68,17808314.68,16466051.1,939,179740.1,0.3522,73621.67,5330.97,3375180.53,2713991.08,661189.45,19.59,26031.62,41.134,0,1,0,,,2,Haulage/Transport,Minor,1.07,0,0,0,Completed
MINE-025,Madhya Limestone Mine 25,Central,Madhya Pradesh,Open Cast,Limestone,2020,12,2020-12-01,8781.83,5333812.33,4651536.8,1095,219963.7,0.0399,10245.77,785.81,69008.28,58974.25,10034.03,14.54,2009.45,10.553,0,2,0,,,0,,,1.25,0,0,0,Completed
MINE-023,Odisha Copper Mine 23,Eastern,Odisha,Open Cast,Copper Ore,2018,1,2018-01-01,65395.13,20545143.55,19182575.23,1586,347080.1,0.1884,80609.75,7930.18,5185953.38,3905053.88,1280899.5,24.7,13809.0,31.164,0,1,0,,,0,,,1.11,0,0,0,Completed
MINE-013,Odisha Coal Mine 13,Eastern,Odisha,Open Cast,Coal,2021,7,2021-07-01,51791.09,11260157.97,8642157.95,640,140677.5,0.3682,58498.5,2844.31,1473099.42,1153326.21,319773.21,21.71,7919.87,26.843,0,0,1,Equipment,Open,1,Haulage/Transport,Moderate,2.66,1,0,1,In Progress
MINE-012,West Iron Mine 12,Eastern,West Bengal,Open Cast,Iron Ore,2020,4,2020-04-01,100038.99,17808314.68,13814184.19,1032,214812.4,0.4657,117439.44,5887.47,5889761.77,3605041.44,2284720.33,38.79,37132.81,58.595,0,1,1,Operational,Closed,1,Electrical,Minor,2.18,2,0,2,Pending
MINE-014,Chhattisgarh Bauxite Mine 14,Central,Chhattisgarh,Underground,Bauxite,2024,10,2024-10-01,5546.77,3172486.06,2235160.0,773,158474.5,0.035,6349.47,2663.84,147756.88,103334.86,44422.02,30.06,1340.06,9.056,0,1,2,Emergency Preparedness,Open,0,,,2.71,2,1,1,Overdue
MINE-017,Gujarat Iron Mine 17,Western,Gujarat,Open Cast,Iron Ore,2020,2,2020-02-01,31144.74,13268212.21,11544266.27,433,89897.1,0.3464,30693.89,5786.59,1802217.92,1279365.95,522851.97,29.01,11234.4,15.711,0,1,0,,,0,,,1.5,0,0,0,Completed
MINE-003,Odisha Coal Mine 3,Eastern,Odisha,Underground,Coal,2020,12,2020-12-01,219950.0,24608205.58,17408662.82,1491,272217.8,0.808,289543.36,2719.77,5982129.61,4499482.8,1482646.81,24.78,71509.2,125.281,0,1,1,Equipment,Open,1,Gas/Explosion,Minor,1.19,2,0,2,In Progress
MINE-005,Madhya Coal Mine 5,Central,Madhya Pradesh,Open Cast,Coal,2020,10,2020-10-01,13309.18,6162270.35,5119812.18,1037,223338.8,0.0596,16102.52,2410.97,320880.02,239421.48,81458.53,25.39,3537.02,6.971,0,2,0,,,1,Gas/Explosion,Moderate,2.52,0,0,0,Completed
MINE-014,Chhattisgarh Bauxite Mine 14,Central,Chhattisgarh,Underground,Bauxite,2020,3,2020-03-01,8177.66,3172486.06,2634364.6,791,149871.5,0.0546,11725.03,2904.69,237535.35,197788.72,39746.63,16.73,4308.33,10.61,0,1,1,Environmental,Closed,2,Machinery,Minor,1.39,1,0,1,Completed
MINE-012,West Iron Mine 12,Eastern,West Bengal,Open Cast,Iron Ore,2019,6,2019-06-01,95642.82,17808314.68,14776928.85,1071,201639.5,0.4743,97000.9,5429.3,5192730.77,4176381.38,1016349.39,19.57,32147.28,53.119,0,1,0,,,0,,,2.01,0,0,0,Completed
MINE-007,Gujarat Coal Mine 7,Western,Gujarat,Underground,Coal,2019,7,2019-07-01,10999.3,4595599.71,4099441.15,1596,308416.5,0.0357,12344.39,2563.64,281982.43,231482.47,50499.96,17.91,5920.8,9.953,0,2,0,,,0,,,1.65,0,0,0,Completed
MINE-015,Madhya Iron Mine 15,Central,Madhya Pradesh,Open Cast,Iron Ore,2021,12,2021-12-01,97065.95,14086398.07,9862451.33,1141,246961.3,0.393,86571.0,5416.71,5257777.85,3258511.93,1999265.93,38.02,24714.11,45.59,0,1,0,,,0,,,1.7,0,0,0,Completed
MINE-018,Telangana Iron Mine 18,Southern,Telangana,Mixed,Iron Ore,2022,2,2022-02-01,8747.1,4638464.7,3789391.84,915,193033.2,0.0453,12657.44,3888.64,340143.09,293792.3,46350.79,13.63,3811.54,8.397,0,3,0,,,1,Machinery,Serious,1.32,0,0,0,Completed
MINE-014,Chhattisgarh Bauxite Mine 14,Central,Chhattisgarh,Underground,Bauxite,2019,7,2019-07-01,8388.13,3172486.06,2703609.96,779,155601.6,0.0539,10511.74,2715.87,227811.09,193143.42,34667.67,15.22,2973.05,12.125,0,1,0,,,0,,,1.75,0,0,0,Completed
MINE-029,Andhra Copper Mine 29,Southern,Andhra Pradesh,Open Cast,Copper Ore,2019,9,2019-09-01,37066.6,11305197.36,9784507.15,263,53437.9,0.6936,37501.84,7919.27,2935402.95,2381670.68,553732.28,18.86,7473.4,17.064,0,0,0,,,9,Haulage/Transport,Minor,0.53,0,0,0,Completed
MINE-023,Odisha Copper Mine 23,Eastern,Odisha,Open Cast,Copper Ore,2018,9,2018-09-01,63618.67,20545143.55,18689064.21,1609,297109.8,0.2141,60727.61,7727.72,4916273.7,3204550.51,1711723.2,34.82,15624.85,29.219,0,2,1,Operational,Under Review,0,,,2.55,2,1,1,Completed
MINE-022,West Copper Mine 22,Eastern,West Bengal,Open Cast,Copper Ore,2016,4,2016-04-01,42784.47,11657228.78,11485206.41,1796,357266.8,0.1198,42020.57,7399.79,3165959.14,2125466.18,1040492.95,32.87,13098.31,26.413,0,2,0,,,0,,,2.19,0,0,0,Completed
MINE-010,Uttar Coal Mine 10,Northern,Uttar Pradesh,Mixed,Coal,2023,3,2023-03-01,53975.62,3804225.22,1120385.26,1016,197717.5,0.273,66560.36,3619.61,1953705.98,1341549.82,612156.16,31.33,26428.57,37.048,0,4,1,Emergency Preparedness,Open,1,Gas/Explosion,Minor,3.06,1,0,1,Completed
MINE-002,West Iron Mine 2,Eastern,West Bengal,Open Cast,Iron Ore,2016,11,2016-11-01,90333.08,31788526.71,30878924.49,2129,435820.7,0.2073,102903.41,5472.47,4943450.68,3511028.64,1432422.04,28.98,24283.3,43.343,0,0,0,,,1,Gas/Explosion,Moderate,2.47,0,0,0,Completed
MINE-010,Uttar Coal Mine 10,Northern,Uttar Pradesh,Mixed,Coal,2020,5,2020-05-01,35023.43,3804225.22,2675711.15,825,168997.7,0.2072,44664.04,3210.95,1124584.94,843773.78,280811.16,24.97,18070.34,26.598,0,0,0,,,2,Electrical,Minor,1.68,0,0,0,Completed
MINE-015,Madhya Iron Mine 15,Central,Madhya Pradesh,Open Cast,Iron Ore,2024,4,2024-04-01,119028.49,14086398.07,6888255.69,1106,204206.7,0.5829,98563.91,6494.09,7729812.3,6130412.34,1599399.95,20.69,28339.39,43.873,0,1,0,,,0,,,0.24,0,0,0,Completed
MINE-003,Odisha Coal Mine 3,Eastern,Odisha,Underground,Coal,2021,6,2021-06-01,220695.43,24608205.58,16122972.41,1405,273226.7,0.8077,320156.21,2607.85,5755409.63,4738842.96,1016566.67,17.66,96358.85,150.262,0,2,0,,,1,Electrical,Minor,2.32,1,0,1,Completed
MINE-027,Gujarat Iron Mine 27,Western,Gujarat,Open Cast,Iron Ore,2022,6,2022-06-01,7301.68,6248149.8,5198162.26,675,138957.9,0.0525,7125.13,5429.14,396418.52,275739.96,120678.55,30.44,2572.28,5.068,0,1,1,Safety,Open,0,,,2.23,2,0,2,Pending
MINE-013,Odisha Coal Mine 13,Eastern,Odisha,Open Cast,Coal,2017,9,2017-09-01,34100.22,11260157.97,10635705.48,539,111771.4,0.3051,34298.57,2518.72,858888.65,513162.12,345726.53,40.25,5247.89,14.784,0,1,0,,,3,Gas/Explosion,Minor,1.8,0,0,0,Completed
MINE-024,Chhattisgarh Bauxite Mine 24,Central,Chhattisgarh,Underground,Bauxite,2021,5,2021-05-01,57742.13,8763956.29,6408127.12,1210,229437.4,0.2517,72625.03,1579.96,912300.67,645727.09,266573.58,29.22,27601.4,37.948,0,1,1,Documentation,Open,1,Machinery,Minor,1.33,1,0,1,Overdue
MINE-009,Andhra Iron Mine 9,Southern,Andhra Pradesh,Underground,Iron Ore,2024,9,2024-09-01,31012.36,7961285.52,4378368.26,1088,215174.8,0.1441,51570.59,5007.55,1552959.83,1307856.99,245102.84,15.78,10000.41,24.175,0,3,0,,,1,Haulage/Transport,Moderate,2.18,0,0,0,Completed
MINE-021,Jharkhand Limestone Mine 21,Eastern,Jharkhand,Open Cast,Limestone,2017,1,2017-01-01,4799.76,1715441.24,1653320.5,347,67349.8,0.0713,4527.36,934.19,44838.85,41295.5,3543.34,7.9,958.87,6.898,0,1,1,Safety,Closed,1,Machinery,Minor,2.52,2,0,2,Completed
MINE-014,Chhattisgarh Bauxite Mine 14,Central,Chhattisgarh,Underground,Bauxite,2017,7,2017-07-01,12350.23,3172486.06,2946899.84,779,169780.5,0.0727,15551.75,2178.27,269020.94,228624.06,40396.88,15.02,7276.79,9.907,0,2,1,Operational,Closed,0,,,0.59,1,0,1,Completed
MINE-020,Uttar Iron Mine 20,Northern,Uttar Pradesh,Open Cast,Iron Ore,2020,5,2020-05-01,21076.14,4723977.98,3779160.94,426,86368.0,0.244,20387.86,5451.67,1149001.33,799473.67,349527.67,30.42,7608.44,16.166,0,1,0,,,0,,,1.83,0,0,0,Completed
MINE-026,Maharashtra Copper Mine 26,Western,Maharashtra,Underground,Copper Ore,2020,8,2020-08-01,18492.17,3439638.4,2463078.53,527,97929.4,0.1888,28289.33,7130.46,1318576.88,1084505.35,234071.53,17.75,6025.13,17.764,0,1,0,,,2,Slip/Fall,Minor,1.6,0,0,0,Completed
MINE-002,West Iron Mine 2,Eastern,West Bengal,Open Cast,Iron Ore,2019,12,2019-12-01,71217.6,31788526.71,28070055.21,2039,412935.5,0.1725,89704.27,5805.31,4134401.27,2440603.39,1693797.88,40.97,18065.14,42.359,0,3,0,,,0,,,0.09,0,0,0,Completed
MINE-003,Odisha Coal Mine 3,Eastern,Odisha,Underground,Coal,2023,5,2023-05-01,388721.68,24608205.58,9699123.67,2005,409989.0,0.9481,590413.79,2894.06,11249853.62,7317793.53,3932060.09,34.95,194146.21,280.635,0,2,0,,,1,Machinery,Serious,2.12,0,0,0,Completed
MINE-020,Uttar Iron Mine 20,Northern,Uttar Pradesh,open cast,Iron Ore,2022,7,2022-07-01,18047.34,4723977.98,3258661.9,442,93746.3,0.1925,17513.89,4697.01,847684.73,473308.47,374376.27,44.16,4110.82,11.512,0,1,2,Safety,Under Review,1,Slip/Fall,Moderate,1.52,2,1,1,Pending
MINE-026,Maharashtra Copper Mine 26,Western,Maharashtra,Underground,Copper Ore,2022,11,2022-11-01,26313.85,3439638.4,1850802.77,555,115187.6,0.2284,36351.3,6513.99,1714082.51,1217723.63,496358.88,28.96,6388.85,14.669,0,3,0,,,0,,,0.71,0,0,0,Completed
MINE-026,Maharashtra Copper Mine 26,Western,Maharashtra,Underground,Copper Ore,2021,3,2021-03-01,20363.01,3439638.4,2315358.92,504,103080.7,0.1975,32206.0,7092.51,1444248.85,901215.39,543033.46,37.6,10048.06,19.723,0,1,1,Equipment,Closed,0,,,0.72,1,0,1,In Progress
MINE-026,Maharashtra Copper Mine 26,Western,Maharashtra,Underground,Copper Ore,2016,10,2016-10-01,16327.0,3439638.4,3283055.37,491,97364.7,0.1677,20452.27,7602.63,1241280.92,979330.73,261950.19,21.1,5947.47,14.625,0,1,1,Safety,Closed,1,Gas/Explosion,Minor,2.55,2,1,1,Overdue
MINE-025,Madhya Limestone Mine 25,Central,Madhya Pradesh,Open Cast,Limestone,2023,4,2023-04-01,6235.41,5333812.33,4442860.37,1117,227873.6,0.0274,7640.36,711.67,44375.36,49079.5,-4704.14,-10.6,1687.04,5.224,0,3,1,Safety,Closed,0,,,0.58,1,0,1,In Progress
MINE-013,Odisha Coal Mine 13,Eastern,Odisha,Open Cast,Coal,2016,12,2016-12-01,30262.88,11260157.97,10921846.51,565,116180.7,0.2605,38390.49,2537.97,768063.85,518913.89,249149.96,32.44,11719.28,17.6,0,0,0,,,0,,,1.21,0,0,0,Completed
MINE-029,Andhra Copper Mine 29,Southern,Andhra Pradesh,Open-Cast,Copper Ore,2021,11,2021-11-01,41208.24,11305197.36,8766026.93,293,61334.5,0.6719,51895.56,7701.54,3173670.66,2635525.17,538145.49,16.96,16107.46,27.86,0,0,0,,,2,Gas/Explosion,Minor,3.28,0,0,0,Completed
MINE-006,Maharashtra Limestone Mine 6,Western,Maharashtra,Open Cast,Limestone,2018,12,2018-12-01,20340.92,4919591.78,4356239.32,736,152798.2,0.1331,21797.22,999.26,203257.79,178133.41,25124.38,12.36,3590.22,14.331,0,0,0,,,0,,,2.25,0,0,0,Completed
MINE-026,Maharashtra Copper Mine 26,Western,Maharashtra,Underground,Copper Ore,2023,3,2023-03-01,23628.45,3439638.4,1751598.76,519,99948.9,0.2364,28288.36,6441.37,1521995.08,1162160.09,359834.99,23.64,9848.39,15.428,0,2,0,,,1,Electrical,Minor,2.13,0,0,0,Completed
MINE-026,Maharashtra Copper Mine 26,Western,Maharashtra,Underground,Copper Ore,2024,9,2024-09-01,28260.12,3439638.4,1287061.22,556,106300.0,0.2659,38480.9,6242.41,1764112.99,1079425.48,684687.51,38.81,8553.79,22.136,0,1,0,,,0,,,0.95,0,0,0,Completed
MINE-027,Gujarat Iron Mine 27,Western,Gujarat,Open Cast,Iron Ore,2020,4,2020-04-01,11151.02,6248149.8,5426849.17,690,131445.3,0.0848,9462.26,6137.81,684428.5,536857.97,147570.53,21.56,2430.69,5.357,0,1,0,,,1,Haulage/Transport,Minor,1.54,0,0,0,Completed
MINE-013,Odisha Coal Mine 13,Eastern,Odisha,Open Cast,Coal,2016,4,2016-04-01,26791.02,11260157.97,11152455.94,560,118871.9,0.2254,24045.14,2315.8,620425.47,365655.69,254769.78,41.06,9764.06,17.092,0,1,0,,,3,Electrical,Serious,2.19,0,0,0,Completed
MINE-016,Maharashtra Iron Mine 16,Western,Maharashtra,Underground,Iron Ore,2023,6,2023-06-01,9707.74,3852023.09,2639690.18,447,81542.4,0.1191,14144.05,7864.07,763423.28,564505.25,198918.02,26.06,5820.12,11.878,0,4,1,Equipment,Closed,0,,,1.71,2,1,1,Overdue
MINE-029,Andhra Copper Mine 29,Southern,Andhra Pradesh,Open Cast,Copper Ore,2017,11,2017-11-01,34282.31,11305197.36,10554674.39,284,52035.8,0.6588,42717.09,8450.52,2897035.3,2416587.29,480448.01,16.58,5726.37,22.005,0,0,0,,,1,Slip/Fall,Moderate,1.83,0,0,0,Completed
MINE-014,Chhattisgarh Bauxite Mine 14,Central,Chhattisgarh,Underground,Bauxite,2017,9,2017-09-01,11187.5,3172486.06,2924994.33,767,147824.6,0.0757,19195.08,2257.6,252568.59,156464.55,96104.05,38.05,6689.85,12.982,0,4,1,Equipment,Under Review,0,,,1.14,2,1,1,In Progress
MINE-008,Telangana Iron Mine 8,Southern,Telangana,Open Cast,Iron Ore,2023,4,2023-04-01,19308.2,4242653.83,2931640.25,792,159945.9,0.1207,16559.78,7239.26,1397771.41,846593.02,551178.39,39.43,7330.35,9.599,0,2,0,,,2,Fire,Moderate,0.95,0,0,0,Completed
MINE-024,Chhattisgarh Bauxite Mine 24,Central,Chhattisgarh,Underground,Bauxite,2022,7,2022-07-01,60684.06,8763956.29,5534830.46,1198,238401.6,0.2545,100621.28,1605.85,974495.56,657177.91,317317.65,32.56,16691.01,38.914,0,2,0,,,0,,,0.82,0,0,0,Completed
MINE-003,Odisha Coal Mine 3,Eastern,Odisha,Underground,Coal,2020,6,2020-06-01,198757.27,24608205.58,18574273.99,1507,297958.9,0.6671,302940.22,2710.99,5388287.58,4159322.09,1228965.5,22.81,107059.53,146.045,0,1,0,,,3,Machinery,Minor,2.54,0,0,0,Completed
MINE-006,Maharashtra Limestone Mine 6,Western,Maharashtra,Open Cast,Limestone,2023,6,2023-06-01,42278.44,4919591.78,2788102.51,890,176168.6,0.24,39321.93,1096.45,463561.12,283884.89,179676.23,38.76,15408.43,23.532,0,0,0,,,0,,,1.03,1,0,1,In Progress
MINE-010,Uttar Coal Mine 10,Northern,Uttar Pradesh,Mixed,Coal,2021,2,2021-02-01,40497.32,3804225.22,2358030.12,881,184924.4,0.219,48587.18,3197.5,1294902.96,787616.93,507286.03,39.18,18819.92,26.304,0,0,0,,,0,,,2.45,0,0,0,Completed
MINE-003,Odisha Coal Mine 3,Eastern,Odisha,Underground,Coal,2021,11,2021-11-01,245205.44,24608205.58,14994991.05,1488,273055.3,0.898,429595.06,2968.16,7278083.2,5039162.86,2238920.35,30.76,73842.46,171.7,0,4,1,Environmental,Open,1,Gas/Explosion,Moderate,1.69,1,0,1,Overdue
MINE-013,Odisha Coal Mine 13,Eastern,Odisha,Open Cast,Coal,2018,7,2018-07-01,36764.86,11260157.97,10275771.59,583,119809.6,0.3069,30207.85,2577.88,947752.46,602602.14,345150.32,36.42,8001.38,19.673,0,2,1,Emergency Preparedness,Open,0,,,1.68,1,0,1,In Progress
MINE-023,Odisha Copper Mine 23,Eastern,Odisha,Open Cast,Copper Ore,2019,4,2019-04-01,71445.33,20545143.55,18212132.46,1631,350457.4,0.2039,71918.44,7204.29,5147127.64,3791212.26,1355915.39,26.34,20786.66,39.644,0,0,0,,,0,,,1.37,1,0,1,Overdue
MINE-003,Odisha Coal Mine 3,Eastern,Odisha,Underground,Coal,2023,1,2023-01-01,331090.35,24608205.58,11078354.58,1850,344434.1,0.9613,447288.95,3169.27,10493152.6,8531131.25,1962021.35,18.7,97376.76,185.185,0,0,1,Operational,Open,2,Gas/Explosion,Minor,3.24,1,0,1,Pending
MINE-017,Gujarat Iron Mine 17,Western,Gujarat,Open Cast,Iron Ore,2020,9,2020-09-01,30545.41,13268212.21,11334289.56,444,94787.7,0.3223,33409.18,5901.82,1802733.48,1528738.63,273994.85,15.2,11875.85,17.237,0,3,1,Environmental,Closed,1,Electrical,Minor,1.7,1,0,1,Completed
MINE-022,West Copper Mine 22,Eastern,West Bengal,Open Cast,Copper Ore,2020,8,2020-08-01,86952.54,11657228.78,8004035.62,2200,446693.4,0.1947,96742.92,8888.51,7728787.64,4887236.53,2841551.11,36.77,32346.55,49.157,0,2,0,,,0,,,0.07,0,0,0,Completed
MINE-019,Andhra Coal Mine 19,Southern,Andhra Pradesh,Open Cast,Coal,2021,11,2021-11-01,34436.96,6903354.37,4962257.76,137,30129.6,1.143,42321.58,2467.36,849683.09,667063.78,182619.31,21.49,7455.75,20.513,0,0,0,,,0,,,1.82,0,0,0,Completed
MINE-015,Madhya Iron Mine 15,Central,Madhya Pradesh,Open Cast,Iron Ore,2022,1,2022-01-01,86411.36,14086398.07,9776039.97,1000,197344.0,0.4379,86524.63,5349.46,4622541.58,2593813.4,2028728.18,43.89,38567.83,52.665,0,0,2,Safety,Under Review,2,Slip/Fall,Minor,2.83,2,1,1,Pending
MINE-001,Jharkhand Coal Mine 1,Eastern,Jharkhand,Underground,Coal,2021,6,2021-06-01,146536.72,15973322.74,9071346.7,2765,532411.5,0.2752,185243.36,2783.78,4079261.73,2808598.4,1270663.33,31.15,51589.06,83.256,0,3,2,Operational,Under Review,2,Electrical,Minor,2.59,2,1,1,Completed
MINE-023,Odisha Copper Mine 23,Eastern,Odisha,Open Cast,Copper Ore,2020,1,2020-01-01,75179.68,20545143.55,17565330.41,1680,307344.4,0.2446,97597.01,7311.2,5496537.75,4416414.89,1080122.86,19.65,15008.32,40.881,0,1,0,,,0,,,0.65,0,0,0,Completed
MINE-009,Andhra Iron Mine 9,Southern,Andhra Pradesh,Underground,Iron Ore,2018,3,2018-03-01,34578.24,7961285.52,7041432.79,1132,214830.3,0.161,52701.81,5764.11,1993127.68,1178917.12,814210.56,40.85,7661.31,23.992,0,2,0,,,2,Machinery,Minor,1.59,0,0,0,Completed
MINE-017,Gujarat Iron Mine 17,Western,Gujarat,OPEN CAST,Iron Ore,2022,12,2022-12-01,28951.39,13268212.21,10537479.56,451,90824.6,0.3188,29775.1,5239.29,1516846.84,1193834.26,323012.58,21.3,12462.28,21.937,0,0,0,,,1,Gas/Explosion,Minor,0.54,0,0,0,Completed
MINE-027,Gujarat Iron Mine 27,Western,Gujarat,Open Cast,Iron Ore,2018,9,2018-09-01,14387.85,6248149.8,5657569.45,754,140576.7,0.1023,13112.7,5984.27,861008.1,525051.42,335956.68,39.02,5335.73,14.513,0,1,0,,,0,,,2.3,0,0,0,Completed
MINE-021,Jharkhand Limestone Mine 21,Eastern,Jharkhand,Open Cast,Limestone,2016,2,2016-02-01,5086.98,1715441.24,1705437.77,342,73013.3,0.0697,5100.9,986.94,50205.68,46255.97,3949.72,7.87,2067.57,5.929,0,1,0,,,1,Gas/Explosion,Minor,1.79,0,0,0,Completed
MINE-029,Andhra Copper Mine 29,Southern,Andhra Pradesh,Open Cast,Copper Ore,2022,8,2022-08-01,41027.32,11305197.36,8395300.64,286,61783.4,0.6641,37193.02,8328.96,3417149.87,1991630.64,1425519.23,41.72,8557.86,17.178,0,4,0,,,0,,,1.13,0,0,0,Completed
MINE-003,Odisha Coal Mine 3,Eastern,Odisha,Underground,Coal,2017,3,2017-03-01,77805.7,24608205.58,23495092.82,1068,231390.0,0.3363,107914.12,2723.11,2118733.74,1545087.25,573646.49,27.07,41308.14,55.751,0,1,0,,,0,,,0.7,0,0,0,Completed
MINE-005,Madhya Coal Mine 5,Central,Madhya Pradesh,Open Cast,Coal,2021,12,2021-12-01,12781.95,6162270.35,4939787.35,1061,197876.1,0.0646,13401.55,2543.98,325169.67,198530.83,126638.84,38.95,4348.35,13.144,0,1,1,Operational,Open,4,Fall of Roof/Rock,Minor,4.27,2,1,1,Pending
MINE-019,Andhra Coal Mine 19,Southern,Andhra Pradesh,Open Cast,Coal,2021,8,2021-08-01,35450.8,6903354.37,5061545.43,133,28205.2,1.2569,39184.6,2541.16,900861.1,588904.97,311956.13,34.63,13971.05,26.065,0,1,0,,,1,Fall of Roof/Rock,Minor,1.89,0,0,0,Completed
MINE-028,Telangana Coal Mine 28,Southern,Telangana,Open Cast,Coal,2022,4,2022-04-01,12430.98,10510635.28,8838696.36,976,191424.6,0.0649,12438.95,2098.04,260806.87,177440.68,83366.19,31.96,3374.49,9.155,0,1,0,,,2,Haulage/Transport,Minor,2.92,0,0,0,Completed
MINE-017,Gujarat Iron Mine 17,Western,Gujarat,Open Cast,Iron Ore,2017,2,2017-02-01,36580.75,13268212.21,12747233.84,439,81901.3,0.4466,33616.06,4808.01,1758805.33,1301156.3,457649.03,26.02,6421.37,15.427,0,2,0,,,0,,,1.76,0,0,0,Completed
MINE-023,Odisha Copper Mine 23,Eastern,Odisha,Open Cast,Copper Ore,2017,9,2017-09-01,53438.86,20545143.55,19438841.56,1548,311152.7,0.1717,49108.91,7884.05,4213144.39,3520266.69,692877.69,16.45,14446.8,27.784,0,1,1,Emergency Preparedness,Open,0,,,2.24,1,0,1,Completed
MINE-010,Uttar Coal Mine 10,Northern,Uttar Pradesh,Mixed,Coal,2018,9,2018-09-01,20771.95,3804225.22,3220814.78,706,152265.5,0.1364,28715.88,2672.17,555062.52,324290.62,230771.9,41.58,3631.92,14.183,0,0,0,,,1,Fall of Roof/Rock,Moderate,2.86,0,0,0,Completed
MINE-008,Telangana Iron Mine 8,Southern,Telangana,Open Cast,Iron Ore,2022,9,2022-09-01,18482.12,4242653.83,3064349.61,774,148642.0,0.1243,15253.21,7874.31,1455339.99,1244501.67,210838.32,14.49,7539.45,9.032,0,1,0,,,0,,,1.63,0,0,0,Completed
MINE-018,Telangana Iron Mine 18,Southern,Telangana,Mixed,Iron Ore,2018,1,2018-01-01,12776.01,4638464.7,4312076.47,951,188300.7,0.0678,16242.76,4574.81,584478.4,335968.32,248510.08,42.52,4221.73,10.985,0,0,1,Operational,Closed,1,Fire,Minor,1.11,1,0,1,Completed
MINE-004,Chhattisgarh Coal Mine 4,Central,Chhattisgarh,Underground,Coal,2020,3,2020-03-01,7249.37,3455223.81,2922037.37,1379,290764.2,0.0249,9703.17,2592.5,187939.64,121493.09,66446.55,35.36,2616.79,4.584,0,2,1,Environmental,Open,2,Machinery,Minor,1.86,1,0,1,Overdue
MINE-019,Andhra Coal Mine 19,Southern,Andhra Pradesh,Open Cast,Coal,2019,6,2019-06-01,29680.6,6903354.37,5868725.46,139,26437.2,1.1227,33456.62,2554.83,758287.96,500415.45,257872.51,34.01,13063.79,20.463,0,0,1,Equipment,Open,2,Gas/Explosion,Moderate,3.52,1,0,1,Pending
MINE-022,West Copper Mine 22,Eastern,West Bengal,Open Cast,Copper Ore,2021,1,2021-01-01,106830.84,11657228.78,7484097.65,2327,502577.5,0.2126,650179.0800957553,8892.57,9500009.16,7753873.4,1746135.76,18.38,28466.86,50.138,0,4,2,Safety,Under Review,0,,,1.58,2,1,1,Completed
MINE-023,Odisha Copper Mine 23,Eastern,Odisha,Open Cast,Copper Ore,2019,10,2019-10-01,72396.48,20545143.55,17793631.49,1740,367294.8,0.1971,75482.69,6904.56,4998661.69,4058266.83,940394.86,18.81,28142.31,43.206,0,3,0,,,1,Slip/Fall,Moderate,2.0,0,0,0,Completed
MINE-009,Andhra Iron Mine 9,Southern,Andhra Pradesh,Underground,Iron Ore,2022,4,2022-04-01,36833.83,7961285.52,5380312.24,1127,230310.2,0.1599,46546.03,5041.83,1857098.87,1169779.04,687319.83,37.01,12280.61,24.895,0,0,0,,,1,Machinery,Minor,0.42,1,0,1,Overdue
MINE-013,Odisha Coal Mine 13,Eastern,Odisha,Open Cast,Coal,2018,2,2018-02-01,33484.57,11260157.97,10463626.38,562,116408.7,0.2876,39746.46,2531.58,847687.25,580634.21,267053.04,31.5,12722.67,19.434,0,4,1,Safety,Under Review,1,Fall of Roof/Rock,Minor,3.11,1,0,1,Overdue
MINE-021,Jharkhand Limestone Mine 21,Eastern,Jharkhand,Open Cast,Limestone,2024,8,2024-08-01,3101.82,1715441.24,1300294.56,330,63648.9,0.0487,2847.17,588.99,18269.46,17947.74,321.72,1.76,852.45,7.393,0,2,1,Safety,Under Review,1,Gas/Explosion,Minor,0.79,1,0,1,Overdue
MINE-007,Gujarat Coal Mine 7,Western,Gujarat,Underground,Coal,2024,8,2024-08-01,10525.79,4595599.71,3396110.72,1550,305213.8,0.0345,14050.87,3050.36,321074.46,212921.87,108152.59,33.68,5557.03,7.603,0,1,0,,,0,,,1.77,0,0,0,Completed
MINE-001,Jharkhand Coal Mine 1,Eastern,Jharkhand,Underground,Coal,2024,4,2024-04-01,227254.91,15973322.74,2177515.04,3195,615320.9,0.3693,299916.55,2465.3,5602507.69,3810654.29,1791853.4,31.98,128704.01,156.353,0,1,0,,,1,Gas/Explosion,Minor,2.77,0,0,0,Completed
MINE-022,West Copper Mine 22,Eastern,West Bengal,Open Cast,Copper Ore,2020,4,2020-04-01,95598.17,11657228.78,8376010.0,2263,491043.3,0.1947,111370.17,8444.5,8072788.19,6095919.66,1976868.54,24.49,41405.78,59.933,0,1,0,,,0,,,0.63,0,0,0,Completed
MINE-009,Andhra Iron Mine 9,Southern,Andhra Pradesh,Underground,Iron Ore,2016,3,2016-03-01,29568.19,7961285.52,7858339.46,1066,227941.7,0.1297,50127.77,5441.48,1608948.68,1004772.51,604176.17,37.55,16450.94,29.877,0,3,0,,,0,,,1.92,0,0,0,Completed
MINE-009,Andhra Iron Mine 9,Southern,Andhra Pradesh,Underground,Iron Ore,2019,11,2019-11-01,30973.55,7961285.52,6376067.52,1154,225784.4,0.1372,37286.46,5067.46,1569571.53,936042.8,633528.73,40.36,6848.14,17.007,0,0,0,,,0,,,2.35,0,0,0,Completed
MINE-030,Uttar Iron Mine 30,Northern,Uttar Pradesh,Mixed,Iron Ore,2022,1,2022-01-01,25072.11,9769224.08,7787522.02,740,148400.9,0.1689,28278.09,5127.26,1285511.75,1022587.24,262924.5,20.45,7113.21,17.285,0,2,1,Documentation,Closed,1,Gas/Explosion,Fatal,2.37,1,0,1,Pending
MINE-005,Madhya Coal Mine 5,Central,Madhya Pradesh,Open Cast,Coal,2024,2,2024-02-01,8262.86,6162270.35,4675650.74,1034,214406.1,0.0385,9125.23,2487.57,205544.59,134037.94,71506.65,34.79,1396.19,9.899,0,2,0,,,0,,,1.18,0,0,0,Completed
MINE-012,West Iron Mine 12,Eastern,West Bengal,Open Cast,Iron Ore,2022,1,2022-01-01,126941.48,17808314.68,11310419.93,1072,196920.8,0.6446,135891.15,5723.56,7265572.53,5998540.93,1267031.6,17.44,45697.66,64.799,0,2,1,Equipment,Closed,2,Fire,Serious,1.98,1,0,1,Completed
MINE-019,Andhra Coal Mine 19,Southern,Andhra Pradesh,Open Cast,Coal,2018,10,2018-10-01,28278.49,6903354.37,6088178.22,128,23052.5,1.2267,24578.11,2501.88,707494.55,599902.95,107591.6,15.21,5904.77,11.275,0,2,0,,,0,,,0.29,0,0,0,Completed
MINE-006,Maharashtra Limestone Mine 6,Western,Maharashtra,Open Cast,Limestone,2024,1,2024-01-01,44600.38,4919591.78,2500817.5,980,179596.2,0.2483,44389.8,1009.85,450396.38,310783.01,139613.37,31.0,13455.73,27.538,0,1,0,,,0,,,0.64,0,0,0,Completed
MINE-012,West Iron Mine 12,Eastern,West Bengal,Open Cast,Iron Ore,2022,10,2022-10-01,132186.93,17808314.68,10088811.81,1081,217243.8,0.6085,161323.6,5471.98,7233236.82,4161048.48,3072188.34,42.47,37529.26,74.086,0,1,1,Safety,Under Review,0,,,2.68,1,0,1,In Progress
MINE-002,West Iron Mine 2,Eastern,West Bengal,Open Cast,Iron Ore,2022,6,2022-06-01,66180.53,31788526.71,26083378.34,2000,434854.7,0.1522,79356.03,5882.61,3893142.79,2325783.49,1567359.3,40.26,11150.0,32.829,0,1,0,,,0,,,2.1,0,0,0,Completed
MINE-030,Uttar Iron Mine 30,Northern,Uttar Pradesh,Mixed,Iron Ore,2022,12,2022-12-01,26647.88,9769224.08,7514991.92,764,158199.4,0.1684,29607.15,4658.41,1241367.9,772986.07,468381.83,37.73,9109.83,19.056,0,1,2,Emergency Preparedness,Under Review,2,Machinery,Minor,1.67,2,1,1,In Progress
MINE-014,Chhattisgarh Bauxite Mine 14,Central,Chhattisgarh,Underground,Bauxite,2018,5,2018-05-01,11362.49,3172486.06,2838902.65,824,166620.3,0.0682,13960.45,2639.19,299877.15,247301.87,52575.29,17.53,5008.49,12.264,0,1,0,,,0,,,1.38,0,0,0,Completed
MINE-016,Maharashtra Iron Mine 16,Western,Maharashtra,Underground,Iron Ore,2021,12,2021-12-01,11914.29,3852023.09,2845515.58,456,99438.4,0.1198,19013.02,7146.43,851445.73,526960.12,324485.61,38.11,4020.91,7.722,0,0,0,,,0,,,1.63,0,0,0,Completed
MINE-009,Andhra Iron Mine 9,Southern,Andhra Pradesh,underground,Iron Ore,2021,8,2021-08-01,30435.8,7961285.52,5655086.09,1107,242130.4,0.1257,47581.7,5051.69,1537521.32,1226083.08,311438.24,20.26,15426.3,29.423,0,2,0,,,0,,,2.09,1,0,1,Overdue
MINE-016,Maharashtra Iron Mine 16,Western,Maharashtra,Underground,Iron Ore,2019,10,2019-10-01,12488.81,3852023.09,3179605.66,441,84269.5,0.1482,15439.01,6610.32,825550.6,584851.64,240698.96,29.16,6718.09,14.03,0,0,0,,,2,Electrical,Serious,2.4,0,0,0,Completed
MINE-024,Chhattisgarh Bauxite Mine 24,Central,Chhattisgarh,Underground,Bauxite,2017,11,2017-11-01,29002.37,8763956.29,8157987.55,1011,204511.9,0.1418,32710.96,1955.37,567102.68,380010.86,187091.82,32.99,6757.74,13.251,0,0,1,documentation,Under Review,1,Gas/Explosion,Minor,1.78,1,0,1,Pending
MINE-029,Andhra Copper Mine 29,Southern,Andhra Pradesh,Open Cast,Copper Ore,2021,10,2021-10-01,42494.9,11305197.36,8807235.16,298,60358.6,0.704,41293.74,7877.94,3347723.42,2106360.05,1241363.36,37.08,9041.88,21.053,0,0,1,Equipment,Under Review,1,Slip/Fall,Minor,2.99,1,0,1,Completed
MINE-027,Gujarat Iron Mine 27,Western,Gujarat,open cast,Iron Ore,2019,1,2019-01-01,13536.25,6248149.8,5600414.18,753,164329.1,0.0824,16374.52,6451.37,873274.01,620150.16,253123.85,28.99,5343.24,11.956,0,3,0,,,0,,,0.11,0,0,0,Completed
MINE-012,West Iron Mine 12,Eastern,West Bengal,Open Cast,Iron Ore,2023,2,2023-02-01,154386.78,17808314.68,9472213.44,1180,233578.6,0.661,163790.63,5229.07,8072986.64,6467539.28,1605447.36,19.89,41817.13,76.904,0,3,0,,,0,,,1.78,0,0,0,Completed
MINE-021,Jharkhand Limestone Mine 21,Eastern,Jharkhand,Open Cast,Limestone,2024,5,2024-05-01,3511.3,1715441.24,1310108.39,329,61124.5,0.0574,3788.07,597.99,20997.12,18399.5,2597.63,12.37,673.43,9.057,0,2,1,Emergency Preparedness,Open,0,,,0.98,1,0,1,Overdue
MINE-006,Maharashtra Limestone Mine 6,Western,Maharashtra,Open Cast,Limestone,2021,8,2021-08-01,30451.31,4919591.78,3557076.38,855,154628.9,0.1969,34352.98,1251.87,381212.31,322781.05,58431.26,15.33,7716.75,18.256,0,0,0,,,1,Machinery,Minor,2.57,0,0,0,Completed
MINE-016,Maharashtra Iron Mine 16,Western,Maharashtra,Underground,Iron Ore,2016,7,2016-07-01,14339.63,3852023.09,3745328.81,473,101578.9,0.1412,16699.1,5806.59,832643.58,490670.22,341973.36,41.07,4541.73,12.033,0,0,0,,,0,,,1.38,0,0,0,Completed
MINE-002,West Iron Mine 2,Eastern,West Bengal,Open Cast,Iron Ore,2019,8,2019-08-01,71144.66,31788526.71,28361852.4,1978,412275.5,0.1726,91939.71,5760.03,4097949.97,2331099.67,1766850.31,43.12,18455.17,36.844,0,2,0,,,0,,,0.14,0,0,0,Completed
MINE-015,Madhya Iron Mine 15,Central,Madhya Pradesh,Open Cast,Iron Ore,2022,3,2022-03-01,84955.81,14086398.07,9599000.14,1026,186224.1,0.4562,82973.8,5550.17,4715195.8,3777119.65,938076.15,19.89,28865.53,43.026,0,0,0,,,1,Haulage/Transport,Minor,1.02,0,0,0,Completed
MINE-022,West Copper Mine 22,Eastern,West Bengal,Open Cast,Copper Ore,2022,2,2022-02-01,133864.49,11657228.78,5952640.83,2367,428416.8,0.3125,116949.81,9256.83,12391603.64,8999177.13,3392426.51,27.38,45398.48,58.551,0,2,1,EQUIPMENT,Closed,0,,,2.02,1,0,1,Pending
MINE-015,Madhya Iron Mine 15,Central,Madhya Pradesh,Open Cast,Iron Ore,2023,5,2023-05-01,130527.21,14086398.07,8182009.42,1227,252876.2,0.5162,146163.48,6202.99,8096592.58,5832852.18,2263740.4,27.96,30834.66,63.539,0,0,0,,,0,,,0.88,0,0,0,Completed
MINE-020,Uttar Iron Mine 20,Northern,Uttar Pradesh,Open Cast,Iron Ore,2019,12,2019-12-01,20742.69,4723977.98,3878522.53,435,83295.5,0.249,20452.17,5370.06,1113895.97,645543.1,468352.87,42.05,5690.62,10.445,0,0,0,,,1,Slip/Fall,Minor,2.85,0,0,0,Completed
MINE-007,Gujarat Coal Mine 7,Western,Gujarat,Underground,Coal,2022,12,2022-12-01,11810.94,4595599.71,3623229.86,1559,337841.8,0.035,20193.92,3226.37,381064.34,298837.03,82227.31,21.58,6819.1,10.448,0,0,0,,,0,,,1.54,1,0,1,Overdue
MINE-015,Madhya Iron Mine 15,Central,Madhya Pradesh,Open Cast,Iron Ore,2024,11,2024-11-01,130978.14,14086398.07,5972378.07,1156,237800.4,0.5508,134456.36,6305.13,8258343.14,5531076.65,2727266.49,33.02,44699.93,69.219,0,1,1,Environmental,Closed,0,,,1.23,1,0,1,In Progress
MINE-018,Telangana Iron Mine 18,Southern,Telangana,Mixed,Iron Ore,2023,7,2023-07-01,9097.46,4638464.7,3637701.55,970,190752.2,0.0477,12038.5,4433.31,403318.97,339633.19,63685.78,15.79,3064.28,6.857,0,0,0,,,0,,,1.67,0,0,0,Completed
MINE-028,Telangana Coal Mine 28,Southern,Telangana,Open Cast,Coal,2020,9,2020-09-01,17287.74,10510635.28,9110499.26,966,186707.3,0.0926,,2462.53,425715.4,334889.91,90825.49,21.33,3779.73,10.333,0,0,2,Safety,Open,2,Fall of Roof/Rock,Minor,1.46,2,1,1,Overdue
MINE-001,Jharkhand Coal Mine 1,Eastern,Jharkhand,Underground,Coal,2017,12,2017-12-01,98773.71,15973322.74,14153119.69,2306,424581.0,0.2326,109414.44,2565.66,2534194.11,1469421.32,1064772.78,42.02,40646.92,55.648,0,0,0,,,0,,,0.15,0,0,0,Completed
MINE-023,Odisha Copper Mine 23,Eastern,Odisha,Open Cast,Copper Ore,2019,12,2019-12-01,76263.96,20545143.55,17640510.1,1670,346742.5,0.2199,76327.19,7204.45,5494402.6,3079286.65,2415115.95,43.96,21098.23,38.148,0,1,0,,,0,,,0.6,0,0,0,Completed
MINE-002,West Iron Mine 2,Eastern,West Bengal,Open Cast,Iron Ore,2020,3,2020-03-01,69162.68,31788526.71,27865027.53,1930,392100.9,0.1764,72329.15,5855.24,4049640.75,3426906.52,622734.23,15.38,20686.13,35.876,0,0,1,Operational,Open,2,Slip/Fall,Minor,2.6,1,0,1,Completed
MINE-008,Telangana Iron Mine 8,Southern,Telangana,Open Cast,Iron Ore,2024,10,2024-10-01,21019.1,4242653.83,2572531.92,777,144838.5,0.1451,21091.42,7883.81,1657105.43,1187169.16,469936.27,28.36,7094.49,16.237,0,1,1,Documentation,Under Review,2,Electrical,Minor,3.28,1,0,1,Completed
MINE-020,Uttar Iron Mine 20,Northern,Uttar Pradesh,Open Cast,Iron Ore,2017,8,2017-08-01,14861.31,4723977.98,4383938.11,435,93754.5,0.1585,13106.39,5522.7,820744.74,629352.01,191392.73,23.32,6366.54,15.017,0,0,0,,,1,Fire,Minor,2.62,1,0,1,In Progress
MINE-009,Andhra Iron Mine 9,Southern,Andhra Pradesh,Underground,Iron Ore,2019,3,2019-03-01,36206.54,7961285.52,6629007.26,1148,247620.4,0.1462,62519.15,5340.39,1933569.51,1402173.49,531396.03,27.48,9957.27,30.937,0,2,0,,,4,Fall of Roof/Rock,Minor,2.06,0,0,0,Completed
MINE-016,Maharashtra Iron Mine 16,Western,Maharashtra,Underground,Iron Ore,2024,11,2024-11-01,12103.49,3852023.09,2458743.52,464,99483.8,0.1217,19398.17,8086.71,978773.59,596995.09,381778.5,39.01,7265.79,11.671,0,1,0,,,0,,,2.42,0,0,0,Completed
MINE-012,West Iron Mine 12,Eastern,West Bengal,Open Cast,Iron Ore,2019,7,2019-07-01,95053.25,17808314.68,14681875.6,1030,191709.4,0.4958,100761.94,5580.47,5304414.39,3674453.84,1629960.55,30.73,31497.67,50.054,0,3,0,,,0,,,0.56,2,1,1,In Progress
MINE-023,Odisha Copper Mine 23,Eastern,Odisha,Open Cast,Copper Ore,2023,4,2023-04-01,95827.88,20545143.55,14269473.17,1688,318024.0,0.3013,77402.97,5579.3,5346522.45,3192255.71,2154266.74,40.29,20933.78,34.788,0,1,0,,,0,,,0.88,0,0,0,Completed
MINE-005,Madhya Coal Mine 5,Central,Madhya Pradesh,Open Cast,Coal,2017,1,2017-01-01,22024.57,6162270.35,5877985.64,1083,235383.9,0.0936,19142.93,2466.56,543249.22,324488.24,218760.98,40.27,8496.59,15.554,0,0,1,Environmental,Closed,0,,,1.55,1,0,1,Completed
MINE-030,Uttar Iron Mine 30,Northern,Uttar Pradesh,Mixed,Iron Ore,2023,9,2023-09-01,22001.87,9769224.08,7295342.38,723,147583.4,0.1491,26094.64,4906.21,1079458.42,813641.4,265817.02,24.63,4305.15,15.974,0,2,1,Documentation,Under Review,0,,,1.44,1,0,1,Overdue
MINE-007,Gujarat Coal Mine 7,Western,Gujarat,Underground,Coal,2024,11,2024-11-01,11837.86,4595599.71,3360217.19,1510,299065.1,0.0396,18846.59,2893.21,342493.97,257750.45,84743.52,24.74,2610.78,11.629,0,2,1,Safety,Open,1,Slip/Fall,Minor,2.88,1,0,1,Pending
MINE-009,Andhra Iron Mine 9,Southern,Andhra Pradesh,Underground,Iron Ore,2020,12,2020-12-01,36744.92,7961285.52,5931009.89,1134,241877.1,0.1519,44628.93,5223.05,1919204.22,1559978.15,359226.07,18.72,16219.96,22.906,0,2,1,Emergency Preparedness,Under Review,0,,,0.3,1,0,1,Pending
MINE-030,Uttar Iron Mine 30,Northern,Uttar Pradesh,Mixed,Iron Ore,2024,12,2024-12-01,23193.9,9769224.08,6945517.34,718,157448.1,0.1473,27605.54,4497.82,1043219.5,608463.2,434756.3,41.67,5147.53,15.883,0,1,0,,,0,,,0.85,0,0,0,Completed
MINE-022,West Copper Mine 22,Eastern,West Bengal,Open Cast,Copper Ore,2018,7,2018-07-01,64231.28,11657228.78,10018603.49,1756,371116.7,0.1731,66808.71,7313.69,4697676.42,2883627.63,1814048.78,38.62,15771.7,34.029,0,0,0,,,0,,,2.02,1,0,1,Pending
MINE-003,Odisha Coal Mine 3,Eastern,Odisha,Underground,Coal,2023,12,2023-12-01,408078.5,24608205.58,7063349.45,2040,398987.0,1.0228,464589.81,2854.39,11648171.87,8389460.73,3258711.14,27.98,242710.69,263.408,0,5,2,Documentation,Open,0,,,1.85,2,0,2,Pending
MINE-013,Odisha Coal Mine 13,Eastern,Odisha,Open Cast,Coal,2022,8,2022-08-01,60489.18,11260157.97,7910768.12,642,121397.9,0.4983,73023.73,2806.33,1697523.06,1394688.04,302835.01,17.84,26678.27,35.531,0,1,0,,,0,,,1.49,0,0,0,Completed
MINE-006,Maharashtra Limestone Mine 6,Western,Maharashtra,Open Cast,Limestone,2016,9,2016-09-01,13200.38,4919591.78,4804275.83,691,134428.6,0.0982,15554.78,950.06,125411.77,115597.95,9813.82,7.83,4178.15,10.691,0,1,0,,,2,Machinery,Minor,2.08,1,0,1,Completed
MINE-030,Uttar Iron Mine 30,Northern,Uttar Pradesh,Mixed,Iron Ore,2017,1,2017-01-01,29202.94,9769224.08,9402002.61,787,169832.7,0.172,41272.89,5436.97,1587756.07,1026181.09,561574.98,35.37,8040.22,18.783,0,0,2,Operational,Closed,0,,,2.57,2,0,2,In Progress
MINE-017,Gujarat Iron Mine 17,Western,Gujarat,Open Cast,Iron Ore,2018,3,2018-03-01,35997.65,13268212.21,12302519.05,460,89041.6,0.4043,44343.42,5261.03,1893847.36,1145428.88,748418.47,39.52,9179.17,21.119,0,1,0,,,0,,,1.95,0,0,0,Completed
MINE-003,Odisha Coal Mine 3,Eastern,Odisha,Underground,Coal,2023,7,2023-07-01,386247.19,24608205.58,8920724.16,1982,406141.5,0.951,576431.68,2930.39,11318543.0,6705799.93,4612743.07,40.75,154235.32,250.4,0,2,0,,,1,Electrical,Minor,0.87,0,0,0,Completed
MINE-003,Odisha Coal Mine 3,Eastern,Odisha,Underground,Coal,2021,12,2021-12-01,259988.83,24608205.58,14735002.22,1634,327372.6,0.7942,408353.53,2999.2,7797577.58,6244863.31,1552714.27,19.91,132140.78,192.687,0,0,0,,,2,Haulage/Transport,Minor,1.83,0,0,0,Completed
MINE-007,Gujarat Coal Mine 7,Western,Gujarat,Underground,Coal,2019,11,2019-11-01,12079.18,4595599.71,4055070.95,1613,339435.1,0.0356,13842.71,2691.11,325064.22,272423.6,52640.62,16.19,3273.72,8.844,0,1,1,Safety,Under Review,0,,,1.83,1,0,1,In Progress
MINE-003,Odisha Coal Mine 3,Eastern,Odisha,Underground,Coal,2023,9,2023-09-01,376232.17,24608205.58,8214419.97,1973,395369.4,0.9516,435137.44,3060.34,11513988.55,7431048.06,4082940.49,35.46,142279.15,208.944,0,2,0,,,1,Fall of Roof/Rock,Minor,2.0,0,0,0,Completed
MINE-029,Andhra Copper Mine 29,Southern,Andhra Pradesh,Open Cast,Copper Ore,2022,10,2022-10-01,43384.94,11305197.36,8311680.58,315,63257.7,0.6858,53979.23,8183.21,3550280.17,2729050.18,821229.99,23.13,8706.57,21.393,0,2,1,Equipment,Open,0,,,1.36,2,1,1,Pending
MINE-020,Uttar Iron Mine 20,Northern,Uttar Pradesh,Open Cast,Iron Ore,2018,9,2018-09-01,18364.13,4723977.98,4154551.2,434,83052.1,0.2211,15993.41,5350.86,982639.0,748314.98,234324.02,23.85,4722.3,8.54,0,0,1,Equipment,Closed,2,Slip/Fall,Minor,3.18,2,0,2,Overdue
MINE-007,Gujarat Coal Mine 7,Western,Gujarat,Underground,Coal,2024,6,2024-06-01,11744.05,4595599.71,3416957.14,1536,322040.2,0.0365,12953.43,3059.59,359319.62,306978.3,52341.32,14.57,5816.41,11.692,0,0,0,,,1,Electrical,Minor,2.26,0,0,0,Completed
MINE-017,Gujarat Iron Mine 17,Western,Gujarat,Open Cast,Iron Ore,2016,3,2016-03-01,34000.57,13268212.21,13154619.83,434,82184.4,0.4137,38188.01,4769.99,1621822.31,1364345.37,257476.95,15.88,12732.02,25.809,0,1,0,,,0,,,2.47,1,0,1,Overdue
MINE-014,Chhattisgarh Bauxite Mine 14,Central,Chhattisgarh,Underground,Bauxite,2023,10,2023-10-01,6096.7,3172486.06,2309128.69,735,154893.2,0.0394,8653.62,2510.74,153072.28,120690.39,32381.89,21.15,2934.01,4.919,0,0,1,Safety,Open,0,,,1.93,1,0,1,Completed
MINE-017,Gujarat Iron Mine 17,Western,Gujarat,Open Cast,Iron Ore,2024,2,2024-02-01,28838.07,13268212.21,10155488.48,414,79064.9,0.3647,27126.27,4830.38,1392988.06,831160.39,561827.67,40.33,10957.76,16.923,0,2,0,,,0,,,0.18,0,0,0,Completed
MINE-015,Madhya Iron Mine 15,Central,Madhya Pradesh,Open Cast,Iron Ore,2022,7,2022-07-01,92782.72,14086398.07,9222147.08,1077,209660.8,0.4425,87807.84,5858.34,5435529.37,4613486.66,822042.72,15.12,19515.96,40.085,0,1,0,,,0,,,0.35,0,0,0,Completed
MINE-009,Andhra Iron Mine 9,Southern,Andhra Pradesh,Underground,Iron Ore,2019,9,2019-09-01,32696.5,7961285.52,6439430.8,1130,236754.9,0.1381,47248.81,5053.18,1652212.35,1149523.04,502689.32,30.43,19150.49,25.773,0,2,1,Operational,Open,1,Fall of Roof/Rock,Serious,1.76,1,0,1,Completed
MINE-001,Jharkhand Coal Mine 1,Eastern,Jharkhand,Underground,Coal,2023,3,2023-03-01,202841.49,15973322.74,5211111.91,2980,545342.1,0.372,318988.93,2396.0,4860091.65,3396397.79,1463693.86,30.12,66724.05,136.814,0,2,0,,,2,Fall of Roof/Rock,Moderate,1.75,1,0,1,Completed
MINE-025,Madhya Limestone Mine 25,Central,Madhya Pradesh,Open Cast,Limestone,2016,5,2016-05-01,12994.32,5333812.33,5263865.73,1220,236960.5,0.0548,10659.89,919.28,119454.03,87289.16,32164.87,26.93,5158.09,12.86,0,0,0,,,0,,,0.32,0,0,0,Completed
MINE-016,Maharashtra Iron Mine 16,Western,Maharashtra,Underground,Iron Ore,2021,10,2021-10-01,11881.57,3852023.09,2870454.06,451,84551.9,0.1405,15647.28,7127.31,846836.18,539305.47,307530.7,36.32,4222.05,8.267,0,1,0,,,0,,,2.18,0,0,0,Completed
MINE-026,Maharashtra Copper Mine 26,Western,Maharashtra,Underground,Copper Ore,2017,8,2017-08-01,15915.5,3439638.4,3124502.81,480,91907.6,0.1732,18968.41,7365.3,1172224.04,853959.38,318264.66,27.15,8259.84,12.795,0,2,0,,,0,,,2.35,0,0,0,Completed
MINE-009,Andhra Iron Mine 9,Southern,Andhra Pradesh,Underground,Iron Ore,2024,11,2024-11-01,37929.36,7961285.52,4302987.17,1220,238503.1,0.159,55991.26,5142.46,1950501.98,1505846.53,444655.44,22.8,10139.19,27.357,0,1,0,,,1,Fall of Roof/Rock,Minor,2.24,2,1,1,Overdue
MINE-001,Jharkhand Coal Mine 1,Eastern,Jharkhand,Underground,Coal,2017,2,2017-02-01,74992.33,15973322.74,14996006.71,2391,501411.1,0.1496,81734.96,2549.14,1911661.75,1568001.53,343660.22,17.98,19851.46,39.253,0,0,0,,,3,Haulage/Transport,Moderate,2.96,0,0,0,Completed
MINE-009,Andhra Iron Mine 9,Southern,Andhra Pradesh,Underground,Iron Ore,2016,10,2016-10-01,34114.99,7961285.52,7625828.61,1135,208692.6,0.1635,56854.93,5346.83,1824068.84,1187810.11,636258.73,34.88,18792.34,34.198,0,1,2,Safety,Under Review,1,Fire,Minor,2.46,2,1,1,In Progress
MINE-008,Telangana Iron Mine 8,Southern,Telangana,Open Cast,Iron Ore,2020,5,2020-05-01,14209.27,4242653.83,3532885.41,695,134814.2,0.1054,13214.66,7499.31,1065597.46,731446.55,334150.91,31.36,5973.08,13.027,0,0,0,,,1,Machinery,Serious,1.42,1,0,1,Pending
MINE-027,Gujarat Iron Mine 27,Western,Gujarat,Open Cast,Iron Ore,2016,3,2016-03-01,20434.41,6248149.8,6182518.36,780,149394.8,0.1368,17228.95,5175.91,1057666.72,779041.32,278625.4,26.34,4074.65,12.853,0,2,1,Equipment,Closed,2,Slip/Fall,Moderate,3.59,1,0,1,Overdue
MINE-005,Madhya Coal Mine 5,Central,Madhya Pradesh,open cast,Coal,2022,11,2022-11-01,10355.02,6162270.35,4819779.56,957,181638.5,0.057,11250.62,2475.67,256356.09,196704.24,59651.85,23.27,3432.71,9.155,0,0,0,,,0,,,0.07,0,0,0,Completed
MINE-025,Madhya Limestone Mine 25,Central,Madhya Pradesh,Open Cast,Limestone,2019,3,2019-03-01,10573.68,5333812.33,4849061.41,1159,230408.7,0.0459,11003.09,875.47,92569.39,69486.61,23082.79,24.94,4466.64,7.668,0,1,1,Emergency Preparedness,Under Review,0,,,0.71,1,0,1,In Progress
MINE-004,Chhattisgarh Coal Mine 4,Central,Chhattisgarh,Underground,Coal,2023,2,2023-02-01,5874.66,3455223.81,2682147.07,1360,266085.1,0.0221,,2262.26,132900.11,96447.32,36452.8,27.43,3172.38,9.054,0,0,0,,,0,,,1.9,0,0,0,Completed
MINE-016,Maharashtra Iron Mine 16,Western,Maharashtra,Underground,Iron Ore,2018,4,2018-04-01,14922.45,3852023.09,3428072.55,486,101115.5,0.1476,25262.55,6001.79,895614.28,543974.86,351639.41,39.26,6459.0,13.362,0,2,0,,,0,,,2.36,0,0,0,Completed
MINE-013,Odisha Coal Mine 13,Eastern,Odisha,Open Cast,Coal,2019,6,2019-06-01,40084.44,11260157.97,9825791.75,588,116631.1,0.3437,37254.04,2829.56,1134211.26,723671.4,410539.86,36.2,8486.07,19.68,0,0,0,,,5,Gas/Explosion,Minor,2.52,1,0,1,Overdue
MINE-014,Chhattisgarh Bauxite Mine 14,Central,Chhattisgarh,Underground,Bauxite,2016,10,2016-10-01,11867.07,3172486.06,3048817.42,758,144663.4,0.082,19088.64,2002.73,237665.24,168522.09,69143.14,29.09,4605.91,15.191,0,2,0,,,0,,,0.26,0,0,0,Completed
MINE-023,Odisha Copper Mine 23,Eastern,Odisha,Open Cast,Copper Ore,2023,10,2023-10-01,105784.44,20545143.55,13667573.01,1733,321433.0,0.3291,124378.23,5684.86,6013700.44,4400300.34,1613400.1,26.83,39459.11,61.378,0,0,0,,,0,,,1.43,0,0,0,Completed
MINE-015,Madhya Iron Mine 15,Central,Madhya Pradesh,Open Cast,Iron Ore,2021,6,2021-06-01,82392.01,14086398.07,10369865.98,989,205493.1,0.4009,88082.98,5649.79,4654974.28,3816326.92,838647.36,18.02,27259.44,45.318,0,2,0,,,0,,,2.02,0,0,0,Completed
MINE-014,Chhattisgarh Bauxite Mine 14,Central,Chhattisgarh,Underground,Bauxite,2022,2,2022-02-01,6445.11,3172486.06,2450258.55,770,167190.1,0.0385,8167.18,2689.54,173343.61,106735.58,66608.03,38.43,1797.79,6.798,0,1,0,,,0,,,1.52,0,0,0,Completed
MINE-023,Odisha Copper Mine 23,Eastern,Odisha,Open Cast,Copper Ore,2016,6,2016-06-01,51262.63,20545143.55,20247203.79,1531,281691.9,0.182,60869.73,7819.04,4008245.58,3322297.48,685948.1,17.11,20676.71,36.261,0,2,1,Documentation,Closed,1,Slip/Fall,Minor,1.4,1,0,1,In Progress
MINE-016,Maharashtra Iron Mine 16,Western,Maharashtra,Underground,Iron Ore,2023,7,2023-07-01,10451.91,3852023.09,2629238.28,437,83124.8,0.1257,12583.54,7888.66,824515.86,517226.55,307289.31,37.27,5683.72,8.951,0,3,0,,,0,,,1.91,1,0,1,Pending
MINE-004,Chhattisgarh Coal Mine 4,Central,Chhattisgarh,Underground,Coal,2020,11,2020-11-01,7358.97,3455223.81,2860636.42,1323,282076.9,0.0261,8500.97,2518.85,185361.5,126324.7,59036.8,31.85,3136.99,9.257,0,1,0,,,1,Machinery,Moderate,1.49,0,0,0,Completed
MINE-018,Telangana Iron Mine 18,Southern,Telangana,Mixed,Iron Ore,2021,2,2021-02-01,9937.33,4638464.7,3905333.92,932,186396.0,0.0533,11982.08,3806.58,378272.4,299869.26,78403.14,20.73,4909.63,11.164,0,2,0,,,1,Machinery,Serious,2.79,0,0,0,Completed
MINE-023,Odisha Copper Mine 23,Eastern,Odisha,Open Cast,Copper Ore,2017,2,2017-02-01,51497.19,20545143.55,19832323.76,1484,284371.0,0.1811,49942.9,7587.75,3907479.61,2516836.92,1390642.7,35.59,16998.45,30.848,0,3,2,Emergency Preparedness,Open,0,,,1.34,2,1,1,Overdue
MINE-017,Gujarat Iron Mine 17,Western,Gujarat,Open Cast,Iron Ore,2022,4,2022-04-01,29752.42,13268212.21,10763514.54,409,76214.8,0.3904,25366.24,5294.54,1575252.9,966607.6,608645.3,38.64,6222.6,11.424,0,0,1,Documentation,Under Review,0,,,1.06,2,1,1,Pending
MINE-022,West Copper Mine 22,Eastern,West Bengal,Open Cast,Copper Ore,2024,11,2024-11-01,225936.13,11657228.78,515253.78,3153,617613.2,0.3658,182666.31,11628.85,26273771.49,17590535.67,8683235.82,33.05,66487.43,89.424,0,1,0,,,0,,,1.56,0,0,0,Completed
MINE-019,Andhra Coal Mine 19,Southern,Andhra Pradesh,Open Cast,Coal,2020,2,2020-02-01,27849.44,6903354.37,5640823.24,129,27181.3,1.0246,22349.19,2483.45,691625.83,396774.29,294851.54,42.63,9619.02,12.808,0,2,0,,,1,Fall of Roof/Rock,Minor,2.82,0,0,0,Completed
MINE-010,Uttar Coal Mine 10,Northern,Uttar Pradesh,Mixed,Coal,2018,11,2018-11-01,25902.32,3804225.22,3170468.24,737,133782.9,0.1936,38712.23,2657.45,688341.54,446683.84,241657.69,35.11,12100.04,21.318,0,1,0,,,0,,,2.46,1,0,1,Overdue
MINE-005,Madhya Coal Mine 5,Central,Madhya Pradesh,Open Cast,Coal,2018,8,2018-08-01,15571.81,6162270.35,5515109.96,1067,216445.5,0.0719,13794.46,2435.67,379277.77,320571.64,58706.13,15.48,5963.99,7.884,0,1,0,,,1,Machinery,Minor,1.7,0,0,0,Completed
MINE-013,Odisha Coal Mine 13,Eastern,Odisha,Open Cast,Coal,2024,2,2024-02-01,77819.79,11260157.97,6675416.61,706,150189.3,0.5181,76066.14,2674.26,2081100.57,1165964.36,915136.21,43.97,30294.68,43.367,0,2,2,Operational,Open,1,Electrical,Minor,1.84,3,2,1,In Progress
MINE-006,Maharashtra Limestone Mine 6,Western,Maharashtra,Open Cast,Limestone,2017,1,2017-01-01,15696.1,4919591.78,4748887.15,684,146736.7,0.107,19706.9,941.31,147748.47,109580.19,38168.28,25.83,6346.28,16.802,0,1,0,,,1,Electrical,Minor,1.32,0,0,0,Completed
MINE-026,Maharashtra Copper Mine 26,Western,Maharashtra,Underground,Copper Ore,2018,1,2018-01-01,19888.13,3439638.4,3037458.51,496,103615.7,0.1919,34138.52,7202.62,1432465.14,1138939.87,293525.27,20.49,7545.15,17.74,0,3,0,,,0,,,0.89,0,0,0,Completed
MINE-003,Odisha Coal Mine 3,Eastern,Odisha,Underground,Coal,2016,7,2016-07-01,67399.16,24608205.58,24125735.65,1051,224932.1,0.2996,118109.34,2455.71,1655127.3,1056113.44,599013.86,36.19,26721.2,52.745,0,2,0,,,1,Fire,Minor,0.87,0,0,0,Completed
MINE-022,West Copper Mine 22,Eastern,West Bengal,Open Cast,Copper Ore,2020,10,2020-10-01,106573.95,11657228.78,7798153.7,2356,518094.3,0.2057,89968.52,8902.23,9487463.85,5800210.13,3687253.72,38.86,22264.85,45.612,0,1,0,,,0,,,0.28,0,0,0,Completed
MINE-011,Jharkhand Coal Mine 11,Eastern,Jharkhand,Underground,Coal,2017,5,2017-05-01,29747.57,4815796.69,4398718.45,386,76025.7,0.3913,48016.4,2509.33,746464.65,590421.42,156043.23,20.9,10603.76,25.647,0,0,3,Operational,Under Review,0,,,2.95,3,2,1,In Progress
MINE-027,Gujarat Iron Mine 27,Western,Gujarat,Open Cast,Iron Ore,2017,12,2017-12-01,15610.45,6248149.8,5792703.77,723,156842.5,0.0995,14497.9,5761.17,899344.24,612747.38,286596.85,31.87,3419.21,11.966,0,1,0,,,0,,,0.88,1,0,1,In Progress
MINE-001,Jharkhand Coal Mine 1,Eastern,Jharkhand,Underground,Coal,2016,9,2016-09-01,73183.46,15973322.74,15376449.89,2287,471695.5,0.1551,80824.53,2693.51,1971201.16,1142705.34,828495.82,42.03,38575.01,45.443,0,1,1,EMERGENCY PREPAREDNESS,Open,2,Electrical,Minor,1.41,1,0,1,In Progress
MINE-017,Gujarat Iron Mine 17,Western,Gujarat,Open Cast,Iron Ore,2020,4,2020-04-01,28318.42,13268212.21,11486194.72,405,86226.0,0.3284,26579.63,5851.64,1657092.51,1211009.29,446083.22,26.92,10930.96,13.473,0,0,1,Emergency Preparedness,Closed,0,,,2.61,2,1,1,In Progress
MINE-003,Odisha Coal Mine 3,Eastern,Odisha,Underground,Coal,2024,5,2024-05-01,468688.22,24608205.58,4995846.59,2218,452571.5,1.0356,746299.29,2761.65,12943532.66,7749197.61,5194335.05,40.13,249360.76,349.859,0,0,0,,,0,,,1.81,1,0,1,In Progress
MINE-013,Odisha Coal Mine 13,Eastern,Odisha,Open Cast,Coal,2018,9,2018-09-01,43606.28,11260157.97,10194824.5,555,114732.1,0.3801,54054.23,2595.83,1131944.14,810215.31,321728.83,28.42,17627.13,29.045,0,2,0,,,2,Haulage/Transport,Minor,1.82,0,0,0,Completed
MINE-004,Chhattisgarh Coal Mine 4,Central,Chhattisgarh,Underground,Coal,2024,8,2024-08-01,4198.51,3455223.81,2587817.56,1322,260113.2,0.0161,5164.56,2338.18,98168.56,70780.48,27388.08,27.9,2090.23,7.737,0,0,0,,,2,Haulage/Transport,Minor,2.62,1,0,1,In Progress
MINE-015,Madhya Iron Mine 15,Central,Madhya Pradesh,Open Cast,Iron Ore,2024,5,2024-05-01,133921.18,14086398.07,6754334.51,1231,261035.3,0.513,114918.04,6441.07,8625959.65,5864337.28,2761622.37,32.02,23943.56,46.532,0,0,0,,,0,,,0.99,0,0,0,Completed
MINE-001,Jharkhand Coal Mine 1,Eastern,Jharkhand,Underground,Coal,2024,10,2024-10-01,271762.7,15973322.74,606993.64,3347,725528.6,0.3746,299482.47,2429.64,6602855.26,4459054.34,2143800.92,32.47,83948.99,139.707,0,0,0,,,1,Electrical,Minor,2.47,0,0,0,Completed
MINE-022,West Copper Mine 22,Eastern,West Bengal,Open Cast,Copper Ore,2022,8,2022-08-01,124395.82,11657228.78,5168012.45,2423,510548.1,0.2437,147656.7,10392.09,12927330.74,7168407.86,5758922.88,44.55,49668.42,74.947,0,1,0,,,0,,,1.62,0,0,0,Completed
MINE-002,West Iron Mine 2,Eastern,West Bengal,Open Cast,Iron Ore,2018,11,2018-11-01,80801.0,31788526.71,29015244.0,2131,454262.8,0.1779,88642.58,5396.7,4360587.09,3392105.33,968481.75,22.21,30892.27,46.759,0,0,0,,,1,Haulage/Transport,Moderate,2.15,0,0,0,Completed
MINE-002,West Iron Mine 2,Eastern,West Bengal,Open Cast,Iron Ore,2017,2,2017-02-01,80126.29,31788526.71,30629814.66,2029,405218.7,0.1977,95065.64,5474.11,4386198.18,3081822.24,1304375.94,29.74,32712.83,51.461,0,3,1,equipment,Open,0,,,1.16,1,0,1,Pending
MINE-024,Chhattisgarh Bauxite Mine 24,Central,Chhattisgarh,Underground,Bauxite,2024,8,2024-08-01,83832.82,8763956.29,3532193.42,1377,295497.8,0.2837,109945.75,1356.17,1136919.04,839808.15,297110.88,26.13,39041.28,54.078,0,2,0,,,2,Haulage/Transport,Serious,1.47,0,0,0,Completed
MINE-029,Andhra Copper Mine 29,Southern,Andhra Pradesh,Open Cast,Copper Ore,2024,1,2024-01-01,42729.8,11305197.36,7659994.61,269,50491.8,0.8463,44310.76,8048.34,3439040.95,2724301.91,714739.04,20.78,12695.79,26.402,0,0,0,,,0,,,0.98,0,0,0,Completed
MINE-012,West Iron Mine 12,Eastern,West Bengal,Open Cast,Iron Ore,2016,2,2016-02-01,59815.71,17808314.68,17692157.3,899,170245.1,0.3514,69820.77,5095.18,3047719.69,1740224.17,1307495.52,42.9,11327.67,33.44,0,1,0,,,1,Machinery,Moderate,2.34,0,0,0,Completed
MINE-016,Maharashtra Iron Mine 16,Western,Maharashtra,Underground,Iron Ore,2022,12,2022-12-01,12259.02,3852023.09,2704064.3,436,83771.8,0.1463,20799.19,7536.72,923928.68,568477.79,355450.89,38.47,3735.58,11.558,0,0,0,,,0,,,1.39,0,0,0,Completed
MINE-027,Gujarat Iron Mine 27,Western,Gujarat,Open Cast,Iron Ore,2018,2,2018-02-01,15543.58,6248149.8,5762134.54,763,155355.2,0.1001,17923.19,5743.7,892776.37,569312.22,323464.15,36.23,2507.01,6.634,0,1,2,Environmental,Under Review,0,,,2.64,2,1,1,In Progress
MINE-016,Maharashtra Iron Mine 16,Western,Maharashtra,Underground,Iron Ore,2018,8,2018-08-01,12010.89,3852023.09,3372284.85,455,88678.9,0.1354,16201.09,6114.89,734452.59,471920.4,262532.19,35.75,5926.3,12.958,0,2,0,,,0,,,0.37,0,0,0,Completed
MINE-002,West Iron Mine 2,Eastern,West Bengal,Open Cast,Iron Ore,2016,8,2016-08-01,74857.3,31788526.71,31129095.5,2080,443385.3,0.1688,70261.0,5217.47,3905656.55,3280201.63,625454.92,16.01,23185.15,37.809,0,1,0,,,0,,,0.58,1,0,1,In Progress
MINE-030,Uttar Iron Mine 30,Northern,Uttar Pradesh,Mixed,Iron Ore,2017,10,2017-10-01,29424.62,9769224.08,9154139.8,776,145317.3,0.2025,30567.22,5183.03,1525087.22,994553.25,530533.97,34.79,5650.0,19.409,0,2,1,Environmental,Open,0,,,0.79,1,0,1,Completed
MINE-030,Uttar Iron Mine 30,Northern,Uttar Pradesh,Mixed,Iron Ore,2023,10,2023-10-01,21584.81,9769224.08,7273757.57,726,145425.2,0.1484,26246.23,4860.97,1049231.85,812361.84,236870.01,22.58,10053.73,15.828,0,0,0,,,1,Haulage/Transport,Minor,2.73,0,0,0,Completed
MINE-022,West Copper Mine 22,Eastern,West Bengal,Open Cast,Copper Ore,2022,3,2022-03-01,126448.26,11657228.78,5826192.57,2443,451117.6,0.2803,127231.11,9523.69,12042543.82,9194283.5,2848260.32,23.65,50481.78,,0,0,0,,,0,,,1.89,0,0,0,Completed
MINE-029,Andhra Copper Mine 29,Southern,Andhra Pradesh,Open Cast,Copper Ore,2018,2,2018-02-01,33417.81,11305197.36,10455907.74,265,49553.4,0.6744,28534.19,8640.43,2887443.72,2257493.18,629950.54,21.82,7090.06,13.727,0,1,0,,,0,,,1.98,0,0,0,Completed
MINE-030,Uttar Iron Mine 30,Northern,Uttar Pradesh,Mixed,Iron Ore,2022,11,2022-11-01,22820.74,9769224.08,7541639.81,771,159753.7,0.1428,22060.58,4551.29,1038638.42,684503.77,354134.65,34.1,4513.63,12.876,0,2,0,,,1,Fall of Roof/Rock,Moderate,1.13,0,0,0,Completed
MINE-018,Telangana Iron Mine 18,Southern,Telangana,Mixed,Iron Ore,2023,5,2023-05-01,8393.84,4638464.7,3655990.92,908,195927.5,0.0428,12003.82,4459.62,374333.25,316005.58,58327.66,15.58,4194.34,8.591,0,0,1,Environmental,Closed,0,,,0.81,1,0,1,Pending
MINE-023,Odisha Copper Mine 23,Eastern,Odisha,Open Cast,Copper Ore,2018,7,2018-07-01,57331.83,20545143.55,18813455.46,1565,300566.0,0.1907,49509.61,7862.97,4507985.75,2554462.17,1953523.58,43.33,20627.6,30.532,0,1,0,,,0,,,1.83,0,0,0,Completed
MINE-007,Gujarat Coal Mine 7,Western,Gujarat,Underground,Coal,2018,1,2018-01-01,11805.09,4595599.71,4306045.25,1520,284524.5,0.0415,18604.17,2693.77,318002.17,246826.0,71176.17,22.38,5511.95,14.329,0,0,0,,,1,Haulage/Transport,Minor,0.73,0,0,0,Completed
MINE-016,Maharashtra Iron Mine 16,Western,Maharashtra,Underground,Iron Ore,2024,12,2024-12-01,11365.0,3852023.09,2447378.52,440,86459.6,0.1314,16501.76,8048.47,914709.2,657860.54,256848.66,28.08,2839.71,14.032,0,1,0,,,0,,,1.09,1,0,1,In Progress
MINE-019,Andhra Coal Mine 19,Southern,Andhra Pradesh,Open Cast,Coal,2017,6,2017-06-01,23308.91,6903354.37,6487690.45,128,23545.3,0.99,27406.87,2586.11,602794.05,333466.91,269327.13,44.68,5867.01,16.97,0,0,0,,,0,,,1.1,0,0,0,Completed
MINE-025,Madhya Limestone Mine 25,Central,Madhya Pradesh,Open Cast,Limestone,2020,9,2020-09-01,8445.71,5333812.33,4677526.89,1114,211671.9,0.0399,10628.36,806.73,68134.24,63343.22,4791.03,7.03,2793.13,9.281,0,2,0,,,1,Fire,Moderate,2.43,0,0,0,Completed
MINE-006,Maharashtra Limestone Mine 6,Western,Maharashtra,Open Cast,Limestone,2020,4,2020-04-01,26164.5,4919591.78,4006072.02,808,168069.7,0.1557,23299.1,1218.75,318880.49,223383.66,95496.84,29.95,4852.15,16.107,0,3,1,Environmental,Closed,1,Electrical,Serious,1.42,1,0,1,Pending
MINE-017,Gujarat Iron Mine 17,Western,Gujarat,Open Cast,Iron Ore,2019,6,2019-06-01,36235.01,13268212.21,11801362.42,427,80687.6,0.4491,38694.17,5558.43,2014099.6,1325258.45,688841.15,34.2,13143.66,19.622,0,1,2,Equipment,Closed,0,,,1.19,2,1,1,Overdue
MINE-018,Telangana Iron Mine 18,Southern,Telangana,Mixed,Iron Ore,2017,12,2017-12-01,13768.21,4638464.7,4324852.47,951,206982.5,0.0665,18928.0,4534.98,624385.28,360245.37,264139.9,42.3,5215.43,13.556,0,1,0,,,0,,,1.35,1,0,1,Pending
MINE-009,Andhra Iron Mine 9,Southern,Andhra Pradesh,Underground,Iron Ore,2018,1,2018-01-01,37100.13,7961285.52,7108803.62,1112,232642.7,0.1595,63252.74,5583.37,2071436.37,1609801.17,461635.2,22.29,21039.02,33.386,0,2,0,,,1,Fall of Roof/Rock,Serious,1.76,0,0,0,Completed
MINE-027,Gujarat Iron Mine 27,Western,Gujarat,Open Cast,Iron Ore,2020,2,2020-02-01,10373.28,6248149.8,5447775.8,668,136996.8,0.0757,12799.02,6322.4,655839.85,454174.2,201665.65,30.75,3157.35,12.712,0,0,0,,,0,,,1.94,0,0,0,Completed
MINE-016,Maharashtra Iron Mine 16,Western,Maharashtra,Underground,Iron Ore,2018,7,2018-07-01,14176.04,3852023.09,3384295.74,459,85684.0,0.1654,19599.76,5945.87,842889.44,694095.76,148793.69,17.65,3499.49,9.412,0,2,0,,,0,,,0.85,0,0,0,Completed
MINE-027,Gujarat Iron Mine 27,Western,Gujarat,Open Cast,Iron Ore,2024,5,2024-05-01,5587.7,6248149.8,5059868.74,693,136994.0,0.0408,5459.79,5935.13,331636.84,252113.41,79523.43,23.98,1275.27,2.637,0,1,0,,,0,,,0.67,0,0,0,Completed
MINE-002,West Iron Mine 2,Eastern,West Bengal,Open Cast,Iron Ore,2024,10,2024-10-01,56014.06,31788526.71,24477569.08,1946,414088.4,0.1353,44896.98,5967.06,3342393.16,2801914.24,540478.92,16.17,22746.77,28.018,0,3,0,,,0,,,0.15,0,0,0,Completed
MINE-008,Telangana Iron Mine 8,Southern,Telangana,Open Cast,Iron Ore,2017,11,2017-11-01,12616.33,4242653.83,3958008.94,683,143453.6,0.0879,10515.62,5863.25,739726.87,554240.17,185486.7,25.08,2588.82,10.803,0,3,2,Safety,Under Review,1,Machinery,Moderate,2.01,2,0,2,In Progress
MINE-022,West Copper Mine 22,Eastern,West Bengal,Open Cast,Copper Ore,2022,11,2022-11-01,141404.31,11657228.78,4745102.44,2532,534318.8,0.2646,126841.16,10402.15,14709087.19,10682459.38,4026627.81,27.38,48591.87,69.12,0,0,0,,,0,,,1.68,1,0,1,Overdue
MINE-014,Chhattisgarh Bauxite Mine 14,Central,Chhattisgarh,Underground,Bauxite,2019,9,2019-09-01,8279.56,3172486.06,2687152.04,753,141846.0,0.0584,12478.36,2782.18,230351.78,175960.91,54390.86,23.61,3393.01,7.604,0,1,0,,,1,Fall of Roof/Rock,Minor,1.45,0,0,0,Completed
MINE-019,Andhra Coal Mine 19,Southern,Andhra Pradesh,Open Cast,Coal,2021,6,2021-06-01,32202.01,6903354.37,5126531.35,130,27608.2,1.1664,36066.09,2546.71,820092.3,646614.52,173477.78,21.15,5648.76,18.924,0,2,0,,,2,Machinery,Minor,2.93,0,0,0,Completed
MINE-008,Telangana Iron Mine 8,Southern,Telangana,Open Cast,Iron Ore,2019,9,2019-09-01,14449.7,4242653.83,3654143.41,694,128149.8,0.1128,18136.99,7377.54,1066033.02,692802.59,373230.42,35.01,4899.64,8.695,0,2,0,,,1,Gas/Explosion,Moderate,1.91,0,0,0,Completed
MINE-026,Maharashtra Copper Mine 26,Western,Maharashtra,Underground,Copper Ore,2016,5,2016-05-01,15600.21,3439638.4,3361215.7,483,102983.0,0.1515,17352.69,7585.46,1183348.06,885153.14,298194.91,25.2,3595.82,9.192,0,1,1,Emergency Preparedness,Under Review,1,Gas/Explosion,Fatal,1.32,1,0,1,Overdue
MINE-017,Gujarat Iron Mine 17,Western,Gujarat,Open Cast,Iron Ore,2017,4,2017-04-01,34047.07,13268212.21,12681465.34,451,92599.0,0.3677,31883.2,5135.08,1748344.45,1080525.28,667819.17,38.2,6100.5,15.144,0,1,2,Equipment,Closed,0,,,2.58,2,1,1,Pending
MINE-019,Andhra Coal Mine 19,Southern,Andhra Pradesh,Open Cast,Coal,2020,4,2020-04-01,28629.66,6903354.37,5582187.01,132,24191.3,1.1835,23899.34,2409.5,689832.87,548963.28,140869.59,20.42,9518.05,12.054,0,1,0,,,1,Electrical,Minor,1.87,0,0,0,Completed
MINE-024,Chhattisgarh Bauxite Mine 24,Central,Chhattisgarh,Underground,Bauxite,2016,10,2016-10-01,27678.07,8763956.29,8525360.75,1014,183905.8,0.1505,38650.25,2176.3,602357.87,421561.85,180796.02,30.01,6201.97,15.182,0,2,0,,,0,,,0.47,0,0,0,Completed
MINE-027,Gujarat Iron Mine 27,Western,Gujarat,Open Cast,Iron Ore,2023,10,2023-10-01,5607.66,6248149.8,5098061.56,656,136105.6,0.0412,6603.92,6119.83,343179.2,287121.93,56057.27,16.33,1409.8,5.697,0,1,0,,,1,Haulage/Transport,Moderate,0.86,0,0,0,Completed
MINE-015,Madhya Iron Mine 15,Central,Madhya Pradesh,Open Cast,Iron Ore,2016,7,2016-07-01,39484.91,14086398.07,13821164.3,858,174748.2,0.226,49801.24,5313.53,2098042.04,1369940.35,728101.69,34.7,16332.35,26.608,0,1,0,,,3,Gas/Explosion,Serious,3.24,2,1,1,Completed
MINE-020,Uttar Iron Mine 20,Northern,Uttar Pradesh,Open Cast,Iron Ore,2023,9,2023-09-01,23515.1,4723977.98,2961460.25,458,93151.7,0.2524,26810.41,5196.46,1221953.43,724955.95,496997.48,40.67,5626.36,14.03,0,2,0,,,2,Electrical,Serious,0.83,0,0,0,Completed
MINE-028,Telangana Coal Mine 28,Southern,Telangana,open cast,Coal,2019,3,2019-03-01,22024.25,10510635.28,9450266.88,1027,196880.4,0.1119,19498.09,2538.61,559109.59,353531.81,205577.78,36.77,9552.36,12.072,0,0,0,,,0,,,2.2,0,0,0,Completed
MINE-013,Odisha Coal Mine 13,Eastern,Odisha,Open Cast,Coal,2019,12,2019-12-01,47289.85,11260157.97,9573702.76,635,120582.5,0.3922,59842.44,2781.37,1315305.76,780412.04,534893.73,40.67,11301.11,27.784,0,0,2,Environmental,Closed,2,Electrical,Minor,1.58,2,1,1,In Progress
MINE-003,Odisha Coal Mine 3,Eastern,Odisha,Underground,Coal,2020,10,2020-10-01,199397.37,24608205.58,17833839.06,1496,275332.4,0.7242,287650.91,2804.12,5591346.53,3637061.59,1954284.94,34.95,119608.58,147.508,0,0,0,,,1,Gas/Explosion,Minor,2.08,0,0,0,Completed
MINE-001,Jharkhand Coal Mine 1,Eastern,Jharkhand,Underground,Coal,2021,12,2021-12-01,194757.57,15973322.74,8089083.22,2851,539142.5,0.3612,216981.71,2754.1,5363812.8,3477333.31,1886479.49,35.17,99382.18,115.812,0,3,1,Emergency Preparedness,Under Review,2,Electrical,Minor,1.7,1,0,1,In Progress
MINE-007,Gujarat Coal Mine 7,Western,Gujarat,Underground,Coal,2022,1,2022-01-01,11296.63,4595599.71,3749051.6,1609,337207.2,0.0335,19422.14,3217.65,363486.27,290413.4,73072.88,20.1,5497.9,9.392,0,1,1,Documentation,Under Review,1,Electrical,Minor,2.09,1,0,1,Overdue
MINE-011,Jharkhand Coal Mine 11,Eastern,Jharkhand,Underground,Coal,2016,8,2016-08-01,22080.59,4815796.69,4638141.22,381,69940.1,0.3157,26048.55,2514.02,555110.71,349817.67,205293.03,36.98,11192.13,17.701,0,2,1,Documentation,Under Review,0,,,2.33,1,0,1,Completed
MINE-004,Chhattisgarh Coal Mine 4,Central,Chhattisgarh,Underground,Coal,2021,11,2021-11-01,6654.15,3455223.81,2776296.64,1363,249156.6,0.0267,7952.94,2459.93,163687.2,117990.54,45696.66,27.92,1964.19,5.087,0,1,0,,,1,Fire,Minor,2.73,0,0,0,Completed
MINE-006,Maharashtra Limestone Mine 6,Western,Maharashtra,Open Cast,Limestone,2019,8,2019-08-01,19980.93,4919591.78,4191770.9,679,148625.2,0.1344,23740.91,1124.39,224663.41,137583.84,87079.57,38.76,5531.29,11.781,0,3,0,,,0,,,1.78,0,0,0,Completed
MINE-018,Telangana Iron Mine 18,Southern,Telangana,Mixed,Iron Ore,2016,4,2016-04-01,13020.71,4638464.7,4585297.47,991,187676.9,0.0694,12545.43,5049.9,657532.59,490664.42,166868.16,25.38,3935.99,6.096,0,2,0,,,1,Fall of Roof/Rock,Minor,1.97,0,0,0,Completed
MINE-024,Chhattisgarh Bauxite Mine 24,Central,Chhattisgarh,Underground,Bauxite,2019,3,2019-03-01,36574.99,8763956.29,7605802.48,1063,221029.8,0.1655,59942.44,1669.74,610706.84,479043.39,131663.45,21.56,16612.15,31.876,0,3,1,Documentation,Open,0,,,2.02,1,0,1,Completed
MINE-026,Maharashtra Copper Mine 26,Western,Maharashtra,Underground,Copper Ore,2020,11,2020-11-01,21743.42,3439638.4,2402195.64,502,101552.6,0.2141,37933.85,7100.61,1543914.73,1296689.95,247224.78,16.01,7435.53,16.382,0,0,1,Emergency Preparedness,Closed,1,Machinery,Serious,3.05,1,0,1,Pending
MINE-005,Madhya Coal Mine 5,Central,Madhya Pradesh,Open Cast,Coal,2021,9,2021-09-01,12025.12,6162270.35,4976486.48,1062,233488.6,0.0515,10910.22,2543.46,305853.68,262857.16,42996.52,14.06,4975.8,10.965,0,3,3,Equipment,Under Review,1,Fire,Minor,2.86,3,1,2,In Progress
MINE-022,West Copper Mine 22,Eastern,West Bengal,Open Cast,Copper Ore,2022,9,2022-09-01,141821.57,11657228.78,5026190.88,2631,525201.0,0.27,131992.05,10446.25,14815032.28,10177129.79,4637902.49,31.31,38505.13,61.908,0,1,0,,,0,,,0.74,0,0,0,Completed
MINE-026,Maharashtra Copper Mine 26,Western,Maharashtra,Underground,Copper Ore,2020,6,2020-06-01,19711.04,3439638.4,2498648.44,494,89927.1,0.2192,25075.01,7343.82,1447543.49,1036490.04,411053.45,28.4,8200.31,19.283,0,1,0,,,0,,,2.29,0,0,0,Completed
MINE-013,Odisha Coal Mine 13,Eastern,Odisha,Open Cast,Coal,2017,6,2017-06-01,34318.4,11260157.97,10731723.82,569,105724.6,0.3246,28100.91,2488.67,854073.1,522982.11,331090.99,38.77,5299.82,13.516,0,4,0,,,0,,,0.24,1,0,1,In Progress
MINE-028,Telangana Coal Mine 28,Southern,Telangana,Open Cast,Coal,2021,10,2021-10-01,13110.39,10510635.28,8916962.74,932,202649.7,0.0647,16282.01,2239.1,293554.08,180235.23,113318.84,38.6,3426.08,12.545,0,1,0,,,0,,,2.04,1,0,1,Completed
MINE-017,Gujarat Iron Mine 17,Western,Gujarat,Open Cast,Iron Ore,2019,7,2019-07-01,31122.85,13268212.21,11770239.58,445,85570.4,0.3637,31413.43,5699.79,1773938.15,1213273.25,560664.9,31.61,4917.34,14.29,0,0,1,Equipment,Closed,0,,,1.02,2,1,1,In Progress
MINE-012,West Iron Mine 12,Eastern,West Bengal,Open Cast,Iron Ore,2021,12,2021-12-01,149039.02,17808314.68,11437361.41,1130,221306.7,0.6735,136392.35,5816.96,8669545.1,6170671.22,2498873.87,28.82,44138.94,69.554,0,5,0,,,2,Electrical,Moderate,2.57,0,0,0,Completed
MINE-018,Telangana Iron Mine 18,Southern,Telangana,Mixed,Iron Ore,2024,5,2024-05-01,8575.56,4638464.7,3553839.3,947,192591.8,0.0445,11940.69,4300.8,368817.53,248463.75,120353.78,32.63,2127.81,11.814,0,3,0,,,0,,,1.0,0,0,0,Completed
MINE-020,Uttar Iron Mine 20,Northern,Uttar Pradesh,Open Cast,Iron Ore,2017,6,2017-06-01,18295.46,4723977.98,4415159.68,443,89046.3,0.2055,17740.33,5207.8,952791.64,574921.21,377870.43,39.66,4882.8,11.5,0,3,1,Emergency Preparedness,Closed,1,Gas/Explosion,Minor,1.87,1,0,1,Completed
MINE-002,West Iron Mine 2,Eastern,West Bengal,Open Cast,Iron Ore,2024,2,2024-02-01,55865.92,31788526.71,24925190.95,1948,370032.7,0.151,45234.81,5784.15,3231369.74,2319179.6,912190.13,28.23,24503.03,31.477,0,2,0,,,0,,,2.46,0,0,0,Completed
MINE-007,Gujarat Coal Mine 7,Western,Gujarat,Underground,Coal,2023,2,2023-02-01,12548.36,4595599.71,3600023.67,1609,346374.8,0.0362,16199.82,3184.57,399611.06,285908.87,113702.2,28.45,4311.93,7.026,0,0,0,,,0,,,1.5,1,0,1,Overdue
MINE-017,Gujarat Iron Mine 17,Western,Gujarat,Open Cast,Iron Ore,2024,12,2024-12-01,26132.58,13268212.21,9900281.99,429,86479.1,0.3022,22119.45,5109.15,1335152.4,772707.0,562445.4,42.13,5919.7,16.976,0,1,1,Safety,Closed,0,,,1.1,1,0,1,Pending
MINE-005,Madhya Coal Mine 5,Central,Madhya Pradesh,Open Cast,Coal,2023,11,2023-11-01,10275.75,6162270.35,4703498.08,1014,200108.9,0.0514,13163.99,2524.45,259406.4,162918.49,96487.9,37.2,3685.76,6.315,0,2,0,,,1,Fall of Roof/Rock,Serious,2.71,0,0,0,Completed
MINE-016,Maharashtra Iron Mine 16,Western,Maharashtra,underground,Iron Ore,2019,4,2019-04-01,14340.26,3852023.09,3259544.98,447,97079.2,0.1477,21611.63,6339.14,909049.44,776350.84,132698.6,14.6,3686.07,14.723,0,1,0,,,0,,,0.42,0,0,0,Completed
MINE-009,Andhra Iron Mine 9,Southern,Andhra Pradesh,Underground,Iron Ore,2018,11,2018-11-01,36445.61,7961285.52,6769011.6,1137,245030.2,0.1487,39424.71,5540.64,2019321.85,1182921.35,836400.49,41.42,20362.99,26.942,0,1,0,,,0,,,0.33,0,0,0,Completed
MINE-004,Chhattisgarh Coal Mine 4,Central,Chhattisgarh,Underground,Coal,2020,6,2020-06-01,8134.35,3455223.81,2897112.71,1291,274269.6,0.0297,12168.44,2623.42,213397.83,153215.8,60182.02,28.2,2979.62,9.94,0,6,0,,,0,,,2.24,0,0,0,Completed
MINE-015,Madhya Iron Mine 15,Central,Madhya Pradesh,Open Cast,Iron Ore,2019,12,2019-12-01,73231.25,14086398.07,11695496.69,939,174102.2,0.4206,65970.88,6580.96,4819320.28,3244910.85,1574409.42,32.67,32166.79,37.97,0,1,0,,,3,Slip/Fall,Serious,3.3,0,0,0,Completed
MINE-021,Jharkhand Limestone Mine 21,Eastern,Jharkhand,Open Cast,Limestone,2023,3,2023-03-01,3009.75,1715441.24,1357217.1,312,67909.5,0.0443,3446.0,741.94,22330.48,20990.17,1340.31,6.0,783.61,3.081,0,1,1,Emergency Preparedness,Open,0,,,1.27,2,1,1,Pending
MINE-028,Telangana Coal Mine 28,Southern,Telangana,Open Cast,Coal,2016,6,2016-06-01,31302.67,10510635.28,10311710.06,1004,189508.0,0.1652,33611.87,2391.83,748707.77,572194.64,176513.13,23.58,8232.88,19.818,0,3,1,Environmental,Under Review,1,Machinery,Minor,1.37,1,0,1,Pending
MINE-017,Gujarat Iron Mine 17,Western,Gujarat,Open Cast,Iron Ore,2017,1,2017-01-01,36070.6,13268212.21,12783814.59,468,99390.3,0.3629,36230.78,4719.4,1702317.2,1167691.89,534625.31,31.41,7050.27,16.795,0,1,0,,,0,,,0.99,1,0,1,In Progress
MINE-004,Chhattisgarh Coal Mine 4,Central,Chhattisgarh,Underground,Coal,2021,3,2021-03-01,7456.31,3455223.81,2830353.9,1337,277243.1,0.0269,10204.97,2596.33,193590.2,169795.4,23794.8,12.29,3643.94,10.99,0,1,0,,,2,Fall of Roof/Rock,Moderate,2.15,0,0,0,Completed
MINE-002,West Iron Mine 2,Eastern,West Bengal,Open Cast,Iron Ore,2023,7,2023-07-01,58445.28,31788526.71,25329961.59,2037,397528.1,0.147,70764.24,5678.6,3318873.19,2593837.08,725036.1,21.85,24979.22,37.563,0,1,0,,,0,,,1.79,1,0,1,Pending
MINE-010,Uttar Coal Mine 10,Northern,Uttar Pradesh,Mixed,Coal,2022,7,2022-07-01,55768.65,3804225.22,1584391.48,1008,193445.2,0.2883,79462.59,3248.44,1811610.05,1490893.27,320716.77,17.7,19331.14,40.405,0,2,1,Equipment,Closed,1,Fire,Minor,1.23,2,1,1,Pending
MINE-006,Maharashtra Limestone Mine 6,Western,Maharashtra,Open Cast,Limestone,2020,3,2020-03-01,24399.4,4919591.78,4032236.53,788,161196.1,0.1514,20182.62,1191.16,290636.13,201437.17,89198.96,30.69,10026.37,13.545,0,3,0,,,0,,,0.77,0,0,0,Completed
MINE-005,Madhya Coal Mine 5,Central,Madhya Pradesh,Open Cast,Coal,2023,4,2023-04-01,10542.21,6162270.35,4769945.83,1050,212848.2,0.0495,11842.5,2478.23,261260.3,159253.37,102006.93,39.04,4428.53,12.207,0,1,0,,,1,Fall of Roof/Rock,Moderate,2.08,0,0,0,Completed
MINE-021,Jharkhand Limestone Mine 21,Eastern,Jharkhand,Open Cast,Limestone,2020,2,2020-02-01,3832.56,1715441.24,1493890.32,317,57193.2,0.067,4844.23,745.64,28577.0,28219.48,357.51,1.25,1430.21,9.511,0,1,0,,,1,Machinery,Serious,0.84,0,0,0,Completed
MINE-021,Jharkhand Limestone Mine 21,Eastern,Jharkhand,Open Cast,Limestone,2021,10,2021-10-01,4075.34,1715441.24,1417202.36,329,64802.4,0.0629,4064.78,718.63,29286.51,25108.01,4178.51,14.27,825.18,9.61,0,1,0,,,0,,,0.73,0,0,0,Completed
MINE-004,Chhattisgarh Coal Mine 4,Central,Chhattisgarh,Underground,Coal,2024,10,2024-10-01,4844.72,3455223.81,2577984.86,1338,243912.0,0.0199,6276.78,2394.95,116028.57,94139.25,21889.32,18.87,1467.16,6.299,0,1,2,Documentation,Open,0,,,1.07,2,1,1,Pending
MINE-011,Jharkhand Coal Mine 11,Eastern,Jharkhand,Underground,Coal,2016,4,2016-04-01,23403.76,4815796.69,4730195.34,373,72309.9,0.3237,33804.72,2413.51,564851.58,389809.38,175042.2,30.99,14009.45,21.432,0,2,1,Environmental,Open,1,Slip/Fall,Minor,1.19,1,0,1,Overdue
MINE-015,Madhya Iron Mine 15,Central,Madhya Pradesh,Open Cast,Iron Ore,2023,7,2023-07-01,106701.47,14086398.07,7962735.23,1105,235030.5,0.454,122374.94,6182.68,6597011.61,3778901.43,2818110.18,42.72,27889.81,56.797,0,3,0,,,0,,,0.15,0,0,0,Completed
MINE-002,West Iron Mine 2,Eastern,West Bengal,Open Cast,Iron Ore,2024,4,2024-04-01,53037.7,31788526.71,24814099.05,2050,385814.1,0.1375,63810.49,5455.78,2893618.21,2151973.29,741644.92,25.63,19906.34,30.617,0,0,0,,,0,,,1.75,0,0,0,Completed
MINE-005,Madhya Coal Mine 5,Central,Madhya Pradesh,Open Cast,Coal,2020,12,2020-12-01,14911.58,6162270.35,5090588.16,1123,231748.3,0.0643,16496.84,2513.24,374763.87,272559.22,102204.65,27.27,4476.18,7.667,0,1,0,,,0,,,1.97,0,0,0,Completed
MINE-015,Madhya Iron Mine 15,Central,Madhya Pradesh,Open Cast,Iron Ore,2024,6,2024-06-01,138766.6,14086398.07,6615567.91,1294,253226.3,0.548,179669.92,6333.02,8788122.03,4993334.98,3794787.05,43.18,31889.36,71.316,0,3,0,,,0,,,1.9,0,0,0,Completed
MINE-021,Jharkhand Limestone Mine 21,Eastern,Jharkhand,Open Cast,Limestone,2024,11,2024-11-01,3354.73,1715441.24,1290741.91,341,74150.3,0.0452,3903.76,613.64,20586.02,16272.98,4313.04,20.95,691.07,1.689,0,1,0,,,1,Electrical,Moderate,1.82,1,0,1,Overdue
MINE-023,Odisha Copper Mine 23,Eastern,Odisha,Open Cast,Copper Ore,2021,6,2021-06-01,91905.59,20545143.55,16257647.52,1756,344129.7,0.2671,116401.78,5579.31,5127698.3,3861527.81,1266170.5,24.69,36949.65,57.167,0,0,0,,,0,,,1.13,0,0,0,Completed
MINE-008,Telangana Iron Mine 8,Southern,Telangana,Open Cast,Iron Ore,2019,1,2019-01-01,14178.41,4242653.83,3767305.44,709,150381.0,0.0943,12868.74,6912.47,980078.94,652700.63,327378.31,33.4,5112.9,12.007,0,1,0,,,1,Gas/Explosion,Minor,0.54,1,0,1,Overdue
MINE-026,Maharashtra Copper Mine 26,Western,Maharashtra,Underground,Copper Ore,2017,7,2017-07-01,15315.57,3439638.4,3140418.31,497,92771.7,0.1651,25707.76,7532.95,1153714.34,864545.73,289168.61,25.06,4454.36,11.778,0,2,0,,,0,,,1.1,0,0,0,Completed
MINE-011,Jharkhand Coal Mine 11,Eastern,Jharkhand,Underground,Coal,2024,11,2024-11-01,169522.98,4815796.69,0.0,830,165123.4,1.0266,263911.95,2616.05,4434804.46,3047191.46,1387613.0,31.29,48355.29,109.319,0,1,2,Emergency Preparedness,Open,0,,,0.86,3,1,2,Completed
MINE-011,Jharkhand Coal Mine 11,Eastern,Jharkhand,Underground,Coal,2024,10,2024-10-01,161237.07,4815796.69,0.0,813,150206.4,1.0734,184802.98,2606.44,4202547.22,3335613.63,866933.59,20.63,77531.44,101.562,0,0,0,,,2,Slip/Fall,Minor,1.2,0,0,0,Completed
MINE-018,Telangana Iron Mine 18,Southern,Telangana,Mixed,Iron Ore,2022,11,2022-11-01,8218.4,4638464.7,3708156.06,912,174650.3,0.0471,8878.86,4655.77,382629.99,322667.73,59962.26,15.67,2323.94,7.57,0,2,0,,,1,Fall of Roof/Rock,Minor,2.23,0,0,0,Completed
MINE-020,Uttar Iron Mine 20,Northern,Uttar Pradesh,Open Cast,Iron Ore,2020,7,2020-07-01,18714.66,4723977.98,3740109.07,428,88747.1,0.2109,20014.14,5310.46,993834.69,763730.57,230104.11,23.15,5142.6,15.194,0,2,1,Environmental,Open,2,Gas/Explosion,Minor,1.68,2,1,1,In Progress
MINE-016,Maharashtra Iron Mine 16,Western,Maharashtra,Underground,Iron Ore,2016,5,2016-05-01,16393.19,3852023.09,3775221.42,469,100733.9,0.1627,27072.6,5616.51,920725.03,545968.52,374756.51,40.7,4523.24,13.371,0,2,0,,,2,Electrical,Minor,2.45,0,0,0,Completed
MINE-023,Odisha Copper Mine 23,Eastern,Odisha,Open Cast,Copper Ore,2021,1,2021-01-01,81947.78,20545143.55,16650372.59,1740,359992.1,0.2276,94116.41,5718.2,4685937.64,2898460.15,1787477.49,38.15,25905.99,42.295,0,0,0,,,0,,,0.04,0,0,0,Completed
MINE-019,Andhra Coal Mine 19,Southern,Andhra Pradesh,Open Cast,Coal,2023,10,2023-10-01,42335.32,6903354.37,4121400.47,147,27504.7,1.5392,51948.95,2349.51,994672.24,622647.81,372024.42,37.4,14503.52,26.289,0,1,0,,,1,Fire,Moderate,2.63,0,0,0,Completed
MINE-014,Chhattisgarh Bauxite Mine 14,Central,Chhattisgarh,Underground,Bauxite,2016,7,2016-07-01,10882.65,3172486.06,3085229.11,831,169080.2,0.0644,18228.31,2023.05,220161.85,148009.57,72152.28,32.77,5131.37,15.195,0,1,1,Emergency Preparedness,Open,0,,,2.28,1,0,1,Overdue
MINE-014,Chhattisgarh Bauxite Mine 14,Central,Chhattisgarh,Underground,Bauxite,2022,1,2022-01-01,7669.78,3172486.06,2456703.66,750,152530.2,0.0503,8995.63,2720.43,208651.4,161725.83,46925.57,22.49,3800.27,8.513,0,1,0,,,0,,,0.77,1,0,1,Pending
MINE-001,Jharkhand Coal Mine 1,Eastern,Jharkhand,Underground,Coal,2022,12,2022-12-01,221702.99,15973322.74,5809683.82,3166,572631.1,0.3872,366460.56,2598.91,5761866.7,4252696.17,1509170.53,26.19,84658.37,152.842,0,2,0,,,2,Slip/Fall,Moderate,2.61,0,0,0,Completed
MINE-024,Chhattisgarh Bauxite Mine 24,Central,Chhattisgarh,Underground,Bauxite,2024,6,2024-06-01,98659.71,8763956.29,3700341.42,1530,327716.5,0.3011,122877.69,1314.58,1296956.64,772224.13,524732.51,40.46,32860.59,55.118,0,2,0,,,0,,,2.05,1,0,1,In Progress
MINE-023,Odisha Copper Mine 23,Eastern,Odisha,Open Cast,Copper Ore,2020,7,2020-07-01,70171.88,20545143.55,17122962.24,1623,304938.3,0.2301,84027.18,6673.45,4682882.66,3408034.85,1274847.81,27.22,29595.13,42.473,0,2,0,,,1,Fire,Minor,1.69,0,0,0,Completed
MINE-001,Jharkhand Coal Mine 1,Eastern,Jharkhand,Underground,Coal,2017,9,2017-09-01,80906.68,15973322.74,14423846.75,2342,504612.7,0.1603,97624.08,2689.98,2176376.91,1450756.84,725620.06,33.34,42840.88,58.698,0,1,0,,,2,Electrical,Minor,1.78,1,0,1,Completed
MINE-016,Maharashtra Iron Mine 16,Western,Maharashtra,Underground,Iron Ore,2019,7,2019-07-01,13945.94,3852023.09,3217576.18,469,85301.4,0.1635,17602.44,6412.61,894299.23,630766.58,263532.65,29.47,6120.53,9.518,0,1,0,,,0,,,1.99,0,0,0,Completed
MINE-018,Telangana Iron Mine 18,Southern,Telangana,Mixed,Iron Ore,2016,7,2016-07-01,12295.56,4638464.7,4544591.33,961,193527.8,0.0635,12786.84,5135.34,631418.17,453241.09,178177.08,28.22,5047.15,9.954,0,1,0,,,1,Machinery,Minor,1.42,0,0,0,Completed
MINE-018,Telangana Iron Mine 18,Southern,Telangana,Mixed,Iron Ore,2019,11,2019-11-01,11790.97,4638464.7,4059940.23,965,190021.8,0.0621,12780.21,4058.36,478520.67,355094.73,123425.95,25.79,3055.7,12.6,0,2,1,Operational,Open,1,Fall of Roof/Rock,Moderate,2.87,1,0,1,In Progress
MINE-014,Chhattisgarh Bauxite Mine 14,Central,Chhattisgarh,Underground,Bauxite,2016,2,2016-02-01,12855.46,3172486.06,3146396.14,820,164896.5,0.078,17169.43,1936.51,248946.69,204430.45,44516.24,17.88,4652.55,10.801,0,1,0,,,0,,,1.67,0,0,0,Completed
MINE-021,Jharkhand Limestone Mine 21,Eastern,Jharkhand,Open Cast,Limestone,2017,8,2017-08-01,4267.75,1715441.24,1620446.59,336,68863.5,0.062,4395.62,947.1,40419.76,36738.63,3681.13,9.11,772.71,8.946,0,0,0,,,1,Machinery,Moderate,1.91,1,0,1,Completed
MINE-015,Madhya Iron Mine 15,Central,Madhya Pradesh,Open Cast,Iron Ore,2020,3,2020-03-01,66748.42,14086398.07,11496117.61,975,179401.7,0.3721,85811.34,6682.73,4460614.87,3213744.72,1246870.15,27.95,10185.17,30.96,0,3,0,,,1,Gas/Explosion,Minor,2.71,0,0,0,Completed
MINE-020,Uttar Iron Mine 20,Northern,Uttar Pradesh,Open Cast,Iron Ore,2024,6,2024-06-01,26610.19,4723977.98,2752309.27,458,93442.2,0.2848,25793.32,4937.31,1313827.07,1001815.77,312011.3,23.75,6021.59,14.666,0,3,2,Documentation,Open,2,Fire,Moderate,3.67,2,1,1,Overdue
MINE-028,Telangana Coal Mine 28,Southern,Telangana,Open Cast,Coal,2017,6,2017-06-01,29023.96,10510635.28,9961554.16,975,178057.8,0.163,27557.19,2555.17,741611.22,617632.46,123978.77,16.72,11888.47,17.216,0,2,0,,,0,,,0.04,2,0,2,Completed
MINE-021,Jharkhand Limestone Mine 21,Eastern,Jharkhand,Open Cast,Limestone,2017,7,2017-07-01,4316.44,1715441.24,1624714.33,338,68817.7,0.0627,4884.35,962.07,41527.06,31306.99,10220.07,24.61,1636.1,9.127,0,1,0,,,0,,,1.68,0,0,0,Completed
MINE-010,Uttar Coal Mine 10,Northern,Uttar Pradesh,Mixed,Coal,2016,2,2016-02-01,13409.41,3804225.22,3776958.39,657,126566.8,0.1059,16758.85,2330.85,312553.67,258000.24,54553.43,17.45,3300.6,10.989,0,4,1,Safety,Open,0,,,2.02,1,0,1,Pending
MINE-029,Andhra Copper Mine 29,Southern,Andhra Pradesh,Open Cast,Copper Ore,2017,6,2017-06-01,34270.77,11305197.36,10719149.08,277,58836.1,0.5825,38313.42,8100.6,2776137.92,2016883.59,759254.33,27.35,13994.12,22.878,0,3,0,,,0,,,1.91,0,0,0,Completed
MINE-009,Andhra Iron Mine 9,Southern,Andhra Pradesh,Underground,Iron Ore,2017,8,2017-08-01,29881.62,7961285.52,7280935.65,1143,221163.9,0.1351,32842.43,5654.18,1689561.59,1418392.57,271169.02,16.05,6119.3,20.118,0,0,0,,,1,Gas/Explosion,Minor,1.97,0,0,0,Completed
MINE-011,Jharkhand Coal Mine 11,Eastern,Jharkhand,Underground,Coal,2017,7,2017-07-01,26406.39,4815796.69,4340478.32,381,80877.4,0.3265,41407.41,2540.13,670756.48,503199.05,167557.43,24.98,8913.5,19.457,0,2,0,,,1,Fall of Roof/Rock,Minor,2.0,1,0,1,Overdue
MINE-002,West Iron Mine 2,Eastern,West Bengal,Open Cast,Iron Ore,2020,1,2020-01-01,69201.12,31788526.71,28000854.09,2044,371433.6,0.1863,58105.31,5691.4,3938510.3,2274167.21,1664343.09,42.26,17411.6,27.962,0,0,2,Emergency Preparedness,Under Review,0,,,2.2,2,1,1,Overdue
MINE-024,Chhattisgarh Bauxite Mine 24,Central,Chhattisgarh,Underground,Bauxite,2016,3,2016-03-01,22902.47,8763956.29,8697604.93,928,193068.9,0.1186,33380.98,2249.82,515263.22,377641.38,137621.84,26.71,8296.29,19.798,0,2,2,Safety,Open,0,,,1.91,3,1,2,Completed
MINE-009,Andhra Iron Mine 9,Southern,Andhra Pradesh,Underground,Iron Ore,2017,11,2017-11-01,35415.79,7961285.52,7181615.68,1126,244192.5,0.145,53312.27,5509.89,1951370.62,1173977.96,777392.66,39.84,12552.97,24.103,0,1,0,,,1,Fire,Minor,1.08,0,0,0,Completed
MINE-010,Uttar Coal Mine 10,Northern,Uttar Pradesh,Mixed,Coal,2016,7,2016-07-01,14746.17,3804225.22,3706954.77,634,130692.0,0.1128,15705.45,2356.91,347554.2,261138.24,86415.96,24.86,5400.67,9.84,0,2,1,Documentation,Open,0,,,1.73,1,0,1,Pending
MINE-028,Telangana Coal Mine 28,Southern,Telangana,Open Cast,Coal,2018,4,2018-04-01,25579.62,10510635.28,9698732.82,1049,214348.1,0.1193,26276.71,2423.99,620047.38,394330.79,225716.59,36.4,9145.76,16.263,0,2,1,Environmental,Closed,2,Slip/Fall,Minor,3.19,1,0,1,Overdue
MINE-015,Madhya Iron Mine 15,Central,Madhya Pradesh,Open Cast,Iron Ore,2016,1,2016-01-01,36552.92,14086398.07,14049845.14,862,181677.4,0.2012,34719.96,5676.11,2074785.57,1681202.34,393583.23,18.97,14857.48,25.308,0,0,1,Equipment,Closed,1,Gas/Explosion,Minor,1.07,1,0,1,Pending
MINE-026,Maharashtra Copper Mine 26,Western,Maharashtra,Underground,Copper Ore,2016,3,2016-03-01,14379.68,3439638.4,3393074.61,506,104041.1,0.1382,20477.06,7607.1,1093876.3,929871.96,164004.33,14.99,4127.16,9.086,0,2,0,,,1,Gas/Explosion,Serious,2.18,0,0,0,Completed
MINE-025,Madhya Limestone Mine 25,Central,Madhya Pradesh,Open Cast,Limestone,2019,1,2019-01-01,11992.0,5333812.33,4869519.67,1105,220184.1,0.0545,14710.24,921.04,110451.11,79102.59,31348.52,28.38,3133.75,11.566,0,2,0,,,0,,,0.52,0,0,0,Completed
MINE-026,Maharashtra Copper Mine 26,Western,Maharashtra,Underground,Copper Ore,2021,5,2021-05-01,23489.98,3439638.4,2269435.55,546,111430.3,0.2108,38938.24,7160.51,1682001.54,1410941.27,271060.27,16.12,7644.22,22.912,0,1,0,,,1,Haulage/Transport,Minor,2.7,1,0,1,Pending
MINE-020,Uttar Iron Mine 20,Northern,Uttar Pradesh,OPEN CAST,Iron Ore,2021,7,2021-07-01,18492.27,4723977.98,3499214.0,433,83178.2,0.2223,19868.03,4768.21,881749.6,669885.36,211864.24,24.03,5628.94,13.592,0,2,1,Documentation,Open,0,,,1.08,1,0,1,Pending
MINE-026,Maharashtra Copper Mine 26,Western,Maharashtra,Underground,Copper Ore,2023,2,2023-02-01,25516.71,3439638.4,1775227.21,525,98011.0,0.2603,41875.79,6339.37,1617598.66,1267909.65,349689.02,21.62,8294.34,22.655,0,2,2,EQUIPMENT,Under Review,0,,,1.97,2,1,1,Pending
MINE-014,Chhattisgarh Bauxite Mine 14,Central,Chhattisgarh,Underground,Bauxite,2020,2,2020-02-01,7902.84,3172486.06,2642542.26,805,152340.4,0.0519,8940.65,2860.04,226024.46,159934.88,66089.58,29.24,2862.11,4.218,0,0,0,,,0,,,0.4,1,0,1,Overdue
MINE-014,Chhattisgarh Bauxite Mine 14,Central,Chhattisgarh,Underground,Bauxite,2024,6,2024-06-01,7154.14,3172486.06,2258144.84,764,164240.1,0.0436,8574.81,2582.3,184741.45,139726.0,45015.45,24.37,3519.53,9.5,0,1,1,operational,Open,2,Fire,Minor,2.67,1,0,1,Overdue
MINE-019,Andhra Coal Mine 19,Southern,Andhra Pradesh,Open Cast,Coal,2018,4,2018-04-01,24659.16,6903354.37,6247467.59,130,26427.9,0.9331,29676.13,2486.79,613222.4,421680.2,191542.2,31.24,5817.95,19.162,0,1,1,Environmental,Under Review,1,Haulage/Transport,Moderate,1.81,1,0,1,Completed
MINE-027,Gujarat Iron Mine 27,Western,Gujarat,Open Cast,Iron Ore,2022,8,2022-08-01,6757.66,6248149.8,5184994.85,659,134809.0,0.0501,6573.95,5473.75,369897.53,290814.75,79082.78,21.38,1179.44,9.278,0,2,0,,,1,Gas/Explosion,Minor,1.7,0,0,0,Completed
MINE-005,Madhya Coal Mine 5,Central,Madhya Pradesh,Open Cast,Coal,2018,3,2018-03-01,19198.44,6162270.35,5603050.74,1099,216125.2,0.0888,17715.67,2434.02,467294.38,401277.96,66016.41,14.13,3656.59,8.017,0,0,3,Documentation,Open,1,Fall of Roof/Rock,Moderate,1.42,5,3,2,Pending
MINE-020,Uttar Iron Mine 20,Northern,Uttar Pradesh,Open Cast,Iron Ore,2024,7,2024-07-01,22267.45,4723977.98,2730041.82,438,82537.5,0.2698,23146.72,4937.12,1099370.61,852988.81,246381.8,22.41,6455.5,12.296,0,0,1,Documentation,Closed,0,,,1.56,1,0,1,Completed
MINE-001,Jharkhand Coal Mine 1,Eastern,Jharkhand,Underground,Coal,2022,7,2022-07-01,171907.38,15973322.74,6802065.11,2931,608890.7,0.2823,263956.31,2636.69,4532657.41,2626298.3,1906359.11,42.06,63289.29,111.525,0,0,0,,,1,Slip/Fall,Moderate,1.76,0,0,0,Completed
MINE-030,Uttar Iron Mine 30,Northern,Uttar Pradesh,Mixed,Iron Ore,2019,9,2019-09-01,23268.94,9769224.08,8505264.88,770,163241.1,0.1425,30442.55,5345.64,1243872.79,725853.1,518019.7,41.65,10785.03,19.598,0,0,0,,,0,,,1.97,0,0,0,Completed
MINE-010,Uttar Coal Mine 10,Northern,Uttar Pradesh,Mixed,Coal,2023,1,2023-01-01,58807.96,3804225.22,1233450.38,1004,187425.4,0.3138,75689.12,3372.04,1983028.1,1544258.75,438769.35,22.13,16848.26,39.043,0,4,0,,,1,Haulage/Transport,Minor,0.59,0,0,0,Completed
MINE-009,Andhra Iron Mine 9,Southern,Andhra Pradesh,Underground,Iron Ore,2019,7,2019-07-01,34073.81,7961285.52,6498739.76,1099,239730.0,0.1421,47730.42,5050.39,1720861.61,1223779.92,497081.69,28.89,16202.83,26.339,0,1,0,,,1,Machinery,Moderate,1.16,0,0,0,Completed
MINE-023,Odisha Copper Mine 23,Eastern,Odisha,Open Cast,Copper Ore,2023,6,2023-06-01,108597.39,20545143.55,14059403.18,1800,393120.4,0.2762,103773.27,5615.49,6098271.59,3471379.44,2626892.15,43.08,35060.44,56.465,0,1,0,,,1,Slip/Fall,Moderate,0.61,0,0,0,Completed
MINE-023,Odisha Copper Mine 23,Eastern,Odisha,open cast,Copper Ore,2019,7,2019-07-01,66233.15,20545143.55,18002383.53,1649,349814.0,0.1893,53535.98,7298.98,4834344.24,3462418.13,1371926.11,28.38,22601.9,35.255,0,1,0,,,0,,,0.77,0,0,0,Completed
MINE-028,Telangana Coal Mine 28,Southern,Telangana,Open Cast,Coal,2017,9,2017-09-01,26384.68,10510635.28,9883991.27,1028,190732.6,0.1383,25005.94,2578.75,680394.67,539561.68,140833.0,20.7,11563.97,20.912,0,0,0,,,0,,,2.4,0,0,0,Completed
MINE-004,Chhattisgarh Coal Mine 4,Central,Chhattisgarh,Underground,Coal,2020,9,2020-09-01,6688.41,3455223.81,2875689.76,1359,246827.5,0.0271,8190.78,2652.17,177387.98,158043.12,19344.86,10.91,1740.1,7.736,0,4,0,,,1,Haulage/Transport,Minor,2.88,0,0,0,Completed
MINE-009,Andhra Iron Mine 9,Southern,Andhra Pradesh,Underground,Iron Ore,2022,12,2022-12-01,37034.41,7961285.52,5106279.84,1148,245353.1,0.1509,62644.18,4956.24,1835512.64,1433134.74,402377.9,21.92,19932.58,32.921,0,1,0,,,0,,,1.95,0,0,0,Completed
MINE-020,Uttar Iron Mine 20,Northern,Uttar Pradesh,Open Cast,Iron Ore,2022,1,2022-01-01,20931.78,4723977.98,3379714.74,404,72923.3,0.287,23482.06,4790.66,1002771.24,775929.23,226842.01,22.62,6037.45,17.85,0,1,0,,,0,,,2.42,0,0,0,Completed
MINE-021,Jharkhand Limestone Mine 21,Eastern,Jharkhand,Open Cast,Limestone,2018,12,2018-12-01,4529.09,1715441.24,1550148.56,338,73245.0,0.0618,5140.92,781.13,35377.84,28763.15,6614.68,18.7,939.67,3.378,0,2,0,,,2,Fire,Moderate,2.37,0,0,0,Completed
MINE-007,Gujarat Coal Mine 7,Western,Gujarat,Underground,Coal,2021,8,2021-08-01,11434.9,4595599.71,3809151.33,1539,300190.1,0.0381,13298.86,3075.61,351692.98,224107.08,127585.91,36.28,5806.45,9.947,0,3,0,,,2,Electrical,Minor,1.95,0,0,0,Completed
MINE-021,Jharkhand Limestone Mine 21,Eastern,Jharkhand,Open Cast,Limestone,2018,2,2018-02-01,4355.12,1715441.24,1592882.6,336,71913.0,0.0606,5323.86,850.19,37026.74,25817.47,11209.27,30.27,958.22,4.734,0,1,0,,,0,,,0.87,0,0,0,Completed
MINE-007,Gujarat Coal Mine 7,Western,Gujarat,Underground,Coal,2019,3,2019-03-01,10515.51,4595599.71,4144667.6,1533,302069.6,0.0348,12033.12,2571.12,270366.67,231520.23,38846.45,14.37,4541.89,7.738,0,0,0,,,0,,,1.95,0,0,0,Completed
MINE-028,Telangana Coal Mine 28,Southern,Telangana,Open Cast,Coal,2017,5,2017-05-01,29607.76,10510635.28,9990578.12,1090,202450.8,0.1462,25879.65,2480.54,734432.53,608989.61,125442.91,17.08,6922.66,14.379,0,0,0,,,1,Slip/Fall,Minor,0.73,1,0,1,In Progress
MINE-012,West Iron Mine 12,Eastern,West Bengal,Open Cast,Iron Ore,2024,10,2024-10-01,195837.18,17808314.68,6018117.92,1279,247682.2,0.7907,216189.31,5434.52,10642820.0,6243317.76,4399502.23,41.34,59318.22,97.091,0,0,0,,,1,Haulage/Transport,Moderate,0.79,1,0,1,Overdue
MINE-003,Odisha Coal Mine 3,Eastern,Odisha,Underground,Coal,2023,6,2023-06-01,392152.32,24608205.58,9306971.35,1993,410747.7,0.9547,583003.18,2885.57,11315836.3,8624733.07,2691103.23,23.78,146871.58,251.474,0,1,1,Safety,Closed,1,Haulage/Transport,Minor,2.73,1,0,1,Completed
MINE-002,West Iron Mine 2,Eastern,West Bengal,Open Cast,Iron Ore,2024,6,2024-06-01,59387.44,31788526.71,24693581.54,1909,356743.9,0.1665,58921.44,5918.13,3514626.36,2649727.52,864898.84,24.61,23662.14,33.318,0,2,1,Emergency Preparedness,Open,0,,,1.15,1,0,1,Pending
MINE-030,Uttar Iron Mine 30,Northern,Uttar Pradesh,Mixed,Iron Ore,2017,8,2017-08-01,25282.7,9769224.08,9208919.58,754,141326.2,0.1789,28406.61,5298.83,1339687.64,1131340.9,208346.74,15.55,7518.35,12.922,0,3,0,,,0,,,2.08,0,0,0,Completed
MINE-023,Odisha Copper Mine 23,Eastern,Odisha,Open Cast,Copper Ore,2020,2,2020-02-01,74228.78,20545143.55,17491101.64,1665,351091.5,0.2114,61327.12,6909.96,5129179.76,4028067.0,1101112.76,21.47,18245.24,29.945,0,1,0,,,0,,,0.97,2,1,1,Overdue
MINE-027,Gujarat Iron Mine 27,Western,Gujarat,Open Cast,Iron Ore,2018,10,2018-10-01,13828.91,6248149.8,5643740.54,738,145767.4,0.0949,13133.01,6191.81,856259.79,623438.37,232821.42,27.19,5885.62,13.167,0,1,1,Operational,Under Review,0,,,0.78,1,0,1,Completed
MINE-021,Jharkhand Limestone Mine 21,Eastern,Jharkhand,Open Cast,Limestone,2023,11,2023-11-01,3209.61,1715441.24,1330513.04,327,61736.1,0.052,2768.07,665.42,21357.38,20908.01,449.38,2.1,596.35,9.111,0,1,0,,,0,,,1.06,0,0,0,Completed
MINE-009,Andhra Iron Mine 9,Southern,Andhra Pradesh,Underground,Iron Ore,2017,10,2017-10-01,33218.44,7961285.52,7217031.47,1189,214951.4,0.1545,51898.63,5508.94,1829982.84,1075442.5,754540.35,41.23,14085.96,29.363,0,1,0,,,0,,,0.81,0,0,0,Completed
MINE-019,Andhra Coal Mine 19,Southern,Andhra Pradesh,Open Cast,Coal,2017,10,2017-10-01,22267.56,6903354.37,6397427.93,117,22632.6,0.9839,23495.73,2487.24,553848.85,471596.93,82251.92,14.85,8618.63,16.953,0,1,0,,,1,Haulage/Transport,Serious,2.54,1,0,1,In Progress
MINE-009,Andhra Iron Mine 9,Southern,Andhra Pradesh,Underground,Iron Ore,2020,6,2020-06-01,35751.39,7961285.52,6136091.87,1137,234343.8,0.1526,56800.08,4949.43,1769491.73,1388315.08,381176.65,21.54,10914.33,30.44,0,1,0,,,0,,,1.48,0,0,0,Completed
MINE-030,Uttar Iron Mine 30,Northern,Uttar Pradesh,Mixed,Iron Ore,2022,5,2022-05-01,27832.76,9769224.08,7686087.51,755,158857.9,0.1752,32528.21,5051.56,1405987.53,1009883.51,396104.02,28.17,10876.59,18.194,0,0,1,Environmental,Closed,0,,,1.43,2,1,1,In Progress
MINE-024,Chhattisgarh Bauxite Mine 24,Central,Chhattisgarh,Underground,Bauxite,2020,12,2020-12-01,49212.52,8763956.29,6682867.32,1206,257163.3,0.1914,62686.5,1667.87,820801.43,507687.08,313114.36,38.15,18244.1,33.635,0,1,0,,,0,,,0.08,2,1,1,In Progress
MINE-002,West Iron Mine 2,Eastern,West Bengal,Open Cast,Iron Ore,2022,12,2022-12-01,62446.0,31788526.71,25725947.5,2032,419442.3,0.1489,63398.37,5972.34,3729490.11,3042260.74,687229.36,18.43,26657.14,34.007,0,3,1,Environmental,Under Review,0,,,0.39,1,0,1,In Progress
MINE-020,Uttar Iron Mine 20,Northern,Uttar Pradesh,Open Cast,Iron Ore,2018,12,2018-12-01,19143.12,4723977.98,4101699.3,443,89093.7,0.2149,22253.0,5418.77,1037321.94,632219.31,405102.63,39.05,6975.9,13.084,0,1,1,Equipment,Closed,1,Fall of Roof/Rock,Serious,3.13,1,0,1,Overdue
MINE-021,Jharkhand Limestone Mine 21,Eastern,Jharkhand,Open Cast,Limestone,2021,6,2021-06-01,4146.6,1715441.24,1431740.99,332,65430.7,0.0634,3954.04,706.51,29296.12,28958.64,337.48,1.15,1380.79,7.514,0,3,1,Emergency Preparedness,Closed,0,,,0.44,1,0,1,Completed
MINE-012,West Iron Mine 12,Eastern,West Bengal,Open Cast,Iron Ore,2022,6,2022-06-01,146364.44,17808314.68,10617900.08,1134,214835.7,0.6813,161050.24,5636.01,8249118.05,6172133.4,2076984.65,25.18,48089.03,77.648,0,0,1,Emergency Preparedness,Open,1,Fall of Roof/Rock,Minor,0.92,1,0,1,Pending
MINE-005,Madhya Coal Mine 5,Central,Madhya Pradesh,Open Cast,Coal,2020,4,2020-04-01,13811.22,6162270.35,5203728.92,1136,248915.5,0.0555,12981.08,2544.67,351450.07,221792.06,129658.01,36.89,5900.75,13.163,0,2,2,Environmental,Closed,0,,,0.82,3,2,1,Pending
MINE-009,Andhra Iron Mine 9,Southern,Andhra Pradesh,Underground,Iron Ore,2020,4,2020-04-01,33118.27,7961285.52,6208297.86,1142,233145.1,0.1421,38037.17,4907.59,1625309.6,945315.44,679994.16,41.84,8751.01,19.645,0,1,0,,,0,,,0.95,0,0,0,Completed
MINE-027,Gujarat Iron Mine 27,Western,Gujarat,Open Cast,Iron Ore,2018,1,2018-01-01,15025.65,6248149.8,5777678.12,736,148017.9,0.1015,12599.64,5692.52,855338.15,673781.58,181556.57,21.23,3293.02,13.272,0,1,0,,,0,,,1.61,0,0,0,Completed
MINE-003,Odisha Coal Mine 3,Eastern,Odisha,Underground,Coal,2021,2,2021-02-01,209913.61,24608205.58,16991067.03,1467,297498.2,0.7056,316483.09,2728.68,5727870.84,3878887.47,1848983.38,32.28,82889.42,140.643,0,0,2,Documentation,Closed,3,Fire,Moderate,2.52,2,1,1,Overdue
MINE-010,Uttar Coal Mine 10,Northern,Uttar Pradesh,Mixed,Coal,2017,5,2017-05-01,16879.3,3804225.22,3539358.96,678,147927.8,0.1141,15865.52,2337.88,394616.93,252478.47,142138.46,36.02,6540.53,13.728,0,4,0,,,1,Haulage/Transport,Minor,1.47,0,0,0,Completed
MINE-017,Gujarat Iron Mine 17,Western,Gujarat,Open Cast,Iron Ore,2018,1,2018-01-01,33003.73,13268212.21,12371822.89,456,96670.9,0.3414,34152.09,5153.8,1700944.76,1334704.66,366240.1,21.53,6930.85,17.193,0,0,1,Safety,Closed,0,,,2.78,1,0,1,Completed
MINE-012,West Iron Mine 12,Eastern,West Bengal,Open Cast,Iron Ore,2020,10,2020-10-01,110733.13,17808314.68,13181582.83,976,212675.3,0.5207,124585.03,5793.14,6414925.27,3797002.79,2617922.48,40.81,24410.36,52.328,0,3,1,Documentation,Open,2,Fall of Roof/Rock,Minor,3.48,1,0,1,Completed
MINE-019,Andhra Coal Mine 19,Southern,Andhra Pradesh,Open-Cast,Coal,2017,2,2017-02-01,23936.71,6903354.37,6584832.34,126,23101.8,1.0361,24321.03,2689.69,643823.17,373642.57,270180.61,41.97,9291.62,14.5,0,2,0,,,0,,,1.1,1,0,1,In Progress
MINE-006,Maharashtra Limestone Mine 6,Western,Maharashtra,Open Cast,Limestone,2018,8,2018-08-01,17005.8,4919591.78,4431584.64,724,135263.3,0.1257,17295.64,1081.43,183905.76,160227.28,23678.48,12.88,2884.95,13.816,0,1,0,,,1,Fire,Minor,1.23,0,0,0,Completed
MINE-014,Chhattisgarh Bauxite Mine 14,Central,Chhattisgarh,Underground,Bauxite,2018,8,2018-08-01,9298.77,3172486.06,2809020.39,724,156878.6,0.0593,15259.54,2545.8,236728.03,200317.29,36410.74,15.38,2051.83,10.994,0,2,0,,,0,,,1.89,0,0,0,Completed
MINE-010,Uttar Coal Mine 10,Northern,Uttar Pradesh,Mixed,Coal,2017,10,2017-10-01,18780.94,3804225.22,3451254.64,667,146642.7,0.1281,25141.19,2379.65,446920.13,350400.06,96520.07,21.6,8320.94,12.942,0,5,0,,,2,Fire,Minor,2.83,0,0,0,Completed
MINE-016,Maharashtra Iron Mine 16,Western,Maharashtra,Underground,Iron Ore,2023,10,2023-10-01,11290.71,3852023.09,2596107.88,456,88482.1,0.1276,19277.48,8235.61,929859.33,747246.12,182613.21,19.64,2731.02,8.644,0,3,0,,,0,,,0.24,1,0,1,Pending
MINE-027,Gujarat Iron Mine 27,Western,Gujarat,Open Cast,Iron Ore,2022,3,2022-03-01,7010.16,6248149.8,5220515.54,683,130127.2,0.0539,8251.84,5601.93,392703.83,279007.21,113696.62,28.95,1366.33,7.684,0,0,1,Safety,Under Review,0,,,2.42,1,0,1,Overdue
MINE-006,Maharashtra Limestone Mine 6,Western,Maharashtra,OPEN CAST,Limestone,2019,10,2019-10-01,21861.74,4919591.78,4148378.07,796,168333.8,0.1299,21265.79,1124.76,245891.18,195901.22,49989.96,20.33,5254.75,10.681,0,2,1,Safety,Open,0,,,1.52,1,0,1,Completed
MINE-030,Uttar Iron Mine 30,Northern,Uttar Pradesh,Mixed,Iron Ore,2022,2,2022-02-01,26858.36,9769224.08,7760663.66,742,156500.4,0.1716,27690.94,5175.84,1390145.8,872104.25,518041.55,37.27,5478.77,15.855,0,1,1,Equipment,Open,2,Fire,Minor,3.32,1,0,1,Overdue
MINE-018,Telangana Iron Mine 18,Southern,Telangana,Mixed,Iron Ore,2021,3,2021-03-01,10004.08,4638464.7,3895329.84,977,185995.2,0.0538,10732.66,3843.63,384520.12,245927.9,138592.21,36.04,2156.22,7.812,0,4,0,,,0,,,0.54,0,0,0,Completed
MINE-004,Chhattisgarh Coal Mine 4,Central,Chhattisgarh,Underground,Coal,2016,8,2016-08-01,11882.47,3455223.81,3352946.21,1468,316640.4,0.0375,19395.17,2454.13,291611.32,200100.44,91510.88,31.38,2998.9,13.092,0,1,0,,,1,Haulage/Transport,Minor,0.82,0,0,0,Completed
MINE-013,Odisha Coal Mine 13,Eastern,Odisha,Open Cast,Coal,2020,6,2020-06-01,47042.65,11260157.97,9293677.69,614,113299.8,0.4152,56580.92,2736.49,1287319.73,880885.14,406434.59,31.57,13805.34,30.108,0,1,1,Safety,Closed,0,,,1.36,1,0,1,Completed
MINE-010,Uttar Coal Mine 10,Northern,Uttar Pradesh,Mixed,Coal,2018,12,2018-12-01,23648.82,3804225.22,3146819.42,767,166460.2,0.1421,24687.32,2671.56,631791.59,386880.99,244910.6,38.76,8077.71,14.149,0,1,1,Environmental,Open,2,Gas/Explosion,Minor,1.1,1,0,1,Overdue
MINE-007,Gujarat Coal Mine 7,Western,Gujarat,Underground,Coal,2018,3,2018-03-01,10915.24,4595599.71,4283798.94,1502,280289.2,0.0389,13449.63,2552.82,278646.05,187222.48,91423.57,32.81,5008.32,10.006,0,2,0,,,1,Machinery,Serious,1.72,1,0,1,In Progress
MINE-024,Chhattisgarh Bauxite Mine 24,Central,Chhattisgarh,Underground,Bauxite,2023,11,2023-11-01,81743.52,8763956.29,4328379.9,1358,287836.7,0.284,114322.44,1425.77,1165475.23,833963.13,331512.1,28.44,22376.31,49.491,0,2,1,Documentation,Open,0,,,1.11,1,0,1,Pending
MINE-008,Telangana Iron Mine 8,Southern,Telangana,Open Cast,Iron Ore,2024,4,2024-04-01,19307.0,4242653.83,2696172.23,799,171828.2,0.1124,23321.99,7716.41,1489807.51,1067073.02,422734.49,28.38,5765.93,13.002,0,6,1,Operational,Under Review,1,Fall of Roof/Rock,Serious,2.32,1,0,1,In Progress
MINE-005,Madhya Coal Mine 5,Central,Madhya Pradesh,Open Cast,Coal,2017,4,2017-04-01,16855.9,6162270.35,5822488.04,1069,232331.9,0.0726,20531.49,2554.94,430657.38,375925.4,54731.98,12.71,6946.28,11.601,0,1,0,,,1,Slip/Fall,Moderate,0.48,0,0,0,Completed
MINE-028,Telangana Coal Mine 28,Southern,Telangana,Open Cast,Coal,2023,11,2023-11-01,10077.35,10510635.28,8629882.64,955,205917.2,0.0489,9313.09,2062.4,207835.32,141412.09,66423.23,31.96,4110.72,7.131,0,0,1,Operational,Under Review,1,Haulage/Transport,Minor,2.81,1,0,1,In Progress
MINE-019,Andhra Coal Mine 19,Southern,Andhra Pradesh,Open Cast,Coal,2021,5,2021-05-01,35956.78,6903354.37,5158733.36,136,29752.1,1.2085,42781.07,2529.64,909578.88,578746.91,330831.96,36.37,14037.63,21.0,0,1,0,,,0,,,0.88,0,0,0,Completed
MINE-027,Gujarat Iron Mine 27,Western,Gujarat,Open Cast,Iron Ore,2016,8,2016-08-01,17396.86,6248149.8,6077855.04,758,163846.2,0.1062,21876.37,5636.98,980656.73,586764.59,393892.14,40.17,3090.68,8.31,0,0,0,,,1,Haulage/Transport,Minor,0.75,0,0,0,Completed
MINE-023,Odisha Copper Mine 23,Eastern,Odisha,Open Cast,Copper Ore,2023,9,2023-09-01,96945.03,20545143.55,13773357.45,1735,323603.8,0.2996,123379.3,5548.43,5378929.68,3760824.27,1618105.41,30.08,22910.27,52.699,0,1,1,Safety,Under Review,0,,,1.67,1,0,1,Completed
MINE-027,Gujarat Iron Mine 27,Western,Gujarat,Open Cast,Iron Ore,2024,11,2024-11-01,4655.69,6248149.8,5031333.77,703,150417.0,0.031,4040.43,5828.13,271339.74,202474.55,68865.2,25.38,863.46,1.886,0,5,0,,,0,,,1.57,2,1,1,Completed
MINE-025,Madhya Limestone Mine 25,Central,Madhya Pradesh,Open Cast,Limestone,2016,10,2016-10-01,13690.81,5333812.33,5195540.46,1181,236657.3,0.0579,15998.71,868.13,118854.06,81788.53,37065.53,31.19,4707.17,10.582,0,0,1,Safety,Closed,0,,,1.69,1,0,1,Pending
MINE-030,Uttar Iron Mine 30,Northern,Uttar Pradesh,Mixed,Iron Ore,2016,9,2016-09-01,25704.25,9769224.08,9519329.17,733,135569.7,0.1896,36019.43,5143.86,1322189.74,925412.49,396777.25,30.01,12549.57,18.872,0,2,0,,,0,,,2.47,0,0,0,Completed
MINE-027,Gujarat Iron Mine 27,Western,Gujarat,Open Cast,Iron Ore,2024,7,2024-07-01,4998.94,6248149.8,5049583.44,684,139996.3,0.0357,5040.09,5740.56,286967.23,243564.28,43402.95,15.12,1829.09,2.972,0,1,0,,,0,,,0.8,0,0,0,Completed
MINE-026,Maharashtra Copper Mine 26,Western,Maharashtra,underground,Copper Ore,2017,2,2017-02-01,15551.3,3439638.4,3218509.94,502,93515.5,0.1663,17383.0,7405.61,1151668.72,702485.97,449182.75,39.0,6251.45,14.453,0,1,2,Safety,Closed,0,,,1.75,2,1,1,Overdue
MINE-012,West Iron Mine 12,Eastern,West Bengal,Open Cast,Iron Ore,2020,12,2020-12-01,114735.39,17808314.68,12937541.23,1112,213840.3,0.5365,116147.43,5605.73,6431751.66,4910922.04,1520829.62,23.65,31441.07,54.614,0,1,0,,,2,Fall of Roof/Rock,Moderate,0.94,0,0,0,Completed
MINE-003,Odisha Coal Mine 3,Eastern,Odisha,Underground,Coal,2022,7,2022-07-01,264682.84,24608205.58,12927426.95,1564,324857.9,0.8148,392039.74,3075.41,8140084.19,6482941.3,1657142.89,20.36,81918.71,159.028,0,1,0,,,1,Electrical,Minor,2.0,0,0,0,Completed
MINE-015,Madhya Iron Mine 15,Central,Madhya Pradesh,Open Cast,Iron Ore,2018,12,2018-12-01,65044.5,14086398.07,12435505.32,936,177823.8,0.3658,52463.59,5729.63,3726808.84,3081768.05,645040.79,17.31,22918.64,33.516,0,1,0,,,2,Gas/Explosion,Moderate,3.06,0,0,0,Completed
MINE-006,Maharashtra Limestone Mine 6,Western,Maharashtra,Open Cast,Limestone,2020,1,2020-01-01,22610.9,4919591.78,4078204.53,784,157021.0,0.144,22207.88,1143.13,258471.21,188228.73,70242.48,27.18,9919.42,18.375,0,1,0,,,0,,,1.64,0,0,0,Completed
MINE-012,West Iron Mine 12,Eastern,West Bengal,Open Cast,Iron Ore,2023,10,2023-10-01,160144.4,17808314.68,8238579.26,1167,253068.3,0.6328,142969.61,5540.71,8873129.81,6207092.44,2666037.37,30.05,41307.76,70.891,0,2,0,,,0,,,1.62,0,0,0,Completed
MINE-023,Odisha Copper Mine 23,Eastern,Odisha,Open Cast,Copper Ore,2020,8,2020-08-01,72896.97,20545143.55,17050065.28,1571,321172.8,0.227,75713.08,6548.14,4773395.45,2901957.89,1871437.55,39.21,22931.91,34.272,0,0,0,,,1,Gas/Explosion,Minor,2.1,0,0,0,Completed
MINE-020,Uttar Iron Mine 20,Northern,Uttar Pradesh,Open Cast,Iron Ore,2021,6,2021-06-01,19490.96,4723977.98,3517706.28,409,82725.5,0.2356,21886.84,4867.21,948666.56,717334.69,231331.87,24.38,4339.13,9.637,0,1,0,,,2,Electrical,Moderate,2.55,0,0,0,Completed
MINE-025,Madhya Limestone Mine 25,Central,Madhya Pradesh,Open Cast,Limestone,2019,6,2019-06-01,11392.34,5333812.33,4815650.79,1220,247367.5,0.0461,12230.73,867.41,98817.8,80355.66,18462.13,18.68,4511.27,11.91,0,1,0,,,2,Fall of Roof/Rock,Minor,2.83,0,0,0,Completed
MINE-019,Andhra Coal Mine 19,Southern,Andhra Pradesh,Open Cast,Coal,2016,8,2016-08-01,22418.83,6903354.37,6729715.2,124,24430.1,0.9177,27870.66,2555.96,573016.98,317040.19,255976.78,44.67,6305.6,11.954,0,1,0,,,1,Fall of Roof/Rock,Minor,1.06,1,0,1,Overdue
MINE-023,Odisha Copper Mine 23,Eastern,Odisha,Open Cast,Copper Ore,2016,2,2016-02-01,47861.72,20545143.55,20441869.92,1539,318522.5,0.1503,42782.66,7578.62,3627258.07,3043862.55,583395.52,16.08,15702.81,26.06,0,3,0,,,0,,,0.21,0,0,0,Completed
MINE-016,Maharashtra Iron Mine 16,Western,Maharashtra,Underground,Iron Ore,2024,5,2024-05-01,11733.15,3852023.09,2520936.64,436,89607.0,0.1309,13824.83,7812.14,916609.89,597948.9,318660.98,34.77,3144.95,7.77,0,1,1,Safety,Closed,0,,,1.1,2,1,1,Completed
MINE-023,Odisha Copper Mine 23,Eastern,Odisha,Open Cast,Copper Ore,2023,3,2023-03-01,91728.12,20545143.55,14365301.05,1868,387685.2,0.2366,85572.77,5511.47,5055566.76,2867204.07,2188362.69,43.29,29971.39,48.253,0,1,0,,,0,,,2.49,0,0,0,Completed
MINE-014,Chhattisgarh Bauxite Mine 14,Central,Chhattisgarh,Underground,Bauxite,2017,2,2017-02-01,11125.44,3172486.06,3003375.13,788,155784.0,0.0714,15670.07,2119.51,235804.54,172676.55,63127.99,26.77,4918.0,14.526,0,3,1,Environmental,Under Review,0,,,1.44,1,0,1,Overdue
MINE-004,Chhattisgarh Coal Mine 4,Central,Chhattisgarh,Underground,Coal,2024,6,2024-06-01,4502.09,3455223.81,2596626.46,1213,260411.5,0.0173,5612.92,2361.23,106304.75,87530.64,18774.11,17.66,1741.72,8.109,0,4,1,Documentation,Open,0,,,1.85,1,0,1,Completed
MINE-005,Madhya Coal Mine 5,Central,Madhya Pradesh,Open Cast,Coal,2024,7,2024-07-01,8371.15,6162270.35,4632734.42,1028,208654.1,0.0401,8728.64,2495.09,208867.47,132266.22,76601.26,36.67,2508.39,10.521,0,4,1,Documentation,Open,1,Slip/Fall,Minor,1.26,1,0,1,Pending
MINE-010,Uttar Coal Mine 10,Northern,Uttar Pradesh,Mixed,Coal,2022,11,2022-11-01,68501.96,3804225.22,1355462.35,1105,205599.7,0.3332,100852.52,3323.03,2276343.74,1735815.03,540528.71,23.75,15641.23,41.759,0,0,0,,,2,Fire,Fatal,2.27,0,0,0,Completed
MINE-023,Odisha Copper Mine 23,Eastern,Odisha,Open Cast,Copper Ore,2024,2,2024-02-01,106218.08,20545143.55,13230471.83,1757,367462.1,0.2891,86246.72,5935.02,6304062.88,4248282.34,2055780.54,32.61,33840.01,45.834,0,2,0,,,1,Machinery,Minor,0.8,0,0,0,Completed
MINE-026,Maharashtra Copper Mine 26,Western,Maharashtra,Underground,Copper Ore,2018,7,2018-07-01,17230.99,3439638.4,2937525.91,503,104137.8,0.1655,29115.42,6762.46,1165238.3,922202.48,243035.82,20.86,5953.78,11.841,0,0,0,,,2,Fall of Roof/Rock,Minor,1.46,0,0,0,Completed
MINE-023,Odisha Copper Mine 23,Eastern,Odisha,Open Cast,Copper Ore,2023,8,2023-08-01,93890.29,20545143.55,13870302.48,1795,384577.9,0.2441,88027.04,5526.15,5188516.64,4212743.44,975773.2,18.81,19621.45,43.145,0,1,0,,,0,,,1.28,1,0,1,Overdue
MINE-002,West Iron Mine 2,Eastern,West Bengal,Open Cast,Iron Ore,2018,1,2018-01-01,74420.53,31788526.71,29739431.28,2070,396430.6,0.1877,84807.61,5315.67,3955951.45,3340945.83,615005.62,15.55,27663.78,42.996,0,0,1,Safety,Open,0,,,1.46,2,1,1,Completed
MINE-001,Jharkhand Coal Mine 1,Eastern,Jharkhand,UNDERGROUND,Coal,2016,7,2016-07-01,63717.79,15973322.74,15510085.11,2246,418439.8,0.1523,75171.31,2671.84,1702439.06,1183987.52,518451.54,30.45,31732.91,42.842,0,3,2,Operational,Open,2,Fire,Moderate,1.43,2,1,1,In Progress
MINE-027,Gujarat Iron Mine 27,Western,Gujarat,Open Cast,Iron Ore,2023,9,2023-09-01,5673.17,6248149.8,5103669.22,723,154140.7,0.0368,5230.64,5974.62,338949.98,212446.76,126503.22,37.32,1502.32,8.894,0,1,0,,,0,,,2.19,0,0,0,Completed
MINE-004,Chhattisgarh Coal Mine 4,Central,Chhattisgarh,Underground,Coal,2024,2,2024-02-01,5271.23,3455223.81,2616966.91,1421,300887.2,0.0175,7291.55,2278.27,120093.05,106818.34,13274.72,11.05,1439.42,9.523,0,4,1,Operational,Closed,2,Machinery,Minor,2.42,1,0,1,Completed
MINE-016,Maharashtra Iron Mine 16,Western,Maharashtra,Underground,Iron Ore,2021,11,2021-11-01,13024.19,3852023.09,2857429.87,456,94214.0,0.1382,15437.82,7243.39,943393.0,633441.13,309951.87,32.86,7265.93,15.884,0,0,0,,,0,,,0.09,0,0,0,Completed
MINE-027,Gujarat Iron Mine 27,Western,Gujarat,Open Cast,Iron Ore,2023,6,2023-06-01,6246.96,6248149.8,5120456.1,670,141429.9,0.0442,6537.87,5780.28,361091.52,257177.41,103914.11,28.78,2545.32,3.824,0,3,0,,,3,Fire,Minor,3.6,0,0,0,Completed
MINE-021,Jharkhand Limestone Mine 21,Eastern,Jharkhand,Open Cast,Limestone,2021,7,2021-07-01,3407.0,1715441.24,1428333.99,321,62210.2,0.0548,3131.97,708.43,24136.29,16908.66,7227.63,29.95,647.54,2.821,0,3,0,,,2,Electrical,Moderate,2.02,1,0,1,In Progress
MINE-019,Andhra Coal Mine 19,Southern,Andhra Pradesh,Open Cast,Coal,2018,5,2018-05-01,26866.01,6903354.37,6220601.58,133,29035.2,0.9253,30891.33,2511.89,674844.02,440560.43,234283.59,34.72,5823.56,13.604,0,1,0,,,0,,,1.32,0,0,0,Completed
MINE-016,Maharashtra Iron Mine 16,Western,Maharashtra,Underground,Iron Ore,2024,1,2024-01-01,11594.61,3852023.09,2563307.57,474,91905.9,0.1262,15612.4,7760.55,899805.22,650514.5,249290.72,27.7,6006.84,8.67,0,1,1,Safety,Closed,0,,,1.64,1,0,1,In Progress
MINE-013,Odisha Coal Mine 13,Eastern,Odisha,Open Cast,Coal,2022,1,2022-01-01,54640.73,11260157.97,8326680.7,612,129474.5,0.422,68806.58,2937.94,1605314.46,938047.9,667266.55,41.57,11259.97,32.906,0,1,0,,,2,Machinery,Serious,2.6,0,0,0,Completed
MINE-006,Maharashtra Limestone Mine 6,Western,Maharashtra,Open Cast,Limestone,2017,5,2017-05-01,15022.15,4919591.78,4688933.81,678,133771.3,0.1123,18470.42,934.02,140309.7,113584.13,26725.56,19.05,6162.97,10.004,0,2,0,,,0,,,1.3,0,0,0,Completed
MINE-024,Chhattisgarh Bauxite Mine 24,Central,Chhattisgarh,Underground,Bauxite,2016,1,2016-01-01,21803.77,8763956.29,8742152.52,950,175819.1,0.124,34907.48,2237.37,487830.88,357679.66,130151.21,26.68,11045.83,21.108,0,2,0,,,0,,,0.67,0,0,0,Completed
MINE-017,Gujarat Iron Mine 17,Western,Gujarat,Open Cast,Iron Ore,2021,4,2021-04-01,31698.55,13268212.21,11121154.2,430,87625.7,0.3617,25627.55,5496.2,1742214.21,1266656.36,475557.85,27.3,13919.58,20.505,0,0,0,,,0,,,0.26,0,0,0,Completed
MINE-028,Telangana Coal Mine 28,Southern,Telangana,Open Cast,Coal,2018,12,2018-12-01,22353.03,10510635.28,9513688.03,1056,209033.8,0.1069,18495.53,2537.29,567160.7,338355.59,228805.11,40.34,4260.24,14.021,0,1,0,,,0,,,1.79,1,0,1,Completed
MINE-028,Telangana Coal Mine 28,Southern,Telangana,Open Cast,Coal,2016,3,2016-03-01,35318.29,10510635.28,10406958.33,1067,211906.0,0.1667,45704.89,2430.73,858490.74,563115.76,295374.98,34.41,13205.49,25.524,0,1,0,,,1,Machinery,Minor,0.7,0,0,0,Completed
MINE-017,Gujarat Iron Mine 17,Western,Gujarat,Open Cast,Iron Ore,2024,8,2024-08-01,23923.67,13268212.21,10002100.48,421,86320.6,0.2771,26138.81,4854.89,1161467.3,863059.33,298407.97,25.69,6831.53,11.883,0,1,1,Operational,Open,0,,,0.55,1,0,1,Pending
MINE-006,Maharashtra Limestone Mine 6,Western,Maharashtra,Open Cast,Limestone,2018,7,2018-07-01,18911.07,4919591.78,4448590.44,715,140665.6,0.1344,15510.84,1082.12,204640.88,147456.38,57184.49,27.94,5779.73,14.925,0,0,0,,,1,Gas/Explosion,Minor,1.97,1,0,1,Overdue
MINE-004,Chhattisgarh Coal Mine 4,Central,Chhattisgarh,Underground,Coal,2018,5,2018-05-01,10685.31,3455223.81,3118955.62,1510,306456.4,0.0349,17576.72,2204.96,235606.92,192240.61,43366.31,18.41,4236.16,10.075,0,0,0,,,0,,,0.64,0,0,0,Completed
MINE-001,Jharkhand Coal Mine 1,Eastern,Jharkhand,Underground,Coal,2023,8,2023-08-01,212301.86,15973322.74,4119724.87,3169,679374.1,0.3125,293522.25,2411.23,5119077.12,4163266.64,955810.48,18.67,88623.91,140.181,0,0,0,,,0,,,0.98,0,0,0,Completed
MINE-022,West Copper Mine 22,Eastern,West Bengal,Open Cast,Copper Ore,2020,3,2020-03-01,85410.71,11657228.78,8471608.17,2112,416497.6,0.2051,102047.18,8714.96,7443513.1,5451535.35,1991977.75,26.76,19791.54,42.128,0,1,0,,,1,Electrical,Minor,1.61,0,0,0,Completed
MINE-026,Maharashtra Copper Mine 26,Western,Maharashtra,Underground,Copper Ore,2021,4,2021-04-01,22433.39,3439638.4,2292925.52,491,103519.5,0.2167,26141.45,7133.35,1600253.12,1082745.85,517507.27,32.34,7248.11,,0,3,2,Documentation,Open,0,,,2.66,2,0,2,Completed
MINE-011,Jharkhand Coal Mine 11,Eastern,Jharkhand,Underground,Coal,2023,7,2023-07-01,123479.35,4815796.69,0.0,693,143235.8,0.8621,181247.36,2203.62,2721019.0,1881519.56,839499.44,30.85,49146.59,82.0,0,1,0,,,1,Machinery,Minor,2.74,0,0,0,Completed
MINE-017,Gujarat Iron Mine 17,Western,Gujarat,Open Cast,Iron Ore,2021,8,2021-08-01,27285.46,13268212.21,10997325.77,448,83404.9,0.3271,30951.47,5422.43,1479535.74,1239671.11,239864.63,16.21,11246.58,20.436,0,1,2,Environmental,Closed,0,,,0.97,2,0,2,Completed
MINE-012,West Iron Mine 12,Eastern,West Bengal,Open Cast,Iron Ore,2024,2,2024-02-01,187015.06,17808314.68,7504151.98,1232,264559.8,0.7069,220625.79,5679.15,10620857.76,7677922.89,2942934.87,27.71,34178.58,91.183,0,1,2,Emergency Preparedness,Under Review,1,Electrical,Moderate,2.32,2,0,2,Pending
MINE-022,West Copper Mine 22,Eastern,West Bengal,Open Cast,Copper Ore,2021,10,2021-10-01,110606.35,11657228.78,6479225.21,2358,454010.2,0.2436,137934.88,9040.96,9999877.33,6538876.74,3461000.59,34.61,47513.04,71.072,0,3,0,,,1,Haulage/Transport,Minor,2.55,0,0,0,Completed
MINE-027,Gujarat Iron Mine 27,Western,Gujarat,Open Cast,Iron Ore,2024,4,2024-04-01,4807.91,6248149.8,5065456.43,649,117413.4,0.0409,5577.34,5881.54,282779.23,197655.99,85123.24,30.1,1311.81,6.053,0,2,1,Emergency Preparedness,Under Review,0,,,2.69,1,0,1,Pending
MINE-017,Gujarat Iron Mine 17,Western,Gujarat,Open Cast,Iron Ore,2017,5,2017-05-01,39188.73,13268212.21,12642276.61,460,83410.6,0.4698,49965.32,5055.77,1981291.28,1181984.17,799307.12,40.34,12022.05,28.166,0,2,1,Operational,Closed,0,,,0.55,2,1,1,In Progress
MINE-015,Madhya Iron Mine 15,Central,Madhya Pradesh,Open Cast,Iron Ore,2022,8,2022-08-01,90083.59,14086398.07,9132063.49,1093,230456.9,0.3909,82255.68,5881.59,5298349.62,3957431.44,1340918.18,25.31,38366.29,51.327,0,0,0,,,0,,,2.28,0,0,0,Completed
MINE-017,Gujarat Iron Mine 17,Western,Gujarat,Open Cast,Iron Ore,2020,5,2020-05-01,36026.71,13268212.21,11450168.0,446,89582.0,0.4022,40104.91,5749.86,2071485.45,1273066.19,798419.26,38.54,12636.02,22.728,0,3,1,Safety,Open,0,,,0.53,1,0,1,Pending
MINE-007,Gujarat Coal Mine 7,Western,Gujarat,Underground,Coal,2020,2,2020-02-01,10119.5,4595599.71,4021398.79,1555,334049.0,0.0303,13016.39,2770.91,280402.77,211874.61,68528.16,24.44,5217.64,7.006,0,2,0,,,2,Haulage/Transport,Moderate,1.18,0,0,0,Completed
MINE-026,Maharashtra Copper Mine 26,Western,Maharashtra,Underground,Copper Ore,2018,9,2018-09-01,17595.77,3439638.4,2902424.53,482,87219.0,0.2017,19463.84,6591.53,1159830.73,652711.14,507119.59,43.72,5203.24,11.018,0,2,0,,,0,,,0.15,0,0,0,Completed
MINE-004,Chhattisgarh Coal Mine 4,Central,Chhattisgarh,Underground,Coal,2018,1,2018-01-01,11133.77,3455223.81,3160706.95,1425,258055.2,0.0431,12226.9,2147.76,239126.74,223477.71,15649.03,6.54,3775.41,9.417,0,0,0,,,1,Gas/Explosion,Serious,0.4,0,0,0,Completed
MINE-028,Telangana Coal Mine 28,Southern,Telangana,Open Cast,Coal,2019,6,2019-06-01,22319.01,10510635.28,9385427.6,1002,213963.3,0.1043,26315.42,2432.08,542817.13,331869.97,210947.16,38.86,5416.99,12.587,0,0,0,,,2,Gas/Explosion,Minor,1.4,0,0,0,Completed
MINE-027,Gujarat Iron Mine 27,Western,Gujarat,Open Cast,Iron Ore,2020,7,2020-07-01,10466.58,6248149.8,5393524.81,716,148759.0,0.0704,9134.85,6047.16,632930.59,448922.51,184008.08,29.07,4171.8,8.634,0,1,0,,,2,Machinery,Serious,3.1,0,0,0,Completed
MINE-025,Madhya Limestone Mine 25,Central,Madhya Pradesh,Open Cast,Limestone,2020,11,2020-11-01,9183.89,5333812.33,4660318.63,1103,216380.9,0.0424,10283.08,819.85,75293.91,56070.08,19223.83,25.53,2293.55,6.132,0,1,0,,,0,,,2.44,0,0,0,Completed
MINE-028,Telangana Coal Mine 28,Southern,Telangana,Open Cast,Coal,2020,12,2020-12-01,17678.62,10510635.28,9061329.9,1008,208780.1,0.0847,22720.45,2324.99,411025.78,323337.65,87688.14,21.33,7067.41,17.686,0,3,0,,,0,,,0.64,0,0,0,Completed
MINE-011,Jharkhand Coal Mine 11,Eastern,Jharkhand,Underground,Coal,2020,10,2020-10-01,67380.97,4815796.69,2616856.27,529,96069.5,0.7014,87239.62,2238.46,1508293.4,939807.57,568485.83,37.69,39076.81,52.324,0,3,0,,,0,,,0.48,0,0,0,Completed
MINE-020,Uttar Iron Mine 20,Northern,Uttar Pradesh,Open Cast,Iron Ore,2019,10,2019-10-01,20177.41,4723977.98,3917753.22,441,96478.0,0.2091,23589.33,5373.82,1084298.02,782977.45,301320.58,27.79,6788.08,12.582,0,1,1,Safety,Open,0,,,1.65,2,0,2,Pending
MINE-017,Gujarat Iron Mine 17,Western,Gujarat,Open Cast,Iron Ore,2017,10,2017-10-01,33144.49,13268212.21,12473124.92,430,89524.5,0.3702,26517.96,5426.07,1798444.03,1146759.73,651684.3,36.24,10354.85,19.52,0,0,0,,,0,,,1.08,0,0,0,Completed
MINE-029,Andhra Copper Mine 29,Southern,Andhra Pradesh,Open Cast,Copper Ore,2021,6,2021-06-01,44132.29,11305197.36,8961987.54,287,62256.4,0.7089,45887.98,7790.33,3438052.18,1979941.18,1458111.0,42.41,8725.13,22.563,0,1,1,Operational,Under Review,3,Gas/Explosion,Minor,3.38,1,0,1,In Progress
MINE-030,Uttar Iron Mine 30,Northern,Uttar Pradesh,Mixed,Iron Ore,2021,6,2021-06-01,27058.0,9769224.08,7958783.85,726,146396.2,0.1848,36141.57,5187.74,1403699.86,1145578.8,258121.07,18.39,7446.26,21.986,0,1,0,,,0,,,0.84,0,0,0,Completed
MINE-016,Maharashtra Iron Mine 16,Western,Maharashtra,Underground,Iron Ore,2023,8,2023-08-01,11077.66,3852023.09,2618160.62,451,98486.9,0.1125,17549.15,8195.52,907871.03,750651.6,157219.43,17.32,4137.1,12.547,0,2,1,Operational,Closed,1,Haulage/Transport,Minor,1.72,2,0,2,In Progress
MINE-013,Odisha Coal Mine 13,Eastern,Odisha,Open Cast,Coal,2019,8,2019-08-01,40786.35,11260157.97,9744919.24,603,113398.2,0.3597,43143.49,2903.15,1184088.62,928663.0,255425.62,21.57,16387.21,28.833,0,2,0,,,1,Gas/Explosion,Moderate,0.81,0,0,0,Completed
MINE-026,Maharashtra Copper Mine 26,Western,Maharashtra,Underground,Copper Ore,2017,3,2017-03-01,14111.8,3439638.4,3204398.14,465,97289.2,0.1451,16683.74,7385.45,1042219.57,734153.38,308066.19,29.56,6080.26,12.952,0,1,0,,,0,,,1.48,0,0,0,Completed
MINE-005,Madhya Coal Mine 5,Central,Madhya Pradesh,Open Cast,Coal,2017,10,2017-10-01,21380.78,6162270.35,5704144.11,1066,212113.8,0.1008,21740.66,2496.89,533855.28,331252.67,202602.61,37.95,7174.97,16.919,0,3,2,Operational,Closed,0,,,2.22,2,1,1,Completed
MINE-009,Andhra Iron Mine 9,Southern,Andhra Pradesh,Underground,Iron Ore,2020,2,2020-02-01,33002.14,7961285.52,6271601.01,1164,232460.3,0.142,51687.01,4949.7,1633505.86,1113111.52,520394.34,31.86,13795.5,28.403,0,2,0,,,0,,,1.18,0,0,0,Completed
MINE-021,Jharkhand Limestone Mine 21,Eastern,Jharkhand,Open Cast,Limestone,2019,8,2019-08-01,3515.78,1715441.24,1517530.1,312,63752.6,0.0551,3407.19,742.97,26121.12,20262.76,5858.37,22.43,1416.68,9.212,0,3,1,Emergency Preparedness,Closed,0,,,2.2,1,0,1,Completed
MINE-012,West Iron Mine 12,Eastern,West Bengal,Open Cast,Iron Ore,2016,12,2016-12-01,73543.16,17808314.68,17071846.84,921,181103.9,0.4061,82356.26,5015.94,3688882.87,2229620.3,1459262.57,39.56,11993.57,31.961,0,0,0,,,0,,,1.69,0,0,0,Completed
MINE-012,West Iron Mine 12,Eastern,West Bengal,Open Cast,Iron Ore,2023,3,2023-03-01,176632.53,17808314.68,9295580.91,1235,234135.2,0.7544,158252.9,5360.3,9468038.72,6898846.33,2569192.39,27.14,71312.58,89.733,0,0,0,,,0,,,1.35,0,0,0,Completed
MINE-022,West Copper Mine 22,Eastern,West Bengal,Open Cast,Copper Ore,2017,8,2017-08-01,54755.48,11657228.78,10682940.3,1844,386911.9,0.1415,55423.44,7591.81,4156933.63,3082835.62,1074098.01,25.84,8632.97,22.759,0,1,0,,,0,,,1.92,0,0,0,Completed
MINE-001,Jharkhand Coal Mine 1,Eastern,Jharkhand,Underground,Coal,2019,2,2019-02-01,95708.35,15973322.74,12770769.06,2487,539247.8,0.1775,125419.69,2639.11,2525847.91,1682400.93,843446.97,33.39,43518.3,65.392,0,1,1,Safety,Open,0,,,2.78,1,0,1,In Progress
MINE-010,Uttar Coal Mine 10,Northern,Uttar Pradesh,Mixed,Coal,2016,3,2016-03-01,12620.68,3804225.22,3764337.72,643,120559.7,0.1047,15124.07,2303.01,290655.72,233634.07,57021.66,19.62,4477.25,8.114,0,1,0,,,0,,,1.52,0,0,0,Completed
MINE-028,Telangana Coal Mine 28,Southern,Telangana,Open Cast,Coal,2024,9,2024-09-01,8218.59,10510635.28,8537428.28,920,169052.4,0.0486,8299.69,1957.13,160848.36,102953.04,57895.32,35.99,1441.6,6.631,0,5,1,Documentation,Open,0,,,2.19,1,0,1,In Progress
MINE-010,Uttar Coal Mine 10,Northern,Uttar Pradesh,Mixed,Coal,2016,12,2016-12-01,18011.18,3804225.22,3627297.92,681,129364.4,0.1392,24776.91,2474.89,445756.2,362693.87,83062.34,18.63,7443.94,16.787,0,2,0,,,3,Fall of Roof/Rock,Minor,3.24,0,0,0,Completed
MINE-012,West Iron Mine 12,Eastern,West Bengal,Open Cast,Iron Ore,2021,2,2021-02-01,124438.0,17808314.68,12702969.19,1043,214555.0,0.58,128727.7,5654.08,7035825.89,4663593.05,2372232.85,33.72,40732.77,62.428,0,2,0,,,0,,,1.26,0,0,0,Completed
MINE-027,Gujarat Iron Mine 27,Western,Gujarat,Open Cast,Iron Ore,2019,3,2019-03-01,11139.01,6248149.8,5577046.88,720,150217.3,0.0742,12351.65,6212.33,691992.61,592169.17,99823.45,14.43,4748.31,13.721,0,3,1,Operational,Under Review,1,Fall of Roof/Rock,Minor,0.97,1,0,1,Overdue
MINE-014,Chhattisgarh Bauxite Mine 14,Central,Chhattisgarh,Underground,Bauxite,2017,3,2017-03-01,10789.77,3172486.06,2992585.37,771,154605.3,0.0698,14915.71,2123.74,229146.66,161636.93,67509.73,29.46,5423.1,11.384,0,1,2,Equipment,Closed,0,,,2.2,2,1,1,In Progress
MINE-012,West Iron Mine 12,Eastern,West Bengal,Open Cast,Iron Ore,2024,1,2024-01-01,175430.77,17808314.68,7691167.04,1271,242266.1,0.7241,187822.51,5662.18,9933201.19,5627501.09,4305700.1,43.35,45635.88,82.646,0,1,0,,,1,Electrical,Minor,0.62,0,0,0,Completed
MINE-019,Andhra Coal Mine 19,Southern,Andhra Pradesh,Open Cast,Coal,2019,1,2019-01-01,27713.32,6903354.37,6007412.8,131,23595.4,1.1745,32097.91,2475.73,686107.25,570888.05,115219.2,16.79,9339.54,21.428,0,3,1,Operational,Closed,1,Fire,Moderate,0.74,1,0,1,Overdue
MINE-001,Jharkhand Coal Mine 1,Eastern,Jharkhand,Underground,Coal,2019,4,2019-04-01,115496.42,15973322.74,12543455.59,2691,523812.4,0.2205,182310.49,2645.07,3054959.26,2230214.32,824744.94,27.0,47193.96,85.547,0,2,0,,,1,Electrical,Moderate,2.04,0,0,0,Completed
MINE-014,Chhattisgarh Bauxite Mine 14,Central,Chhattisgarh,Underground,Bauxite,2022,11,2022-11-01,8290.96,3172486.06,2383163.3,769,166109.4,0.0499,11970.09,2596.2,215249.87,144478.78,70771.09,32.88,3058.72,5.176,0,2,1,Documentation,Open,0,,,0.45,1,0,1,Completed
MINE-021,Jharkhand Limestone Mine 21,Eastern,Jharkhand,Open Cast,Limestone,2023,2,2023-02-01,3567.69,1715441.24,1360226.85,331,70688.0,0.0505,3272.7,737.96,26328.27,22561.22,3767.05,14.31,761.02,3.571,0,1,0,,,0,,,0.76,1,0,1,Completed
MINE-002,West Iron Mine 2,Eastern,West Bengal,Open Cast,Iron Ore,2021,2,2021-02-01,64146.01,31788526.71,27121842.77,1922,404258.1,0.1587,63890.79,5985.29,3839327.58,2611558.06,1227769.53,31.98,9634.26,29.143,0,2,1,Operational,Open,1,Fall of Roof/Rock,Serious,3.0,1,0,1,Overdue
MINE-013,Odisha Coal Mine 13,Eastern,Odisha,Open Cast,Coal,2020,12,2020-12-01,52575.27,11260157.97,9002290.73,683,143165.3,0.3672,62689.37,2684.3,1411278.58,827281.32,583997.25,41.38,23401.98,33.005,0,1,1,Emergency Preparedness,Open,1,Electrical,Serious,2.88,1,0,1,Pending
MINE-007,Gujarat Coal Mine 7,Western,Gujarat,Underground,Coal,2023,6,2023-06-01,12581.71,4595599.71,3554368.14,1552,308520.4,0.0408,20272.6,3007.39,378380.75,320308.18,58072.57,15.35,5099.93,14.047,0,0,1,Documentation,Open,3,Slip/Fall,Moderate,4.0,1,0,1,Pending
MINE-018,Telangana Iron Mine 18,Southern,Telangana,Mixed,Iron Ore,2019,2,2019-02-01,11317.95,4638464.7,4158377.66,947,186274.9,0.0608,16577.51,4067.04,460305.61,349901.6,110404.01,23.98,2458.64,12.47,0,3,1,Equipment,Under Review,1,Fire,Minor,1.52,1,0,1,Completed
MINE-028,Telangana Coal Mine 28,Southern,Telangana,Open Cast,Coal,2018,1,2018-01-01,27527.84,10510635.28,9775330.23,1017,196858.5,0.1398,24388.06,2502.82,688972.31,481479.26,207493.04,30.12,10082.58,14.405,0,1,1,OPERATIONAL,Under Review,0,,,1.88,1,0,1,In Progress
MINE-016,Maharashtra Iron Mine 16,Western,Maharashtra,Underground,Iron Ore,2020,5,2020-05-01,14093.99,3852023.09,3084167.42,484,87800.7,0.1605,16545.19,6705.59,945085.31,672636.93,272448.38,28.83,6806.12,16.022,0,1,1,Documentation,Under Review,0,,,0.91,1,0,1,Completed
MINE-015,Madhya Iron Mine 15,Central,Madhya Pradesh,Open Cast,Iron Ore,2020,5,2020-05-01,74741.48,14086398.07,11351396.79,1003,202003.5,0.37,68518.31,6260.16,4678932.82,3372891.42,1306041.41,27.91,22555.22,35.082,0,3,0,,,0,,,0.3,0,0,0,Completed
MINE-020,Uttar Iron Mine 20,Northern,Uttar Pradesh,Open Cast,Iron Ore,2024,10,2024-10-01,22452.02,4723977.98,2663854.51,417,75817.4,0.2961,27826.81,5038.98,1131352.89,925441.41,205911.48,18.2,7328.75,17.403,0,0,0,,,1,Fall of Roof/Rock,Minor,2.83,1,0,1,Completed
MINE-006,Maharashtra Limestone Mine 6,Western,Maharashtra,Open Cast,Limestone,2023,11,2023-11-01,47767.56,4919591.78,2590186.44,1004,208921.6,0.2286,50378.4,1003.79,479487.04,347824.69,131662.36,27.46,8650.62,21.06,0,1,1,Environmental,Closed,0,,,2.08,1,0,1,In Progress
MINE-027,Gujarat Iron Mine 27,Western,Gujarat,Open Cast,Iron Ore,2022,7,2022-07-01,6409.75,6248149.8,5191752.51,689,130408.7,0.0492,5879.42,5390.05,345488.95,243783.2,101705.75,29.44,1517.36,4.665,0,4,1,Equipment,Open,1,Haulage/Transport,Minor,2.95,2,1,1,Overdue
MINE-021,Jharkhand Limestone Mine 21,Eastern,Jharkhand,Open Cast,Limestone,2016,8,2016-08-01,4279.44,1715441.24,1676974.1,364,79975.5,0.0535,4301.59,953.78,40816.57,38500.76,2315.8,5.67,1491.2,2.375,0,5,0,,,0,,,1.98,0,0,0,Completed
MINE-016,Maharashtra Iron Mine 16,Western,Maharashtra,Underground,Iron Ore,2017,9,2017-09-01,13697.47,3852023.09,3533375.9,461,84610.7,0.1619,14950.01,6126.98,839240.98,477726.26,361514.72,43.08,3977.5,9.207,0,2,2,Equipment,Open,0,,,1.49,2,0,2,In Progress
MINE-012,West Iron Mine 12,Eastern,West Bengal,Open Cast,Iron Ore,2024,7,2024-07-01,168346.79,17808314.68,6597701.45,1221,265180.9,0.6348,174785.11,5570.1,9377084.15,6071687.36,3305396.79,35.25,53393.9,85.878,0,1,0,,,1,Fall of Roof/Rock,Minor,0.59,0,0,0,Completed
MINE-024,Chhattisgarh Bauxite Mine 24,Central,Chhattisgarh,Underground,Bauxite,2021,7,2021-07-01,55388.08,8763956.29,6293705.78,1172,228682.4,0.2422,89664.99,1578.86,874501.31,672792.35,201708.96,23.07,15095.88,38.424,0,2,0,,,0,,,2.18,0,0,0,Completed
MINE-013,Odisha Coal Mine 13,Eastern,Odisha,Open Cast,Coal,2023,1,2023-01-01,70368.42,11260157.97,7580927.63,697,138190.1,0.5092,71218.33,2569.29,1807971.17,1357883.2,450087.98,24.89,22359.93,32.657,0,0,1,Documentation,Closed,0,,,0.87,1,0,1,Pending
MINE-006,Maharashtra Limestone Mine 6,Western,Maharashtra,Open Cast,Limestone,2019,4,2019-04-01,19522.0,4919591.78,4274145.05,722,142396.4,0.1371,17863.94,1074.48,209760.58,146892.87,62867.7,29.97,7970.36,9.47,0,2,1,Environmental,Closed,0,,,0.42,1,0,1,In Progress
MINE-004,Chhattisgarh Coal Mine 4,Central,Chhattisgarh,Underground,Coal,2016,5,2016-05-01,13871.05,3455223.81,3390307.12,1524,315605.4,0.044,15546.85,2370.59,328825.77,258658.02,70167.74,21.34,4285.88,7.783,0,2,0,,,1,Electrical,Moderate,0.65,0,0,0,Completed
MINE-019,Andhra Coal Mine 19,Southern,Andhra Pradesh,Open Cast,Coal,2020,12,2020-12-01,34221.01,6903354.37,5327985.09,136,29302.9,1.1678,44343.5,2388.13,817242.79,480662.29,336580.5,41.18,14034.98,26.306,0,2,0,,,0,,,1.19,0,0,0,Completed
MINE-009,Andhra Iron Mine 9,Southern,Andhra Pradesh,Underground,Iron Ore,2018,5,2018-05-01,36275.64,7961285.52,6969706.05,1132,246699.7,0.147,40661.41,5458.87,1980239.08,1651403.74,328835.34,16.61,15839.64,25.405,0,0,1,Emergency Preparedness,Under Review,0,,,1.86,1,0,1,In Progress
MINE-011,Jharkhand Coal Mine 11,Eastern,Jharkhand,Underground,Coal,2021,4,2021-04-01,68627.24,4815796.69,2206901.22,501,97084.3,0.7069,87856.55,2207.74,1515110.91,857719.12,657391.8,43.39,21895.38,39.52,0,0,0,,,0,,,2.31,0,0,0,Completed
MINE-008,Telangana Iron Mine 8,Southern,Telangana,Open Cast,Iron Ore,2018,1,2018-01-01,12897.16,4242653.83,3931487.75,652,136567.2,0.0944,12999.26,5966.55,769515.01,598103.46,171411.55,22.28,3694.84,6.509,0,2,0,,,1,Slip/Fall,Minor,1.84,0,0,0,Completed
MINE-028,Telangana Coal Mine 28,Southern,Telangana,Open Cast,Coal,2020,7,2020-07-01,15418.77,10510635.28,9141421.69,1035,193902.5,0.0795,19841.98,2463.49,379839.83,222186.95,157652.88,41.51,6685.21,16.729,0,1,0,,,2,Fall of Roof/Rock,Minor,2.6,2,1,1,Overdue
MINE-002,West Iron Mine 2,Eastern,West Bengal,Open Cast,Iron Ore,2020,4,2020-04-01,66455.96,31788526.71,27798571.57,2031,415675.7,0.1599,62863.83,5961.71,3961909.63,3073270.88,888638.75,22.43,11674.14,27.186,0,0,0,,,0,,,2.0,0,0,0,Completed
MINE-018,Telangana Iron Mine 18,Southern,Telangana,Mixed,Iron Ore,2018,8,2018-08-01,11259.87,4638464.7,4227890.18,931,203282.9,0.0554,11387.54,4396.51,495040.79,347930.3,147110.49,29.72,2672.95,11.38,0,1,0,,,0,,,2.48,0,0,0,Completed
MINE-019,Andhra Coal Mine 19,Southern,Andhra Pradesh,Open Cast,Coal,2019,12,2019-12-01,32096.22,6903354.37,5699145.42,132,27633.3,1.1615,28251.96,2497.38,801565.11,467190.76,334374.35,41.72,12994.29,16.176,0,0,1,Equipment,Open,0,,,2.57,1,0,1,In Progress
MINE-027,Gujarat Iron Mine 27,Western,Gujarat,Open Cast,Iron Ore,2022,1,2022-01-01,7825.08,6248149.8,5234524.02,710,143803.6,0.0544,7051.65,5369.03,420131.33,333537.04,86594.29,20.61,3228.51,3.966,0,1,0,,,1,Machinery,Minor,1.35,1,0,1,Overdue
MINE-001,Jharkhand Coal Mine 1,Eastern,Jharkhand,Underground,Coal,2021,2,2021-02-01,150755.54,15973322.74,9676100.39,2718,536507.1,0.281,186082.96,2769.74,4175538.64,2547652.11,1627886.54,38.99,42000.64,77.684,0,2,0,,,2,Haulage/Transport,Minor,0.97,0,0,0,Completed
MINE-008,Telangana Iron Mine 8,Southern,Telangana,Open Cast,Iron Ore,2023,10,2023-10-01,18120.41,4242653.83,2818700.87,752,156311.9,0.1159,18687.51,7226.66,1309500.57,986978.66,322521.91,24.63,6515.94,10.962,0,1,0,,,0,,,0.4,0,0,0,Completed
MINE-026,Maharashtra Copper Mine 26,Western,Maharashtra,Underground,Copper Ore,2017,1,2017-01-01,15496.17,3439638.4,3234061.24,460,100081.1,0.1548,26118.34,7465.63,1156886.37,935770.66,221115.71,19.11,6227.05,18.397,0,0,1,Documentation,Open,0,,,1.89,1,0,1,Pending
MINE-030,Uttar Iron Mine 30,Northern,Uttar Pradesh,Mixed,Iron Ore,2021,9,2021-09-01,24251.61,9769224.08,7887916.94,767,142334.5,0.1704,30949.85,5145.54,1247877.05,863512.59,384364.46,30.8,11509.24,15.679,0,1,0,,,0,,,1.22,0,0,0,Completed
MINE-018,Telangana Iron Mine 18,Southern,Telangana,Mixed,Iron Ore,2024,7,2024-07-01,8386.69,4638464.7,3536595.48,961,178346.5,0.047,11913.64,4144.04,347547.74,263243.83,84303.91,24.26,4152.19,13.141,0,1,0,,,2,Fire,Minor,1.78,0,0,0,Completed
MINE-015,Madhya Iron Mine 15,Central,Madhya Pradesh,Open Cast,Iron Ore,2023,1,2023-01-01,106204.23,14086398.07,8621830.91,1157,209906.1,0.506,111045.86,6114.75,6494122.94,5037492.92,1456630.02,22.43,23376.98,47.561,0,1,1,Equipment,Closed,0,,,1.24,1,0,1,In Progress
MINE-017,Gujarat Iron Mine 17,Western,Gujarat,Open Cast,Iron Ore,2020,1,2020-01-01,32020.0,13268212.21,11575411.01,432,81724.5,0.3918,29014.69,5799.33,1856945.3,1034145.72,822799.58,44.31,9500.74,14.917,0,1,0,,,0,,,1.84,0,0,0,Completed
MINE-010,Uttar Coal Mine 10,Northern,Uttar Pradesh,MIXED,Coal,2021,12,2021-12-01,49713.36,3804225.22,1932604.32,972,199453.7,0.2492,56561.03,3295.2,1638153.23,943308.7,694844.53,42.42,13713.76,31.245,0,1,1,Documentation,Closed,2,Fire,Minor,1.71,2,0,2,In Progress
MINE-026,Maharashtra Copper Mine 26,Western,Maharashtra,Underground,Copper Ore,2017,10,2017-10-01,16723.85,3439638.4,3092614.44,476,89720.2,0.1864,27772.35,7410.01,1239239.08,866513.91,372725.16,30.08,6437.05,18.955,0,4,0,,,1,Haulage/Transport,Moderate,2.35,0,0,0,Completed
MINE-015,Madhya Iron Mine 15,Central,Madhya Pradesh,Open Cast,Iron Ore,2018,9,2018-09-01,58411.31,14086398.07,12610034.54,930,167594.1,0.3485,53164.39,5729.29,3346555.15,2195429.84,1151125.32,34.4,10158.34,23.888,0,5,0,,,0,,,1.15,0,0,0,Completed
MINE-021,Jharkhand Limestone Mine 21,Eastern,Jharkhand,Open Cast,Limestone,2017,6,2017-06-01,5295.87,1715441.24,1629030.77,341,65142.3,0.0813,5766.7,936.03,49570.96,43821.37,5749.59,11.6,2003.61,6.761,0,0,1,Environmental,Under Review,1,Electrical,Moderate,1.72,1,0,1,Pending
MINE-019,Andhra Coal Mine 19,Southern,Andhra Pradesh,Open-Cast,Coal,2016,5,2016-05-01,25013.64,6903354.37,6794760.81,131,23721.5,1.0545,29530.29,2564.65,641512.86,416719.4,224793.46,35.04,7404.57,13.534,0,1,1,Documentation,Open,3,Machinery,Minor,3.05,1,0,1,In Progress
MINE-010,Uttar Coal Mine 10,Northern,Uttar Pradesh,Mixed,Coal,2024,3,2024-03-01,67310.86,3804225.22,320535.38,1094,236012.9,0.2852,98860.45,3473.89,2338305.03,1359112.74,979192.29,41.88,26882.44,46.346,0,3,0,,,0,,,2.06,0,0,0,Completed
MINE-001,Jharkhand Coal Mine 1,Eastern,Jharkhand,underground,Coal,2020,6,2020-06-01,156732.11,15973322.74,10811862.16,2790,582899.5,0.2689,210434.84,2469.14,3869928.47,2818786.94,1051141.53,27.16,48078.52,93.784,0,3,1,Equipment,Open,1,Slip/Fall,Minor,2.4,1,0,1,Pending
MINE-030,Uttar Iron Mine 30,Northern,Uttar Pradesh,Mixed,Iron Ore,2017,6,2017-06-01,28072.25,9769224.08,9262620.36,740,147535.3,0.1903,27854.51,5255.82,1475428.34,970403.16,505025.18,34.23,11832.34,19.127,0,1,0,,,0,,,1.88,0,0,0,Completed
MINE-025,Madhya Limestone Mine 25,Central,Madhya Pradesh,Open Cast,Limestone,2021,11,2021-11-01,8046.72,5333812.33,4561665.76,1111,219721.7,0.0366,10182.3,767.91,61791.33,46020.17,15771.17,25.52,1218.73,4.681,0,2,2,Operational,Under Review,0,,,0.75,2,1,1,In Progress
MINE-017,Gujarat Iron Mine 17,Western,Gujarat,Open Cast,Iron Ore,2021,10,2021-10-01,29758.0,13268212.21,10940937.11,419,77915.0,0.3819,36684.68,5382.17,1601626.54,935905.81,665720.73,41.57,4922.19,14.189,0,2,0,,,0,,,1.26,0,0,0,Completed
MINE-003,Odisha Coal Mine 3,Eastern,Odisha,Underground,Coal,2019,7,2019-07-01,147791.33,24608205.58,20338879.37,1255,248549.7,0.5946,184065.64,2598.4,3840205.3,3175220.38,664984.92,17.32,56786.79,86.614,0,0,0,,,0,,,1.4,0,0,0,Completed
MINE-005,Madhya Coal Mine 5,Central,Madhya Pradesh,Open Cast,Coal,2022,2,2022-02-01,11448.94,6162270.35,4916986.09,1053,194755.3,0.0588,11352.48,2509.42,287301.92,179189.86,108112.06,37.63,4618.9,10.171,0,0,1,Documentation,Closed,0,,,0.32,2,0,2,In Progress
MINE-007,Gujarat Coal Mine 7,Western,Gujarat,Underground,Coal,2024,9,2024-09-01,11886.81,4595599.71,3384223.9,1592,335361.8,0.0354,14830.12,2991.76,355625.32,215126.47,140498.85,39.51,5402.76,11.769,0,1,0,,,2,Machinery,Minor,2.71,0,0,0,Completed
MINE-021,Jharkhand Limestone Mine 21,Eastern,Jharkhand,Open Cast,Limestone,2019,11,2019-11-01,3851.47,1715441.24,1506201.23,327,67348.6,0.0572,3087.65,742.79,28608.31,20844.59,7763.72,27.14,1705.5,9.007,0,2,1,Operational,Closed,1,Fire,Minor,1.11,1,0,1,In Progress
MINE-003,Odisha Coal Mine 3,Eastern,Odisha,Underground,Coal,2016,2,2016-02-01,71232.79,24608205.58,24474404.8,1048,197066.6,0.3615,113488.05,2439.45,1737686.25,1307366.3,430319.95,24.76,27092.29,49.035,0,1,1,Documentation,Under Review,1,Slip/Fall,Serious,1.64,2,1,1,In Progress
MINE-008,Telangana Iron Mine 8,Southern,Telangana,Open Cast,Iron Ore,2021,9,2021-09-01,17818.27,4242653.83,3272531.93,760,151580.3,0.1175,18310.81,7717.7,1375160.25,871922.79,503237.47,36.59,7527.09,16.935,0,0,0,,,1,Fall of Roof/Rock,Minor,0.58,0,0,0,Completed
MINE-018,Telangana Iron Mine 18,Southern,Telangana,Mixed,Iron Ore,2023,10,2023-10-01,7638.67,4638464.7,3612626.32,927,193977.9,0.0394,11316.63,4105.14,313578.63,275478.56,38100.08,12.15,2576.85,9.302,0,0,0,,,2,Electrical,Minor,2.32,0,0,0,Completed
MINE-005,Madhya Coal Mine 5,Central,Madhya Pradesh,Open Cast,Coal,2019,12,2019-12-01,14849.92,6162270.35,5262103.95,1091,203709.3,0.0729,17318.72,2332.0,346300.2,282394.59,63905.61,18.45,5349.14,9.668,0,2,2,Documentation,Open,1,Slip/Fall,Moderate,2.53,2,1,1,In Progress
MINE-023,Odisha Copper Mine 23,Eastern,Odisha,Open Cast,Copper Ore,2024,12,2024-12-01,116140.32,20545143.55,12107396.19,1931,388183.3,0.2992,126594.93,6369.96,7398088.01,4324334.47,3073753.54,41.55,31088.32,58.826,0,1,0,,,0,,,0.47,0,0,0,Completed
MINE-013,Odisha Coal Mine 13,Eastern,Odisha,Open Cast,Coal,2023,10,2023-10-01,69296.92,11260157.97,6977546.49,639,132333.0,0.5237,84143.05,2741.09,1899491.39,1327108.17,572383.21,30.13,10930.95,32.829,0,0,0,,,1,Gas/Explosion,Minor,2.34,1,0,1,Overdue
MINE-026,Maharashtra Copper Mine 26,Western,Maharashtra,Underground,Copper Ore,2018,5,2018-05-01,17323.79,3439638.4,2972579.46,489,105827.6,0.1637,28722.96,7198.12,1246987.22,787367.55,459619.68,36.86,5605.78,17.946,0,0,0,,,1,Machinery,Moderate,2.85,0,0,0,Completed
MINE-012,West Iron Mine 12,Eastern,West Bengal,Open Cast,Iron Ore,2022,7,2022-07-01,130933.52,17808314.68,10486966.56,1098,203483.7,0.6435,151102.14,5469.22,7161037.71,5059817.32,2101220.39,29.34,30775.11,61.186,0,0,0,,,0,,,0.2,0,0,0,Completed
MINE-025,Madhya Limestone Mine 25,Central,Madhya Pradesh,Open Cast,Limestone,2024,1,2024-01-01,6624.61,5333812.33,4384581.19,1075,206357.0,0.0321,6872.79,675.56,44753.27,48894.67,-4141.4,-9.25,1643.26,7.898,0,1,0,,,0,,,1.05,0,0,0,Completed
MINE-020,Uttar Iron Mine 20,Northern,Uttar Pradesh,Open Cast,Iron Ore,2016,2,2016-02-01,16243.45,4723977.98,4691739.37,432,79037.0,0.2055,13438.54,4950.64,804154.87,495110.04,309044.83,38.43,2555.6,13.136,0,0,1,Emergency Preparedness,Under Review,0,,,0.8,1,0,1,Completed
MINE-015,Madhya Iron Mine 15,Central,Madhya Pradesh,Open Cast,Iron Ore,2023,3,2023-03-01,100637.32,14086398.07,8415442.42,1142,218193.3,0.4612,124270.71,5790.5,5827406.71,3964372.76,1863033.95,31.97,42034.33,64.628,0,1,0,,,0,,,1.03,0,0,0,Completed
MINE-021,Jharkhand Limestone Mine 21,Eastern,Jharkhand,Open Cast,Limestone,2022,7,2022-07-01,3426.24,1715441.24,1384391.03,318,66801.9,0.0513,4077.29,726.52,24892.26,24049.63,842.63,3.39,1381.68,8.685,0,2,0,,,1,Machinery,Minor,1.59,0,0,0,Completed
MINE-015,Madhya Iron Mine 15,Central,Madhya Pradesh,Open Cast,Iron Ore,2023,12,2023-12-01,132573.62,14086398.07,7383759.41,1144,207110.0,0.6401,121720.58,6360.98,8432987.47,6904183.81,1528803.66,18.13,30663.96,55.645,0,2,0,,,0,,,0.77,0,0,0,Completed
MINE-023,Odisha Copper Mine 23,Eastern,Odisha,open cast,Copper Ore,2016,7,2016-07-01,42713.08,20545143.55,20204490.7,1440,305699.5,0.1397,41974.58,7741.24,3306523.84,2370819.68,935704.16,28.3,15039.75,26.849,0,0,1,Environmental,Under Review,0,,,0.87,1,0,1,Completed
MINE-008,Telangana Iron Mine 8,Southern,Telangana,Open Cast,Iron Ore,2017,4,2017-04-01,12396.41,4242653.83,4048594.11,691,139979.6,0.0886,10265.27,5910.25,732658.77,536260.96,196397.81,26.81,2031.54,7.693,0,1,2,Documentation,Closed,0,,,3.05,3,2,1,Overdue
MINE-029,Andhra Copper Mine 29,Southern,Andhra Pradesh,Open Cast,Copper Ore,2018,8,2018-08-01,31752.61,11305197.36,10249695.65,297,64390.2,0.4931,34279.87,8320.21,2641884.69,1565851.39,1076033.31,40.73,10538.46,23.219,0,1,0,,,0,,,1.88,0,0,0,Completed
MINE-028,Telangana Coal Mine 28,Southern,Telangana,Open Cast,Coal,2023,7,2023-07-01,10001.11,10510635.28,8668788.97,947,198088.5,0.0505,9422.99,2150.27,215050.67,184511.86,30538.81,14.2,3419.33,11.434,0,2,0,,,1,Electrical,Minor,1.24,0,0,0,Completed
MINE-011,Jharkhand Coal Mine 11,Eastern,Jharkhand,Underground,Coal,2024,1,2024-01-01,124635.94,4815796.69,0.0,696,152049.3,0.8197,158553.27,2459.75,3065733.52,1830716.55,1235016.97,40.28,52018.2,75.489,0,4,1,Equipment,Closed,0,,,1.18,1,0,1,Overdue
MINE-028,Telangana Coal Mine 28,Southern,Telangana,Open Cast,Coal,2016,9,2016-09-01,28493.5,10510635.28,10225781.74,983,186970.5,0.1524,32128.48,2318.1,660507.55,559668.21,100839.34,15.27,8707.57,19.312,0,0,0,,,0,,,2.07,0,0,0,Completed
MINE-011,Jharkhand Coal Mine 11,Eastern,Jharkhand,Underground,Coal,2016,6,2016-06-01,23760.16,4815796.69,4684010.76,374,74443.1,0.3192,40739.45,2446.95,581398.95,455201.57,126197.38,21.71,8938.74,16.984,0,2,0,,,1,Fall of Roof/Rock,Minor,2.7,0,0,0,Completed
MINE-029,Andhra Copper Mine 29,Southern,Andhra Pradesh,Open Cast,Copper Ore,2020,8,2020-08-01,35580.38,11305197.36,9360334.86,293,56349.2,0.6314,32800.14,7161.04,2547925.84,1496926.08,1050999.76,41.25,15748.01,17.911,0,0,0,,,0,,,1.77,0,0,0,Completed
MINE-030,Uttar Iron Mine 30,Northern,Uttar Pradesh,Mixed,Iron Ore,2022,8,2022-08-01,24301.18,9769224.08,7613855.58,755,144384.0,0.1683,28300.14,4748.33,1153901.2,803498.88,350402.32,30.37,5877.53,12.143,0,0,0,,,0,,,1.68,0,0,0,Completed
MINE-013,Odisha Coal Mine 13,Eastern,Odisha,Open Cast,Coal,2018,6,2018-06-01,40745.14,11260157.97,10312536.45,590,108992.0,0.3738,34625.28,2590.97,1055694.15,837662.61,218031.55,20.65,17417.81,20.665,0,1,0,,,1,Haulage/Transport,Moderate,2.5,0,0,0,Completed
MINE-022,West Copper Mine 22,Eastern,West Bengal,Open Cast,Copper Ore,2019,12,2019-12-01,96429.3,11657228.78,8723780.91,2213,448731.2,0.2149,124181.1,8295.9,7999675.12,5479524.6,2520150.52,31.5,18641.94,51.164,0,1,1,Environmental,Under Review,0,,,0.66,1,0,1,Overdue
MINE-022,West Copper Mine 22,Eastern,West Bengal,Open Cast,Copper Ore,2021,12,2021-12-01,127272.32,11657228.78,6222339.86,2402,468228.2,0.2718,140447.81,9194.45,11701991.49,9181717.87,2520273.62,21.54,47313.3,66.602,0,0,0,,,0,,,1.28,0,0,0,Completed
MINE-008,Telangana Iron Mine 8,Southern,Telangana,Open Cast,Iron Ore,2020,3,2020-03-01,14247.87,4242653.83,3562365.77,730,132996.8,0.1071,12811.44,7470.58,1064399.15,792160.41,272238.73,25.58,6296.13,7.736,0,2,0,,,2,Fire,Minor,1.72,0,0,0,Completed
MINE-027,Gujarat Iron Mine 27,Western,Gujarat,Open Cast,Iron Ore,2019,8,2019-08-01,11761.17,6248149.8,5515353.55,743,138547.7,0.0849,11486.38,6175.08,726261.12,587569.66,138691.47,19.1,3619.38,6.802,0,2,0,,,0,,,2.39,1,0,1,Completed
MINE-013,Odisha Coal Mine 13,Eastern,Odisha,Open Cast,Coal,2024,12,2024-12-01,94798.77,11260157.97,5850528.25,790,144511.2,0.656,108410.09,2593.55,2458655.18,1961788.33,496866.84,20.21,42494.89,55.7,0,2,2,Environmental,Under Review,0,,,1.14,2,1,1,Pending
MINE-019,Andhra Coal Mine 19,Southern,Andhra Pradesh,Open Cast,Coal,2022,7,2022-07-01,32980.7,6903354.37,4679507.93,134,,1.1349,39298.98,2253.13,743097.82,497282.17,245815.65,33.08,9417.33,23.773,0,1,0,,,2,Fall of Roof/Rock,Moderate,1.56,0,0,0,Completed
MINE-019,Andhra Coal Mine 19,Southern,Andhra Pradesh,Open Cast,Coal,2022,8,2022-08-01,34184.73,6903354.37,4645323.2,132,25873.4,1.3212,40286.37,2270.31,776098.12,572072.6,204025.52,26.29,5863.32,16.58,0,3,1,Operational,Under Review,0,,,2.12,1,0,1,Completed
MINE-022,West Copper Mine 22,Eastern,West Bengal,Open Cast,Copper Ore,2021,5,2021-05-01,110234.24,11657228.78,7054414.89,2277,442351.5,0.2492,101574.31,8709.24,9600563.31,8135740.1,1464823.21,15.26,23339.7,49.874,0,3,1,Environmental,Open,1,Fall of Roof/Rock,Moderate,2.61,2,1,1,In Progress
MINE-030,Uttar Iron Mine 30,Northern,Uttar Pradesh,Mixed,Iron Ore,2023,3,2023-03-01,25851.69,9769224.08,7437920.07,731,147990.0,0.1747,37933.19,4937.69,1276475.53,1065174.42,211301.11,16.55,7587.24,16.532,0,3,0,,,0,,,1.38,0,0,0,Completed
MINE-011,Jharkhand Coal Mine 11,Eastern,Jharkhand,Underground,Coal,2022,12,2022-12-01,109847.4,4815796.69,501195.14,672,121486.7,0.9042,157651.93,2306.73,2533887.94,1815010.62,718877.31,28.37,43184.49,69.533,0,1,0,,,0,,,0.48,0,0,0,Completed
MINE-009,Andhra Iron Mine 9,Southern,Andhra Pradesh,Underground,Iron Ore,2024,4,2024-04-01,33641.05,7961285.52,4548663.85,1068,219718.7,0.1531,47339.73,4978.04,1674664.33,1061866.17,612798.16,36.59,13971.38,21.327,0,1,0,,,0,,,0.53,1,0,1,Overdue
MINE-030,Uttar Iron Mine 30,Northern,Uttar Pradesh,Mixed,Iron Ore,2018,8,2018-08-01,29256.07,9769224.08,8865769.98,780,148788.9,0.1966,27825.6,5030.27,1471658.39,913725.26,557933.12,37.91,7657.35,18.976,0,1,1,Emergency Preparedness,Open,0,,,1.81,1,0,1,Completed
MINE-019,Andhra Coal Mine 19,Southern,Andhra Pradesh,Open Cast,Coal,2020,11,2020-11-01,35921.0,6903354.37,5362206.09,133,26839.0,1.3384,36490.77,2307.42,828848.12,699709.07,129139.05,15.58,14916.13,21.161,0,0,0,,,1,Slip/Fall,Minor,2.04,0,0,0,Completed
MINE-004,Chhattisgarh Coal Mine 4,Central,Chhattisgarh,Underground,Coal,2022,3,2022-03-01,5841.57,3455223.81,2750562.43,1324,248662.4,0.0235,7348.4,2462.66,143858.33,109816.47,34041.86,23.66,2335.34,6.468,0,3,0,,,1,Fire,Minor,2.57,0,0,0,Completed
MINE-006,Maharashtra Limestone Mine 6,Western,Maharashtra,open cast,Limestone,2019,9,2019-09-01,21531.09,4919591.78,4170239.81,745,163709.0,0.1315,19272.57,1151.34,247896.94,191831.1,56065.84,22.62,3822.86,7.723,0,0,0,,,0,,,1.94,1,0,1,Pending
MINE-009,Andhra Iron Mine 9,Southern,Andhra Pradesh,Underground,Iron Ore,2023,1,2023-01-01,39225.54,7961285.52,5067054.3,1106,217544.4,0.1803,54064.48,4971.41,1950061.86,1582445.07,367616.78,18.85,17989.19,27.127,0,3,1,Operational,Closed,1,Fire,Minor,2.88,1,0,1,Completed
MINE-007,Gujarat Coal Mine 7,Western,Gujarat,Underground,Coal,2020,9,2020-09-01,12319.67,4595599.71,3939657.25,1537,302928.6,0.0407,20291.09,2974.84,366490.81,309289.33,57201.48,15.61,4350.51,12.311,0,1,0,,,2,Gas/Explosion,Minor,2.7,0,0,0,Completed
MINE-004,Chhattisgarh Coal Mine 4,Central,Chhattisgarh,Underground,Coal,2024,12,2024-12-01,5412.9,3455223.81,2567510.97,1324,270531.4,0.02,8684.42,2464.61,133406.88,95001.65,38405.22,28.79,2808.44,6.062,0,0,1,Safety,Closed,0,,,0.39,1,0,1,Pending
MINE-016,Maharashtra Iron Mine 16,Western,Maharashtra,Underground,Iron Ore,2021,9,2021-09-01,12280.74,3852023.09,2882335.63,453,87261.3,0.1407,15121.17,7264.24,892102.2,678056.71,214045.49,23.99,6047.98,13.034,0,2,0,,,0,,,1.6,1,0,1,In Progress
MINE-003,Odisha Coal Mine 3,Eastern,Odisha,Underground,Coal,2022,5,2022-05-01,224246.38,24608205.58,13508356.96,1625,326896.5,0.686,251439.02,3169.7,7107946.0,3982188.45,3125757.55,43.98,117868.14,138.085,0,3,0,,,0,,,1.32,0,0,0,Completed
MINE-002,West Iron Mine 2,Eastern,West Bengal,Open Cast,Iron Ore,2019,2,2019-02-01,78916.51,31788526.71,28784005.17,2063,389128.9,0.2028,73782.97,5506.08,4345203.16,2985941.2,1359261.96,31.28,32737.95,41.495,0,1,0,,,1,Fire,Minor,2.81,0,0,0,Completed
MINE-003,Odisha Coal Mine 3,Eastern,Odisha,Underground,Coal,2024,12,2024-12-01,569840.4,24608205.58,1634511.2,2566,474499.0,1.2009,841237.81,3127.7,17822887.9,13811152.31,4011735.59,22.51,172323.24,345.917,0,1,1,Safety,Closed,0,,,2.46,1,0,1,Overdue
MINE-027,Gujarat Iron Mine 27,Western,Gujarat,Open Cast,Iron Ore,2017,3,2017-03-01,17484.85,6248149.8,5941420.67,791,142603.4,0.1226,17135.13,6114.71,1069147.32,657361.0,411786.31,38.52,4801.33,7.629,0,1,2,Documentation,Open,0,,,2.36,2,1,1,Pending
MINE-022,West Copper Mine 22,Eastern,West Bengal,Open Cast,Copper Ore,2019,1,2019-01-01,76528.05,11657228.78,9593446.25,2010,364450.1,0.21,84011.95,8179.4,6259537.19,3995347.64,2264189.54,36.17,19606.23,42.441,0,4,0,,,1,Fire,Serious,1.73,1,0,1,In Progress
MINE-011,Jharkhand Coal Mine 11,Eastern,Jharkhand,Underground,Coal,2023,2,2023-02-01,112183.71,4815796.69,285275.66,651,132805.0,0.8447,164851.79,2302.89,2583471.5,1532388.42,1051083.08,40.68,34220.24,66.596,0,1,0,,,0,,,1.31,0,0,0,Completed
MINE-014,Chhattisgarh Bauxite Mine 14,Central,Chhattisgarh,Underground,Bauxite,2020,1,2020-01-01,9053.78,3172486.06,2650445.1,853,171684.5,0.0527,13108.77,2856.93,258660.16,224218.61,34441.55,13.32,3354.84,12.47,0,0,1,Equipment,Under Review,0,,,1.12,3,1,2,Completed
MINE-001,Jharkhand Coal Mine 1,Eastern,Jharkhand,underground,Coal,2016,3,2016-03-01,65641.17,15973322.74,15782123.72,2216,431997.2,0.1519,94098.8,2453.72,1610653.33,1307117.2,303536.13,18.85,37878.96,47.962,0,6,0,,,1,Fall of Roof/Rock,Moderate,1.56,0,0,0,Completed
MINE-016,Maharashtra Iron Mine 16,Western,Maharashtra,Underground,Iron Ore,2023,9,2023-09-01,10762.03,3852023.09,2607398.59,450,95482.6,0.1127,17768.04,8142.43,876290.94,495194.3,381096.64,43.49,3112.85,,0,1,0,,,0,,,0.11,0,0,0,Completed
MINE-006,Maharashtra Limestone Mine 6,Western,Maharashtra,Open-Cast,Limestone,2019,1,2019-01-01,20046.09,4919591.78,4336193.23,738,141393.2,0.1418,24793.96,1021.27,204725.64,146903.19,57822.45,28.24,7913.52,17.451,0,1,0,,,0,,,0.13,0,0,0,Completed
MINE-024,Chhattisgarh Bauxite Mine 24,Central,Chhattisgarh,Underground,Bauxite,2018,5,2018-05-01,31054.49,8763956.29,7965380.19,980,184346.3,0.1685,44587.45,1916.3,595097.55,418874.56,176222.99,29.61,15162.28,22.216,0,1,0,,,0,,,2.18,1,0,1,In Progress
MINE-004,Chhattisgarh Coal Mine 4,Central,Chhattisgarh,Underground,Coal,2017,4,2017-04-01,12314.9,3455223.81,3261135.51,1476,287580.1,0.0428,19195.6,2382.49,293401.26,188939.47,104461.79,35.6,3657.72,10.212,0,0,0,,,0,,,2.26,0,0,0,Completed
MINE-013,Odisha Coal Mine 13,Eastern,Odisha,Open Cast,Coal,2023,3,2023-03-01,70270.75,11260157.97,7443620.38,697,132918.5,0.5287,71029.78,2547.02,1789813.16,1438169.66,351643.5,19.65,18906.92,32.323,0,2,0,,,0,,,0.82,1,0,1,Pending
MINE-018,Telangana Iron Mine 18,Southern,Telangana,Mixed,Iron Ore,2022,5,2022-05-01,9345.09,4638464.7,3761599.26,953,188969.0,0.0495,13528.75,4078.33,381123.94,327572.74,53551.19,14.05,4816.4,12.128,0,0,0,,,0,,,2.32,1,0,1,Pending
MINE-009,Andhra Iron Mine 9,Southern,Andhra Pradesh,Underground,Iron Ore,2021,2,2021-02-01,35808.61,7961285.52,5860354.46,1081,194900.4,0.1837,59598.11,5204.66,1863715.14,1448261.23,415453.91,22.29,9825.74,26.915,0,1,2,safety,Closed,0,,,2.62,2,1,1,Overdue
MINE-003,Odisha Coal Mine 3,Eastern,Odisha,Underground,Coal,2020,2,2020-02-01,165309.43,24608205.58,19285483.95,1346,277693.6,0.5953,251169.02,2677.4,4425988.99,3683277.18,742711.8,16.78,61371.31,108.946,0,2,0,,,2,Fall of Roof/Rock,Moderate,2.87,0,0,0,Completed
MINE-004,Chhattisgarh Coal Mine 4,Central,Chhattisgarh,Underground,Coal,2020,5,2020-05-01,8281.14,3455223.81,2905247.05,1314,236978.0,0.0349,14428.22,2610.84,216207.0,131412.18,84794.82,39.22,2907.69,7.851,0,1,1,Emergency Preparedness,Closed,0,,,2.79,1,0,1,Completed
MINE-030,Uttar Iron Mine 30,Northern,Uttar Pradesh,Mixed,Iron Ore,2024,11,2024-11-01,22835.87,9769224.08,6968711.24,742,133803.0,0.1707,31435.07,4570.47,1043705.94,711427.99,332277.95,31.84,7508.44,19.993,0,1,0,,,0,,,0.47,0,0,0,Completed
MINE-017,Gujarat Iron Mine 17,Western,Gujarat,OPEN CAST,Iron Ore,2019,8,2019-08-01,28526.52,13268212.21,11741713.06,430,82155.7,0.3472,29016.89,5854.65,1670127.24,1125242.73,544884.5,32.63,4886.05,14.228,0,0,0,,,1,Haulage/Transport,Minor,1.83,0,0,0,Completed
MINE-014,Chhattisgarh Bauxite Mine 14,Central,Chhattisgarh,Underground,Bauxite,2020,12,2020-12-01,9273.56,3172486.06,2558057.91,794,143816.6,0.0645,13811.43,2960.18,274514.12,184761.46,89752.66,32.7,2666.15,6.619,0,4,0,,,0,,,1.87,0,0,0,Completed
MINE-003,Odisha Coal Mine 3,Eastern,Odisha,Underground,Coal,2020,8,2020-08-01,169691.77,24608205.58,18215435.32,1275,261761.1,0.6483,190475.24,2676.24,4541357.37,2797055.24,1744302.13,38.41,43179.43,80.409,0,3,0,,,0,,,2.21,1,0,1,Overdue
MINE-007,Gujarat Coal Mine 7,Western,Gujarat,Underground,Coal,2020,1,2020-01-01,11744.93,4595599.71,4031518.29,1661,320604.5,0.0366,14020.66,2632.49,309183.73,217909.79,91273.94,29.52,3879.24,6.178,0,1,0,,,0,,,0.83,0,0,0,Completed
MINE-024,Chhattisgarh Bauxite Mine 24,Central,Chhattisgarh,Underground,Bauxite,2018,12,2018-12-01,39132.3,8763956.29,7719325.66,1100,225672.8,0.1734,47103.56,1702.95,666404.79,447264.69,219140.1,32.88,11852.64,23.801,0,1,0,,,1,Haulage/Transport,Minor,2.87,0,0,0,Completed
MINE-003,Odisha Coal Mine 3,Eastern,Odisha,Underground,Coal,2018,5,2018-05-01,114021.03,24608205.58,22153357.56,1111,232170.6,0.4911,171758.56,2642.86,3013419.26,2442647.41,570771.85,18.94,50575.43,84.686,0,3,1,Documentation,Closed,0,,,2.75,1,0,1,Completed
MINE-029,Andhra Copper Mine 29,Southern,Andhra Pradesh,Open Cast,Copper Ore,2019,7,2019-07-01,35990.95,11305197.36,9854049.53,282,54336.3,0.6624,35086.62,8048.14,2896602.61,1598681.43,1297921.18,44.81,15488.15,22.143,0,0,0,,,0,,,0.34,0,0,0,Completed
MINE-005,Madhya Coal Mine 5,Central,Madhya Pradesh,Open Cast,Coal,2019,9,2019-09-01,14634.53,6162270.35,5306671.0,1040,215280.8,0.068,12733.32,2256.92,330289.98,256699.82,73590.16,22.28,4639.31,8.106,0,1,0,,,0,,,1.64,0,0,0,Completed
MINE-027,Gujarat Iron Mine 27,Western,Gujarat,Open Cast,Iron Ore,2018,5,2018-05-01,16676.05,6248149.8,5714408.92,781,149187.3,0.1118,20992.52,5914.74,986345.64,713995.29,272350.34,27.61,2671.69,8.652,0,1,0,,,1,Electrical,Serious,2.72,0,0,0,Completed
MINE-020,Uttar Iron Mine 20,Northern,Uttar Pradesh,Open Cast,Iron Ore,2016,8,2016-08-01,14389.94,4723977.98,4593361.19,428,79664.5,0.1806,12891.34,5145.09,740376.01,533038.26,207337.75,28.0,2329.48,11.322,0,2,0,,,1,Fall of Roof/Rock,Moderate,0.73,0,0,0,Completed
MINE-008,Telangana Iron Mine 8,Southern,Telangana,Open Cast,Iron Ore,2020,10,2020-10-01,16140.41,4242653.83,3455067.75,754,155175.0,0.104,14937.67,6986.33,1127621.82,706356.56,421265.26,37.36,2477.35,7.975,0,1,0,,,0,,,1.42,0,0,0,Completed
MINE-019,Andhra Coal Mine 19,Southern,Andhra Pradesh,Open Cast,Coal,2022,3,2022-03-01,34880.84,6903354.37,4820506.05,140,29459.6,1.184,40577.2,2534.05,883898.5,504111.33,379787.17,42.97,14701.01,20.546,0,4,0,,,2,Machinery,Minor,1.36,0,0,0,Completed
MINE-019,Andhra Coal Mine 19,Southern,Andhra Pradesh,Open Cast,Coal,2024,3,2024-03-01,38492.02,6903354.37,3906929.93,138,28493.3,1.3509,36659.65,2240.58,862443.47,591227.17,271216.3,31.45,10861.73,20.073,0,2,0,,,0,,,0.03,0,0,0,Completed
MINE-030,Uttar Iron Mine 30,Northern,Uttar Pradesh,Mixed,Iron Ore,2019,11,2019-11-01,29294.11,9769224.08,8449570.63,772,162516.9,0.1803,31113.07,5367.15,1572259.94,937578.38,634681.55,40.37,11122.71,15.22,0,3,0,,,1,Electrical,Minor,2.46,0,0,0,Completed
MINE-029,Andhra Copper Mine 29,Southern,Andhra Pradesh,Open Cast,Copper Ore,2016,12,2016-12-01,36696.08,11305197.36,10916688.86,272,55171.7,0.6651,39021.87,8525.84,3128650.66,2337093.79,791556.88,25.3,12428.27,23.047,0,1,1,Environmental,Open,0,,,1.07,1,0,1,Completed
MINE-030,Uttar Iron Mine 30,Northern,Uttar Pradesh,Mixed,Iron Ore,2023,4,2023-04-01,24649.68,9769224.08,7413270.38,714,147407.5,0.1672,29913.72,5091.17,1254956.24,981659.7,273296.54,21.78,12178.72,20.407,0,1,1,Environmental,Closed,0,,,2.38,1,0,1,Overdue
MINE-011,Jharkhand Coal Mine 11,Eastern,Jharkhand,Underground,Coal,2023,1,2023-01-01,103735.76,4815796.69,397459.37,625,131983.9,0.786,155909.51,2300.99,2386950.88,1768334.41,618616.47,25.92,44590.55,70.713,0,2,0,,,0,,,1.09,1,0,1,Completed
MINE-017,Gujarat Iron Mine 17,Western,Gujarat,Open Cast,Iron Ore,2022,5,2022-05-01,29525.04,13268212.21,10733989.5,424,85648.1,0.3447,28350.84,5360.77,1582770.1,1061402.17,521367.93,32.94,11940.36,20.187,0,1,0,,,0,,,2.27,1,0,1,Pending
MINE-022,West Copper Mine 22,Eastern,West Bengal,Open Cast,Copper Ore,2024,7,2024-07-01,175157.15,11657228.78,1341019.83,2939,586236.9,0.2988,169098.88,11099.44,19441469.74,10962176.14,8479293.6,43.61,55141.29,80.468,0,0,0,,,0,,,1.74,0,0,0,Completed
MINE-003,Odisha Coal Mine 3,Eastern,Odisha,Underground,Coal,2018,11,2018-11-01,134540.83,24608205.58,21459706.67,1281,259200.8,0.5191,156227.85,,3516027.77,2238729.16,1277298.6,36.33,57193.53,80.286,0,0,0,,,0,,,0.36,1,0,1,Completed
MINE-004,Chhattisgarh Coal Mine 4,Central,Chhattisgarh,Underground,Coal,2023,6,2023-06-01,5974.87,3455223.81,2659081.17,1363,248794.8,0.024,10238.29,2214.95,132340.44,98867.62,33472.82,25.29,2584.42,10.775,0,1,0,,,0,,,1.46,0,0,0,Completed
MINE-006,Maharashtra Limestone Mine 6,Western,Maharashtra,Open Cast,Limestone,2016,6,2016-06-01,14675.33,4919591.78,4840660.96,694,131298.6,0.1118,15563.23,903.31,132564.32,93764.29,38800.03,29.27,3485.25,8.347,0,4,1,Operational,Under Review,0,,,1.08,1,0,1,Completed
MINE-012,West Iron Mine 12,Eastern,West Bengal,Open Cast,Iron Ore,2016,6,2016-06-01,58938.77,17808314.68,17455977.65,894,173815.3,0.3391,67382.17,5087.41,2998454.04,2330311.74,668142.31,22.28,19029.67,35.822,0,3,0,,,3,Machinery,Minor,3.34,0,0,0,Completed
MINE-007,Gujarat Coal Mine 7,Western,Gujarat,Underground,Coal,2023,7,2023-07-01,11264.17,4595599.71,3543103.97,1396,303113.5,0.0372,15876.91,2992.79,337113.52,265983.52,71130.01,21.1,5807.35,8.204,0,5,0,,,1,Haulage/Transport,Minor,1.95,0,0,0,Completed
MINE-003,Odisha Coal Mine 3,Eastern,Odisha,Underground,Coal,2023,11,2023-11-01,380668.09,24608205.58,7471427.95,1995,426001.5,0.8936,430297.69,2940.87,11194950.18,6298962.81,4895987.37,43.73,148206.6,204.963,0,1,0,,,0,,,1.64,0,0,0,Completed
MINE-019,Andhra Coal Mine 19,Southern,Andhra Pradesh,Open Cast,Coal,2023,4,2023-04-01,35431.18,6903354.37,4343525.25,131,25341.5,1.3981,32454.2,2240.96,793998.96,458531.88,335467.09,42.25,7726.31,18.347,0,1,1,Equipment,Open,0,,,0.49,1,0,1,Overdue
MINE-009,Andhra Iron Mine 9,Southern,Andhra Pradesh,Underground,Iron Ore,2018,6,2018-06-01,35954.85,7961285.52,6933751.2,1154,252165.5,0.1426,46002.48,5456.36,1961826.21,1456272.24,505553.98,25.77,16824.03,28.161,0,2,0,,,0,,,0.4,0,0,0,Completed
MINE-011,Jharkhand Coal Mine 11,Eastern,Jharkhand,Underground,Coal,2020,4,2020-04-01,64600.54,4815796.69,2979826.65,504,99187.5,0.6513,90975.0,2404.7,1553447.58,1008591.03,544856.55,35.07,30658.07,47.56,0,4,0,,,1,Haulage/Transport,Minor,1.67,0,0,0,Completed
MINE-014,Chhattisgarh Bauxite Mine 14,Central,Chhattisgarh,Underground,Bauxite,2019,10,2019-10-01,8904.69,3172486.06,2678247.35,809,172095.6,0.0517,15197.17,2819.26,251046.68,203392.9,47653.78,18.98,2495.41,7.325,0,0,0,,,0,,,1.4,0,0,0,Completed
MINE-030,Uttar Iron Mine 30,Northern,Uttar Pradesh,Mixed,Iron Ore,2019,2,2019-02-01,28451.26,9769224.08,8694167.96,768,140398.2,0.2026,30969.2,5151.18,1465574.41,1244193.01,221381.4,15.11,9451.25,21.327,0,2,2,Emergency Preparedness,Closed,0,,,1.54,2,0,2,Overdue
MINE-001,Jharkhand Coal Mine 1,Eastern,Jharkhand,Underground,Coal,2017,4,2017-04-01,85942.52,15973322.74,14834625.02,2367,443190.1,0.1939,145440.09,2536.79,2180182.61,1375173.72,805008.89,36.92,34465.53,65.556,0,1,0,,,2,Haulage/Transport,Moderate,0.95,0,0,0,Completed
MINE-021,Jharkhand Limestone Mine 21,Eastern,Jharkhand,Open Cast,Limestone,2018,3,2018-03-01,4184.08,1715441.24,1588698.52,334,67328.0,0.0621,5228.64,847.59,35463.92,29503.79,5960.13,16.81,1407.0,10.152,0,2,0,,,0,,,2.1,0,0,0,Completed
MINE-007,Gujarat Coal Mine 7,Western,Gujarat,Underground,Coal,2022,2,2022-02-01,11060.8,4595599.71,3737990.81,1612,295377.5,0.0374,15583.83,3133.34,346572.66,266503.49,80069.16,23.1,6365.41,9.103,0,1,0,,,1,Fire,Moderate,2.2,1,0,1,In Progress
MINE-014,Chhattisgarh Bauxite Mine 14,Central,Chhattisgarh,Underground,Bauxite,2017,5,2017-05-01,11022.67,3172486.06,2970444.36,838,164379.1,0.0671,13550.5,2166.72,238830.95,189288.07,49542.88,20.74,3480.36,8.194,0,2,0,,,0,,,0.03,0,0,0,Completed
MINE-027,Gujarat Iron Mine 27,Western,Gujarat,Open Cast,Iron Ore,2021,3,2021-03-01,9648.42,6248149.8,5318443.66,762,164474.3,0.0587,9592.35,5624.01,542628.71,383029.69,159599.02,29.41,4138.49,5.616,0,0,0,,,1,Gas/Explosion,Moderate,2.16,0,0,0,Completed
MINE-010,Uttar Coal Mine 10,Northern,Uttar Pradesh,Mixed,Coal,2016,10,2016-10-01,15749.63,3804225.22,3661360.61,650,129182.0,0.1219,18895.3,2412.68,379987.4,245475.18,134512.22,35.4,4971.53,13.125,0,1,0,,,1,Gas/Explosion,Moderate,0.91,0,0,0,Completed
MINE-022,West Copper Mine 22,Eastern,West Bengal,Open Cast,Copper Ore,2018,8,2018-08-01,67908.39,11657228.78,9950695.1,2029,423869.4,0.1602,62396.65,7363.23,5000248.69,3284012.55,1716236.14,34.32,25313.89,35.206,0,2,1,Documentation,Under Review,0,,,2.11,1,0,1,Overdue
MINE-015,Madhya Iron Mine 15,Central,Madhya Pradesh,Open Cast,Iron Ore,2018,4,2018-04-01,46562.77,14086398.07,12886357.47,842,180526.6,0.2579,39312.05,5615.75,2614849.59,2087862.83,526986.76,20.15,17242.84,22.317,0,1,0,,,1,Fire,Minor,2.84,0,0,0,Completed
MINE-026,Maharashtra Copper Mine 26,Western,Maharashtra,Underground,Copper Ore,2021,1,2021-01-01,22700.88,3439638.4,2357373.01,539,106056.7,0.214,27488.67,7063.17,1603401.82,1249051.44,354350.38,22.1,12245.8,16.713,0,1,1,Safety,Open,0,,,1.27,1,0,1,Overdue
MINE-018,Telangana Iron Mine 18,Southern,Telangana,Mixed,Iron Ore,2022,4,2022-04-01,9944.83,4638464.7,3770944.35,988,206886.8,0.0481,11152.96,3945.23,392345.9,306539.59,85806.31,21.87,3020.17,12.077,0,1,0,,,0,,,0.74,1,0,1,Overdue
MINE-015,Madhya Iron Mine 15,Central,Madhya Pradesh,OPEN CAST,Iron Ore,2019,3,2019-03-01,53352.39,14086398.07,12268585.92,875,161407.8,0.3305,54295.94,5919.91,3158415.42,2395231.07,763184.35,24.16,21547.02,33.051,0,2,0,,,1,Fire,Minor,1.68,0,0,0,Completed
MINE-030,Uttar Iron Mine 30,Northern,Uttar Pradesh,Mixed,Iron Ore,2017,12,2017-12-01,31813.0,9769224.08,9092901.27,786,153879.5,0.2067,33292.96,5143.64,1636346.96,1287326.68,349020.27,21.33,13639.62,18.406,0,1,1,Documentation,Closed,0,,,2.79,2,1,1,Completed
MINE-004,Chhattisgarh Coal Mine 4,Central,Chhattisgarh,Underground,Coal,2019,4,2019-04-01,8951.65,3455223.81,3014357.77,1377,263284.6,0.034,12099.88,2392.7,214186.59,150489.96,63696.63,29.74,4964.53,13.879,0,1,0,,,0,,,0.98,1,0,1,Completed
MINE-010,Uttar Coal Mine 10,Northern,Uttar Pradesh,Mixed,Coal,2016,11,2016-11-01,16051.52,3804225.22,3645309.09,612,112573.6,0.1426,15425.4,2381.03,382191.46,252018.98,130172.48,34.06,4402.06,9.347,0,0,1,Documentation,Open,1,Slip/Fall,Minor,2.44,1,0,1,Pending
MINE-002,West Iron Mine 2,Eastern,West Bengal,Open Cast,Iron Ore,2022,3,2022-03-01,62122.35,31788526.71,26274402.93,1954,358352.5,0.1734,65586.64,5678.75,3527771.55,2757398.47,770373.08,21.84,15725.95,29.632,0,2,1,Operational,Open,0,,,0.45,1,0,1,Completed
MINE-010,Uttar Coal Mine 10,Northern,Uttar Pradesh,Mixed,Coal,2017,2,2017-02-01,16821.12,3804225.22,3591923.64,676,130046.1,0.1293,24172.59,2450.09,412132.77,319006.58,93126.19,22.6,7284.05,12.68,0,2,0,,,4,Gas/Explosion,Serious,2.92,0,0,0,Completed
MINE-021,Jharkhand Limestone Mine 21,Eastern,Jharkhand,Open Cast,Limestone,2020,4,2020-04-01,4251.52,1715441.24,1485579.41,348,66237.9,0.0642,4977.43,743.87,31625.77,28553.13,3072.64,9.72,1429.84,7.499,0,3,0,,,1,Machinery,Serious,2.09,1,0,1,In Progress
MINE-012,West Iron Mine 12,Eastern,West Bengal,Open Cast,Iron Ore,2016,7,2016-07-01,57152.37,17808314.68,17398825.28,907,184165.4,0.3103,73253.28,5058.18,2890869.34,1901777.55,989091.79,34.21,16835.03,32.975,0,0,0,,,0,,,2.04,0,0,0,Completed
MINE-020,Uttar Iron Mine 20,Northern,Uttar Pradesh,Open Cast,Iron Ore,2018,11,2018-11-01,16596.96,4723977.98,4120842.42,436,93262.0,0.178,18066.69,5444.76,903664.54,538525.74,365138.8,40.41,3624.44,14.323,0,3,0,,,1,Fall of Roof/Rock,Moderate,1.21,0,0,0,Completed
MINE-019,Andhra Coal Mine 19,Southern,Andhra Pradesh,Open Cast,Coal,2022,1,2022-01-01,34005.29,6903354.37,4889697.79,136,29452.0,1.1546,42639.17,2528.07,859678.69,503282.97,356395.72,41.46,11114.36,23.132,0,2,2,Safety,Open,0,,,1.5,4,1,3,Pending
MINE-011,Jharkhand Coal Mine 11,Eastern,Jharkhand,Underground,Coal,2019,6,2019-06-01,50488.28,4815796.69,3483965.17,476,100543.5,0.5022,59834.6,2556.57,1290767.4,1002263.68,288503.72,22.35,20410.13,32.523,0,2,1,Safety,Closed,1,Fire,Moderate,1.17,2,1,1,Pending
MINE-024,Chhattisgarh Bauxite Mine 24,Central,Chhattisgarh,Underground,Bauxite,2018,2,2018-02-01,32901.36,8763956.29,8061290.88,1006,212818.6,0.1546,53102.04,1925.15,633401.05,538309.85,95091.2,15.01,13154.13,26.52,0,3,0,,,0,,,2.5,1,0,1,In Progress
MINE-002,West Iron Mine 2,Eastern,West Bengal,Open Cast,Iron Ore,2022,8,2022-08-01,55804.78,31788526.71,25970092.97,1998,411006.6,0.1358,62853.71,5803.66,3238721.18,2518680.29,720040.89,22.23,12326.18,27.286,0,1,0,,,0,,,1.51,0,0,0,Completed
MINE-006,Maharashtra Limestone Mine 6,Western,Maharashtra,Open Cast,Limestone,2022,8,2022-08-01,33021.03,4919591.78,3168423.03,844,180962.4,0.1825,35686.32,1167.38,385480.04,302569.87,82910.17,21.51,9090.83,15.935,0,0,1,Environmental,Open,1,Fall of Roof/Rock,Minor,1.48,1,0,1,In Progress
MINE-018,Telangana Iron Mine 18,Southern,Telangana,Mixed,Iron Ore,2024,10,2024-10-01,7647.92,4638464.7,3514279.78,875,188302.1,0.0406,8218.71,4225.33,323149.71,228249.86,94899.85,29.37,1842.66,6.099,0,1,0,,,0,,,0.42,0,0,0,Completed
MINE-011,Jharkhand Coal Mine 11,Eastern,Jharkhand,Underground,Coal,2023,12,2023-12-01,131201.68,4815796.69,0.0,713,133524.4,0.9826,183562.76,2427.24,3184574.3,2228954.85,955619.45,30.01,61974.9,89.658,0,2,0,,,0,,,1.17,0,0,0,Completed
MINE-011,Jharkhand Coal Mine 11,Eastern,Jharkhand,Underground,Coal,2024,7,2024-07-01,142329.41,4815796.69,0.0,740,139222.0,1.0223,208495.81,2664.06,3791739.0,2572092.24,1219646.76,32.17,62069.61,98.358,0,5,0,,,1,Gas/Explosion,Serious,1.71,0,0,0,Completed
MINE-025,Madhya Limestone Mine 25,Central,Madhya Pradesh,OPEN CAST,Limestone,2016,9,2016-09-01,12163.95,5333812.33,5209231.27,1191,248234.8,0.049,13258.28,855.93,104114.76,80333.23,23781.53,22.84,3247.64,6.552,0,2,0,,,0,,,2.11,0,0,0,Completed
MINE-023,Odisha Copper Mine 23,Eastern,Odisha,Open Cast,Copper Ore,2018,4,2018-04-01,63650.93,20545143.55,18998985.99,1605,345379.7,0.1843,61286.11,8084.7,5145988.87,3366064.89,1779923.98,34.59,19593.67,30.741,0,1,0,,,1,Electrical,Minor,1.04,1,0,1,Completed
MINE-006,Maharashtra Limestone Mine 6,Western,Maharashtra,Open Cast,Limestone,2022,3,2022-03-01,31620.16,4919591.78,3341520.54,852,183951.9,0.1719,38260.46,1156.08,365554.17,285891.56,79662.61,21.79,12760.72,23.581,0,0,1,Environmental,Open,0,,,2.1,1,0,1,In Progress
MINE-015,Madhya Iron Mine 15,Central,Madhya Pradesh,Open Cast,Iron Ore,2016,2,2016-02-01,38117.57,14086398.07,14011727.57,813,169627.9,0.2247,45435.07,5756.36,2194184.42,1374963.36,819221.06,37.34,11053.05,19.749,0,1,1,Environmental,Under Review,0,,,2.56,2,0,2,In Progress
MINE-014,Chhattisgarh Bauxite Mine 14,Central,Chhattisgarh,Underground,Bauxite,2021,3,2021-03-01,7094.8,3172486.06,2533495.18,761,154125.4,0.046,7972.39,2688.59,190750.35,122702.09,68048.26,35.67,2794.76,10.79,0,0,0,,,0,,,1.15,0,0,0,Completed
MINE-004,Chhattisgarh Coal Mine 4,Central,Chhattisgarh,Underground,Coal,2022,6,2022-06-01,6045.29,3455223.81,2730990.83,1353,250354.8,0.0241,9869.52,2369.28,143229.84,101415.82,41814.02,29.19,1474.01,6.411,0,0,0,,,1,Machinery,Moderate,0.59,0,0,0,Completed
MINE-010,Uttar Coal Mine 10,Northern,Uttar Pradesh,Mixed,Coal,2017,11,2017-11-01,20401.67,3804225.22,3430852.97,729,137048.3,0.1489,30453.82,2372.29,483987.4,305604.64,178382.76,36.86,9028.07,18.28,0,3,0,,,1,Electrical,Serious,2.6,0,0,0,Completed
MINE-009,Andhra Iron Mine 9,Southern,Andhra Pradesh,Underground,Iron Ore,2021,11,2021-11-01,35528.94,7961285.52,5554129.9,1151,224728.1,0.1581,44035.27,5167.72,1836034.81,1449766.49,386268.32,21.04,20115.49,26.971,0,1,0,,,0,,,1.8,0,0,0,Completed
MINE-004,Chhattisgarh Coal Mine 4,Central,Chhattisgarh,Underground,Coal,2019,12,2019-12-01,9037.81,3455223.81,2946472.34,1370,279374.8,0.0324,10842.66,2657.11,240144.3,172924.47,67219.82,27.99,3247.82,9.048,0,1,0,,,3,Fall of Roof/Rock,Moderate,1.93,0,0,0,Completed
MINE-021,Jharkhand Limestone Mine 21,Eastern,Jharkhand,open cast,Limestone,2016,9,2016-09-01,4606.58,1715441.24,1672367.51,342,72639.7,0.0634,5929.91,965.96,44497.74,30107.19,14390.56,32.34,1643.78,7.972,0,4,0,,,0,,,1.82,0,0,0,Completed
MINE-022,West Copper Mine 22,Eastern,West Bengal,Open Cast,Copper Ore,2024,2,2024-02-01,189006.1,11657228.78,2290519.18,3070,650862.5,0.2904,218270.06,10541.13,19923381.1,13941202.5,5982178.6,30.03,69705.99,108.228,0,1,0,,,0,,,1.31,1,0,1,Pending
MINE-006,Maharashtra Limestone Mine 6,Western,Maharashtra,Open Cast,Limestone,2020,6,2020-06-01,27645.45,4919591.78,3952752.54,833,175082.4,0.1579,22280.35,1266.85,350227.57,241862.72,108364.85,30.94,6979.88,15.366,0,0,0,,,0,,,0.86,0,0,0,Completed
MINE-021,Jharkhand Limestone Mine 21,Eastern,Jharkhand,Open Cast,Limestone,2016,4,2016-04-01,4535.21,1715441.24,1696019.29,336,63499.4,0.0714,5278.79,1006.27,45636.38,39109.31,6527.07,14.3,892.82,9.114,0,2,0,,,0,,,1.16,0,0,0,Completed
MINE-007,Gujarat Coal Mine 7,Western,Gujarat,Underground,Coal,2022,7,2022-07-01,11279.07,4595599.71,3680311.32,1517,326605.5,0.0345,19763.1,3296.44,371808.09,303905.67,67902.42,18.26,3079.5,12.561,0,1,0,,,2,Slip/Fall,Minor,1.05,0,0,0,Completed
MINE-008,Telangana Iron Mine 8,Southern,Telangana,Open Cast,Iron Ore,2021,11,2021-11-01,16823.38,4242653.83,3238846.98,761,145367.1,0.1157,13913.78,7507.84,1263073.05,999244.78,263828.27,20.89,5428.39,11.386,0,1,0,,,0,,,1.39,0,0,0,Completed
MINE-019,Andhra Coal Mine 19,Southern,Andhra Pradesh,Open Cast,Coal,2021,12,2021-12-01,38554.68,6903354.37,4923703.08,135,25642.4,1.5036,38912.34,2490.2,960089.89,623029.86,337060.03,35.11,6034.54,17.098,0,2,0,,,0,,,0.19,0,0,0,Completed
MINE-028,Telangana Coal Mine 28,Southern,Telangana,Open Cast,Coal,2019,10,2019-10-01,19479.09,10510635.28,9309281.5,1024,223444.9,0.0872,23208.39,2344.06,456601.16,379033.74,77567.42,16.99,7964.87,11.872,0,2,1,Equipment,Closed,1,Fall of Roof/Rock,Minor,2.83,2,1,1,Overdue
MINE-007,Gujarat Coal Mine 7,Western,Gujarat,Underground,Coal,2019,4,2019-04-01,10564.6,4595599.71,4134103.0,1583,332466.3,0.0318,15048.52,2535.49,267863.81,232096.44,35767.38,13.35,2579.08,9.132,0,3,0,,,0,,,0.25,0,0,0,Completed
MINE-023,Odisha Copper Mine 23,Eastern,Odisha,Open Cast,Copper Ore,2019,8,2019-08-01,65777.87,20545143.55,17936605.66,1645,330946.1,0.1988,59644.51,7176.69,4720675.54,3447665.02,1273010.52,26.97,19837.23,33.357,0,1,0,,,0,,,1.08,0,0,0,Completed
MINE-002,West Iron Mine 2,Eastern,West Bengal,Open Cast,Iron Ore,2018,5,2018-05-01,80222.64,31788526.71,29445081.98,2098,386729.2,0.2074,69266.58,5128.03,4113839.19,3499510.66,614328.53,14.93,26721.12,42.034,0,0,1,Operational,Under Review,0,,,1.26,2,1,1,In Progress
MINE-025,Madhya Limestone Mine 25,Central,Madhya Pradesh,Open Cast,Limestone,2022,6,2022-06-01,7525.81,5333812.33,4509442.8,1108,228233.4,0.033,8260.87,732.08,55095.03,48052.64,7042.4,12.78,2483.03,7.54,0,1,1,Emergency Preparedness,Under Review,0,,,1.12,1,0,1,Pending
MINE-006,Maharashtra Limestone Mine 6,Western,Maharashtra,Open Cast,Limestone,2023,5,2023-05-01,42409.56,4919591.78,2830380.95,964,210115.6,0.2018,47290.59,1118.67,474423.04,398382.25,76040.79,16.03,14473.76,22.852,0,1,0,,,0,,,0.59,0,0,0,Completed
MINE-004,Chhattisgarh Coal Mine 4,Central,Chhattisgarh,Underground,Coal,2016,11,2016-11-01,10743.18,3455223.81,3318335.5,1401,253122.9,0.0424,13567.71,2506.93,269324.26,237158.78,32165.48,11.94,2530.03,11.725,0,2,0,,,3,Fall of Roof/Rock,Moderate,3.28,0,0,0,Completed
MINE-017,Gujarat Iron Mine 17,Western,Gujarat,Open Cast,Iron Ore,2022,6,2022-06-01,31719.68,13268212.21,10702269.82,438,95678.8,0.3315,37450.65,5434.03,1723657.35,1387769.24,335888.11,19.49,11796.7,24.784,0,2,1,Documentation,Under Review,0,,,0.61,1,0,1,Pending
MINE-004,Chhattisgarh Coal Mine 4,Central,Chhattisgarh,underground,Coal,2021,7,2021-07-01,6446.31,3455223.81,2802160.29,1291,246666.9,0.0261,9168.91,2505.76,161528.92,115942.03,45586.89,28.22,2733.46,10.835,0,2,1,Emergency Preparedness,Open,3,Machinery,Minor,2.75,1,0,1,Pending
MINE-026,Maharashtra Copper Mine 26,Western,Maharashtra,Underground,Copper Ore,2022,9,2022-09-01,22104.0,3439638.4,1901090.11,537,117498.9,0.1881,35165.53,6600.53,1458981.93,916003.52,542978.4,37.22,7979.08,18.473,0,3,0,,,1,Slip/Fall,Moderate,2.0,0,0,0,Completed
MINE-011,Jharkhand Coal Mine 11,Eastern,Jharkhand,Underground,Coal,2018,6,2018-06-01,36385.09,4815796.69,3978323.63,436,92638.8,0.3928,63776.37,2446.57,890186.07,517154.9,373031.17,41.9,14587.47,27.014,0,2,0,,,0,,,1.3,0,0,0,Completed
MINE-027,Gujarat Iron Mine 27,Western,Gujarat,Open Cast,Iron Ore,2023,4,2023-04-01,5773.51,6248149.8,5133345.56,704,152780.0,0.0378,5955.47,5770.39,333154.18,277886.04,55268.14,16.59,1030.77,9.939,0,2,0,,,0,,,1.69,0,0,0,Completed
MINE-017,Gujarat Iron Mine 17,Western,Gujarat,Open Cast,Iron Ore,2023,6,2023-06-01,29948.55,13268212.21,10373775.8,445,86796.9,0.345,33098.64,5274.15,1579532.48,1285271.16,294261.33,18.63,5174.3,14.164,0,1,0,,,1,Fire,Minor,0.45,0,0,0,Completed
MINE-022,West Copper Mine 22,Eastern,West Bengal,Open Cast,Copper Ore,2020,7,2020-07-01,90914.33,11657228.78,8090988.15,2157,415812.5,0.2186,97266.98,8563.0,7784994.78,5129875.11,2655119.66,34.11,17504.58,44.101,0,2,0,,,0,,,1.04,0,0,0,Completed
MINE-029,Andhra Copper Mine 29,Southern,Andhra Pradesh,Open Cast,Copper Ore,2023,7,2023-07-01,40874.27,11305197.36,7914301.17,277,55559.6,0.7357,46872.9,8425.53,3443871.62,2902935.91,540935.71,15.71,8714.4,24.494,0,2,0,,,1,Machinery,Minor,2.01,0,0,0,Completed
MINE-007,Gujarat Coal Mine 7,Western,Gujarat,Underground,Coal,2021,3,2021-03-01,10851.42,4595599.71,3867957.7,1515,299721.5,0.0362,18350.38,2965.48,321796.82,284894.43,36902.39,11.47,6477.95,13.777,0,0,0,,,1,Gas/Explosion,Serious,0.91,1,0,1,In Progress
MINE-010,Uttar Coal Mine 10,Northern,Uttar Pradesh,Mixed,Coal,2021,8,2021-08-01,40839.48,3804225.22,2113078.02,849,161112.4,0.2535,52573.35,3456.03,1411426.59,1075460.63,335965.96,23.8,19966.86,31.785,0,3,1,Equipment,Under Review,0,,,2.47,2,1,1,Pending
MINE-020,Uttar Iron Mine 20,Northern,Uttar Pradesh,Open Cast,Iron Ore,2024,2,2024-02-01,22613.72,4723977.98,2845292.12,442,94795.5,0.2386,28425.23,4975.1,1125054.05,924725.55,200328.5,17.81,4081.36,10.965,0,0,0,,,0,,,2.45,0,0,0,Completed
MINE-023,Odisha Copper Mine 23,Eastern,Odisha,Open Cast,Copper Ore,2018,2,2018-02-01,66608.34,20545143.55,19115966.89,1597,347456.1,0.1917,66926.8,7990.8,5322537.25,2964052.85,2358484.4,44.31,27416.26,33.946,0,1,1,Environmental,Closed,1,Haulage/Transport,Minor,2.62,1,0,1,Overdue
MINE-027,Gujarat Iron Mine 27,Western,Gujarat,Open Cast,Iron Ore,2017,9,2017-09-01,15511.18,6248149.8,5839166.93,778,162610.3,0.0954,18669.14,5965.32,925290.92,744806.33,180484.58,19.51,3144.63,12.938,0,0,0,,,1,Fall of Roof/Rock,Minor,1.57,0,0,0,Completed
MINE-015,Madhya Iron Mine 15,Central,Madhya Pradesh,Open Cast,Iron Ore,2020,2,2020-02-01,60053.04,14086398.07,11562866.03,925,172676.8,0.3478,58149.19,6514.31,3912041.23,3095160.41,816880.82,20.88,19814.0,33.183,0,2,0,,,0,,,2.28,0,0,0,Completed
MINE-021,Jharkhand Limestone Mine 21,Eastern,Jharkhand,OPEN CAST,Limestone,2023,4,2023-04-01,3524.67,1715441.24,1353692.43,324,63310.2,0.0557,3613.73,728.15,25664.77,20660.21,5004.56,19.5,1333.01,5.375,0,0,0,,,3,Haulage/Transport,Minor,1.86,0,0,0,Completed
MINE-028,Telangana Coal Mine 28,Southern,Telangana,Open Cast,Coal,2023,5,2023-05-01,10501.64,10510635.28,8689208.6,1002,213932.3,0.0491,12294.51,2214.62,232571.09,151613.16,80957.93,34.81,4305.38,7.768,0,0,1,Emergency Preparedness,Open,1,Electrical,Minor,1.45,1,0,1,Overdue
MINE-019,Andhra Coal Mine 19,Southern,Andhra Pradesh,Open Cast,Coal,2016,2,2016-02-01,20635.86,6903354.37,6860283.43,120,25335.8,0.8145,22716.43,2522.79,520600.48,352804.54,167795.94,32.23,6521.06,15.755,0,2,0,,,0,,,1.49,0,0,0,Completed
MINE-015,Madhya Iron Mine 15,Central,Madhya Pradesh,Open Cast,Iron Ore,2022,11,2022-11-01,101936.51,14086398.07,8836937.31,1021,219021.2,0.4654,129275.03,6022.63,6139262.17,4742641.59,1396620.58,22.75,18161.27,53.875,0,2,1,Documentation,Open,1,Slip/Fall,Moderate,2.08,1,0,1,Overdue
MINE-029,Andhra Copper Mine 29,Southern,Andhra Pradesh,Open Cast,Copper Ore,2022,7,2022-07-01,40073.37,11305197.36,8436327.96,280,61248.1,0.6543,38516.21,8470.6,3394456.15,2385917.35,1008538.8,29.71,7170.38,18.716,0,4,1,Documentation,Closed,1,Machinery,Serious,1.45,1,0,1,Completed
MINE-026,Maharashtra Copper Mine 26,Western,Maharashtra,Underground,Copper Ore,2020,1,2020-01-01,21195.1,3439638.4,2596753.04,491,94528.0,0.2242,26353.05,7894.87,1673325.62,1351698.24,321627.39,19.22,6162.25,18.323,0,3,1,Operational,Open,0,,,1.75,1,0,1,Pending
MINE-011,Jharkhand Coal Mine 11,Eastern,Jharkhand,Underground,Coal,2018,9,2018-09-01,36476.74,4815796.69,3873758.0,429,89942.2,0.4056,61206.42,2537.64,925648.31,727966.15,197682.17,21.36,16038.6,29.886,0,0,0,,,1,Haulage/Transport,Minor,2.58,0,0,0,Completed
MINE-005,Madhya Coal Mine 5,Central,Madhya Pradesh,Open Cast,Coal,2018,10,2018-10-01,16480.39,6162270.35,5483275.93,1073,208034.1,0.0792,19173.99,2480.61,408814.9,278907.73,129907.17,31.78,5679.35,13.438,0,0,0,,,1,Fire,Moderate,1.06,0,0,0,Completed
MINE-015,Madhya Iron Mine 15,Central,Madhya Pradesh,Open Cast,Iron Ore,2020,1,2020-01-01,72577.62,14086398.07,11622919.07,960,190431.0,0.3811,65344.67,6641.77,4820435.65,3355865.35,1464570.3,30.38,14225.24,29.559,0,2,1,Equipment,Closed,0,,,1.85,1,0,1,Overdue
MINE-012,West Iron Mine 12,Eastern,West Bengal,Open Cast,Iron Ore,2018,12,2018-12-01,92722.73,17808314.68,15310327.82,990,187744.0,0.4939,112583.62,5486.43,5087167.38,3226845.94,1860321.44,36.57,39517.5,54.98,0,0,0,,,0,,,0.19,0,0,0,Completed
MINE-021,Jharkhand Limestone Mine 21,Eastern,Jharkhand,Open Cast,Limestone,2021,11,2021-11-01,3609.09,1715441.24,1413593.28,335,62698.1,0.0576,3143.4,731.7,26407.83,20720.02,5687.81,21.54,568.49,3.583,0,1,0,,,1,Electrical,Minor,2.64,0,0,0,Completed
MINE-030,Uttar Iron Mine 30,Northern,Uttar Pradesh,Mixed,Iron Ore,2024,8,2024-08-01,22258.14,9769224.08,7036519.58,674,140275.2,0.1587,30044.94,4677.91,1041216.62,785732.72,255483.91,24.54,9166.13,17.41,0,1,0,,,1,Haulage/Transport,Minor,1.4,0,0,0,Completed
MINE-024,Chhattisgarh Bauxite Mine 24,Central,Chhattisgarh,Underground,Bauxite,2022,6,2022-06-01,74622.83,8763956.29,5595514.52,1324,260110.0,0.2869,104823.55,1606.45,1198779.35,692663.24,506116.1,42.22,34771.73,53.69,0,0,0,,,2,Haulage/Transport,Serious,1.13,0,0,0,Completed
MINE-014,Chhattisgarh Bauxite Mine 14,Central,Chhattisgarh,Underground,Bauxite,2024,9,2024-09-01,5684.91,3172486.06,2240706.77,726,138932.3,0.0409,6322.48,2613.23,148559.9,124988.69,23571.21,15.87,3167.04,7.451,0,1,1,Environmental,Under Review,0,,,1.07,1,0,1,Completed
MINE-017,Gujarat Iron Mine 17,Western,Gujarat,Open Cast,Iron Ore,2017,11,2017-11-01,32431.57,13268212.21,12440693.35,437,95564.8,0.3394,26532.49,5505.29,1785452.06,1214888.06,570564.0,31.96,6971.25,12.646,0,2,0,,,0,,,0.53,0,0,0,Completed
MINE-011,Jharkhand Coal Mine 11,Eastern,Jharkhand,Underground,Coal,2018,1,2018-01-01,36914.18,4815796.69,4151654.51,426,89920.7,0.4105,46295.67,2522.38,931116.17,683926.61,247189.55,26.55,18247.16,27.655,0,0,1,Equipment,Under Review,2,Fire,Minor,2.6,1,0,1,In Progress
MINE-007,Gujarat Coal Mine 7,Western,Gujarat,Underground,Coal,2017,1,2017-01-01,10796.16,4595599.71,4445571.98,1569,306895.1,0.0352,13047.06,2723.43,294025.4,217486.65,76538.75,26.03,3736.99,12.5,0,1,0,,,1,Slip/Fall,Minor,1.86,0,0,0,Completed
MINE-028,Telangana Coal Mine 28,Southern,Telangana,Open Cast,Coal,2016,11,2016-11-01,31974.17,10510635.28,10165713.62,1020,197933.0,0.1615,29155.52,2346.71,750340.92,462672.05,287668.87,38.34,11833.74,15.157,0,1,1,Equipment,Under Review,0,,,1.39,1,0,1,Completed
MINE-004,Chhattisgarh Coal Mine 4,Central,Chhattisgarh,Underground,Coal,2017,3,2017-03-01,9802.89,3455223.81,3273450.42,1484,296439.2,0.0331,14679.06,2401.65,235431.32,214297.82,21133.49,8.98,2629.55,6.166,0,6,0,,,0,,,0.55,0,0,0,Completed
MINE-002,West Iron Mine 2,Eastern,West Bengal,Open Cast,Iron Ore,2024,12,2024-12-01,57939.01,31788526.71,24360298.7,1961,393736.3,0.1472,70463.08,6058.09,3509997.76,2027161.32,1482836.44,42.25,9593.87,33.076,0,2,0,,,0,,,0.61,0,0,0,Completed
MINE-015,Madhya Iron Mine 15,Central,Madhya Pradesh,Open Cast,Iron Ore,2024,8,2024-08-01,116045.04,14086398.07,6365219.37,1102,212866.9,0.5452,138352.2,6097.46,7075803.08,4845841.84,2229961.24,31.52,36109.5,65.959,0,0,2,Safety,Open,0,,,0.96,2,0,2,In Progress
MINE-013,Odisha Coal Mine 13,Eastern,Odisha,OPEN CAST,Coal,2019,10,2019-10-01,44119.88,11260157.97,9660791.88,574,115719.5,0.3813,36461.96,2708.08,1194802.41,876772.63,318029.77,26.62,10622.86,19.8,0,1,0,,,0,,,1.93,0,0,0,Completed
MINE-026,Maharashtra Copper Mine 26,Western,Maharashtra,Underground,Copper Ore,2019,7,2019-07-01,17583.2,3439638.4,2710291.52,482,94997.1,0.1851,28705.17,7115.7,1251168.57,744639.04,506529.53,40.48,8557.97,19.652,0,0,1,Equipment,Closed,1,Fire,Minor,1.04,1,0,1,Overdue
MINE-024,Chhattisgarh Bauxite Mine 24,Central,Chhattisgarh,Underground,Bauxite,2023,3,2023-03-01,86069.06,8763956.29,4952298.21,1373,250461.1,0.3436,110638.64,1442.79,1241797.21,773488.3,468308.91,37.71,27783.12,52.735,0,1,0,,,0,,,0.48,0,0,0,Completed
MINE-029,Andhra Copper Mine 29,Southern,Andhra Pradesh,Open Cast,Copper Ore,2018,10,2018-10-01,37055.79,11305197.36,10179051.33,292,54558.8,0.6792,42624.83,8495.3,3148001.68,2216601.91,931399.77,29.59,14131.28,26.372,0,2,0,,,1,Slip/Fall,Minor,1.8,0,0,0,Completed
MINE-018,Telangana Iron Mine 18,Southern,Telangana,MIXED,Iron Ore,2016,11,2016-11-01,14221.58,4638464.7,4492208.82,1029,224414.9,0.0634,20774.95,4751.59,675750.99,444699.24,231051.75,34.19,5196.12,10.32,0,0,1,Operational,Under Review,1,Gas/Explosion,Minor,2.08,1,0,1,Completed
MINE-015,Madhya Iron Mine 15,Central,Madhya Pradesh,Open Cast,Iron Ore,2022,9,2022-09-01,94113.36,14086398.07,9037950.13,1023,191394.4,0.4917,113243.29,5810.41,5468367.18,3052175.49,2416191.69,44.18,27283.94,51.864,0,3,2,Equipment,Under Review,0,,,2.35,2,1,1,In Progress
MINE-020,Uttar Iron Mine 20,Northern,Uttar Pradesh,Open Cast,Iron Ore,2021,12,2021-12-01,22836.78,4723977.98,3400646.52,452,87363.8,0.2614,28379.56,4626.32,1056501.98,863545.59,192956.39,18.26,9636.04,13.906,0,2,1,Documentation,Under Review,2,Fire,Minor,2.52,1,0,1,In Progress
MINE-026,Maharashtra Copper Mine 26,Western,Maharashtra,Underground,Copper Ore,2016,12,2016-12-01,17965.99,3439638.4,3249557.41,480,103801.5,0.1731,26501.49,7502.25,1347854.5,806759.42,541095.09,40.14,3766.49,12.515,0,2,1,Operational,Open,1,Slip/Fall,Moderate,1.24,1,0,1,In Progress
MINE-026,Maharashtra Copper Mine 26,Western,Maharashtra,Underground,Copper Ore,2020,4,2020-04-01,17918.96,3439638.4,2538994.99,507,110316.1,0.1624,28152.53,7574.68,1357304.53,954051.56,403252.97,29.71,10457.62,15.715,0,0,0,,,2,Fire,Minor,2.31,2,1,1,Pending
MINE-008,Telangana Iron Mine 8,Southern,Telangana,Open Cast,Iron Ore,2021,1,2021-01-01,18161.29,4242653.83,3404817.72,739,143108.3,0.1269,21328.31,7131.27,1295130.22,976856.87,318273.35,24.57,3961.64,9.048,0,0,1,Operational,Closed,1,Machinery,Minor,1.8,1,0,1,Completed
MINE-019,Andhra Coal Mine 19,Southern,Andhra Pradesh,Open Cast,Coal,2018,11,2018-11-01,25472.9,6903354.37,6062705.32,132,24485.1,1.0403,27784.06,2450.89,624313.4,438337.19,185976.22,29.79,10248.41,20.792,0,2,0,,,1,Fire,Moderate,2.87,0,0,0,Completed
MINE-010,Uttar Coal Mine 10,Northern,Uttar Pradesh,Mixed,Coal,2023,12,2023-12-01,71012.51,3804225.22,528842.86,1107,234029.3,0.3034,93086.82,3567.58,2533428.02,2160058.92,373369.1,14.74,27420.79,45.716,0,1,1,Equipment,Closed,2,Gas/Explosion,Minor,1.99,1,0,1,Pending
MINE-021,Jharkhand Limestone Mine 21,Eastern,Jharkhand,Open Cast,Limestone,2020,9,2020-09-01,3720.48,1715441.24,1465933.74,335,70761.5,0.0526,4516.59,703.83,26185.81,21680.28,4505.54,17.21,1639.6,9.608,0,1,1,Equipment,Closed,0,,,2.01,1,0,1,Completed
MINE-003,Odisha Coal Mine 3,Eastern,Odisha,Underground,Coal,2020,11,2020-11-01,205226.24,24608205.58,17628612.82,1512,292913.0,0.7006,338205.97,2786.62,5718874.26,3761273.47,1957600.79,34.23,104075.74,155.883,0,1,0,,,1,Fire,Minor,1.13,1,0,1,In Progress
MINE-023,Odisha Copper Mine 23,Eastern,Odisha,Open Cast,Copper Ore,2022,6,2022-06-01,100068.53,20545143.55,15220816.81,1801,354804.4,0.282,104250.99,5422.91,5426627.49,4309953.9,1116673.59,20.58,20659.74,43.109,0,5,0,,,0,,,1.35,0,0,0,Completed
MINE-009,Andhra Iron Mine 9,Southern,Andhra Pradesh,Underground,Iron Ore,2016,2,2016-02-01,35630.18,7961285.52,7887907.65,1208,265485.6,0.1342,61631.44,5438.07,1937595.14,1160981.57,776613.57,40.08,20138.92,29.378,0,1,0,,,1,Machinery,Moderate,0.61,1,0,1,In Progress
MINE-001,Jharkhand Coal Mine 1,Eastern,Jharkhand,Underground,Coal,2024,6,2024-06-01,287050.79,15973322.74,1624717.39,3756,754502.3,0.3805,486296.58,2522.99,7242262.82,4152151.26,3090111.56,42.67,139311.19,223.438,0,1,0,,,0,,,1.88,0,0,0,Completed
MINE-014,Chhattisgarh Bauxite Mine 14,Central,Chhattisgarh,Underground,Bauxite,2024,2,2024-02-01,6208.87,3172486.06,2283873.8,767,167800.5,0.037,10203.6,2466.09,153116.29,132168.32,20947.97,13.68,1363.0,4.825,0,1,0,,,0,,,1.04,0,0,0,Completed
MINE-022,West Copper Mine 22,Eastern,West Bengal,Open Cast,Copper Ore,2022,10,2022-10-01,139684.13,11657228.78,4886506.75,2417,479806.7,0.2911,164788.85,10481.74,14641334.35,11927073.52,2714260.83,18.54,44217.88,74.831,0,2,0,,,0,,,0.68,0,0,0,Completed
MINE-002,West Iron Mine 2,Eastern,West Bengal,Open Cast,Iron Ore,2021,4,2021-04-01,67803.12,31788526.71,26988139.53,2092,426113.4,0.1591,59478.41,6098.48,4134960.55,3401472.36,733488.18,17.74,28190.27,33.741,0,1,0,,,1,Fall of Roof/Rock,Moderate,2.56,0,0,0,Completed
MINE-001,Jharkhand Coal Mine 1,Eastern,Jharkhand,Underground,Coal,2024,12,2024-12-01,307824.25,15973322.74,1786.33,3710,740352.5,0.4158,436478.19,2413.6,7429642.18,4472179.25,2957462.93,39.81,68785.99,169.158,0,3,0,,,0,,,1.3,0,0,0,Completed
MINE-022,West Copper Mine 22,Eastern,West Bengal,Open Cast,Copper Ore,2018,6,2018-06-01,62249.79,11657228.78,10082834.77,1896,401877.0,0.1549,77182.02,7129.27,4437953.0,3142310.62,1295642.39,29.19,18506.63,38.705,0,0,1,Equipment,Open,0,,,0.6,1,0,1,Completed
MINE-015,Madhya Iron Mine 15,Central,Madhya Pradesh,Open Cast,Iron Ore,2016,10,2016-10-01,36533.3,14086398.07,13711079.36,815,152063.4,0.2403,33978.41,5175.91,1890931.13,1528435.11,362496.02,19.17,14057.74,24.883,0,2,0,,,0,,,1.28,1,0,1,In Progress
MINE-018,Telangana Iron Mine 18,Southern,Telangana,Mixed,Iron Ore,2021,7,2021-07-01,8892.0,4638464.7,3855222.41,935,186684.8,0.0476,10889.17,3758.66,334219.96,237710.95,96509.01,28.88,4594.6,5.953,0,1,1,equipment,Open,0,,,1.67,1,0,1,Overdue
MINE-017,Gujarat Iron Mine 17,Western,Gujarat,Open Cast,Iron Ore,2024,3,2024-03-01,26286.63,13268212.21,10129201.85,441,90656.6,0.29,28591.4,4742.15,1246552.51,980736.23,265816.28,21.32,9409.53,16.129,0,2,3,Equipment,Closed,0,,,2.91,3,2,1,Completed
MINE-023,Odisha Copper Mine 23,Eastern,Odisha,Open Cast,Copper Ore,2018,6,2018-06-01,61034.06,20545143.55,18870787.29,1496,318957.6,0.1914,53390.36,7887.3,4813942.37,2985202.43,1828739.94,37.99,10012.14,25.338,0,1,0,,,0,,,0.25,0,0,0,Completed
MINE-028,Telangana Coal Mine 28,Southern,Telangana,Open Cast,Coal,2022,1,2022-01-01,14260.57,10510635.28,8875762.72,983,202006.4,0.0706,16474.34,2169.57,309393.23,273006.2,36387.03,11.76,5552.98,11.445,0,1,0,,,0,,,1.89,0,0,0,Completed
MINE-001,Jharkhand Coal Mine 1,Eastern,Jharkhand,Underground,Coal,2019,6,2019-06-01,116464.15,15973322.74,12319549.25,2620,513526.4,0.2268,194576.38,2640.86,3075657.11,2139361.33,936295.78,30.44,63864.71,92.883,0,2,0,,,0,,,2.28,1,0,1,Pending
MINE-021,Jharkhand Limestone Mine 21,Eastern,Jharkhand,Open Cast,Limestone,2021,9,2021-09-01,3428.24,1715441.24,1421277.7,324,60609.1,0.0566,3961.1,706.12,24207.62,17150.24,7057.38,29.15,1138.88,2.73,0,2,0,,,2,Haulage/Transport,Minor,2.67,0,0,0,Completed
MINE-028,Telangana Coal Mine 28,Southern,Telangana,Open Cast,Coal,2022,6,2022-06-01,12611.07,10510635.28,8813567.62,958,192686.6,0.0654,11011.0,2211.58,278903.67,237282.41,41621.26,14.92,2848.4,7.36,0,3,1,Equipment,Open,1,Electrical,Minor,3.17,1,0,1,Completed
MINE-023,Odisha Copper Mine 23,Eastern,Odisha,Open Cast,Copper Ore,2023,1,2023-01-01,103175.86,20545143.55,14546121.48,1868,383772.0,0.2688,114132.8,5403.58,5575193.55,4751947.24,823246.3,14.77,19341.72,49.322,0,1,0,,,0,,,1.73,0,0,0,Completed
MINE-024,Chhattisgarh Bauxite Mine 24,Central,Chhattisgarh,Underground,Bauxite,2021,10,2021-10-01,50732.78,8763956.29,6130646.49,1130,211989.3,0.2393,56115.76,1618.9,821310.88,594832.69,226478.19,27.58,26546.18,30.611,0,1,0,,,0,,,0.79,0,0,0,Completed
MINE-026,Maharashtra Copper Mine 26,Western,Maharashtra,Underground,Copper Ore,2024,12,2024-12-01,28635.9,3439638.4,1203092.72,578,116190.7,0.2465,43908.25,6265.79,1794265.14,1174154.11,620111.03,34.56,7909.27,18.408,0,0,0,,,0,,,1.96,0,0,0,Completed
MINE-010,Uttar Coal Mine 10,Northern,Uttar Pradesh,Mixed,Coal,2021,9,2021-09-01,39898.81,3804225.22,2073179.21,861,158942.5,0.251,55762.18,3432.17,1369396.64,1013254.93,356141.71,26.01,15348.57,28.039,0,4,0,,,2,Electrical,Minor,2.14,0,0,0,Completed
MINE-003,Odisha Coal Mine 3,Eastern,Odisha,Underground,Coal,2022,8,2022-08-01,260164.29,24608205.58,12667262.66,1555,280797.8,0.9265,308301.71,2959.14,7698618.14,4971137.49,2727480.65,35.43,78040.09,137.693,0,1,1,Safety,Closed,2,Fall of Roof/Rock,Moderate,1.96,1,0,1,Overdue
MINE-007,Gujarat Coal Mine 7,Western,Gujarat,Underground,Coal,2021,5,2021-05-01,12714.33,4595599.71,3843356.81,1667,325487.3,0.0391,15829.99,2948.41,374870.24,273542.76,101327.48,27.03,4976.49,11.856,0,2,0,,,5,Fall of Roof/Rock,Minor,3.97,1,0,1,Overdue
MINE-001,Jharkhand Coal Mine 1,Eastern,Jharkhand,Underground,Coal,2022,1,2022-01-01,179287.81,15973322.74,7909795.4,2909,629874.6,0.2846,223489.33,2783.64,4990722.71,3793892.04,1196830.67,23.98,49995.26,98.406,0,4,0,,,2,Gas/Explosion,Minor,2.99,0,0,0,Completed
MINE-015,Madhya Iron Mine 15,Central,Madhya Pradesh,Open Cast,Iron Ore,2017,1,2017-01-01,39165.01,14086398.07,13585875.55,842,170747.3,0.2294,46667.04,5229.98,2048322.04,1515147.0,533175.04,26.03,7904.23,23.054,0,1,0,,,0,,,0.42,0,0,0,Completed
MINE-026,Maharashtra Copper Mine 26,Western,Maharashtra,Underground,Copper Ore,2022,8,2022-08-01,21815.03,3439638.4,1923194.11,502,95904.5,0.2275,26515.0,6506.21,1419330.59,1098002.69,321327.91,22.64,8132.82,17.596,0,0,0,,,0,,,0.07,0,0,0,Completed
MINE-026,Maharashtra Copper Mine 26,Western,Maharashtra,Underground,Copper Ore,2023,10,2023-10-01,24318.45,3439638.4,1579701.76,510,107411.4,0.2264,37553.55,6380.9,1551736.81,1211084.44,340652.37,21.95,13498.48,20.493,0,1,0,,,3,Fire,Minor,1.63,0,0,0,Completed
MINE-030,Uttar Iron Mine 30,Northern,Uttar Pradesh,Mixed,Iron Ore,2016,12,2016-12-01,32370.39,9769224.08,9431205.55,732,138140.1,0.2343,31083.85,5270.44,1706063.02,946891.3,759171.72,44.5,14469.98,18.958,0,1,3,Emergency Preparedness,Open,0,,,3.02,3,2,1,Pending
MINE-005,Madhya Coal Mine 5,Central,Madhya Pradesh,Open Cast,Coal,2020,2,2020-02-01,14334.58,6162270.35,5232883.52,1013,185421.6,0.0773,16776.56,2489.54,356864.7,317536.7,39328.0,11.02,5894.79,10.211,0,3,0,,,1,Electrical,Minor,1.42,0,0,0,Completed
MINE-022,West Copper Mine 22,Eastern,West Bengal,Open Cast,Copper Ore,2021,2,2021-02-01,106050.38,11657228.78,7378047.27,2195,399932.7,0.2652,114388.82,9261.26,9821601.48,7919210.5,1902390.98,19.37,19714.15,44.426,0,2,0,,,0,,,1.8,0,0,0,Completed
MINE-023,Odisha Copper Mine 23,Eastern,Odisha,Open Cast,Copper Ore,2019,11,2019-11-01,76857.43,20545143.55,17716774.06,1606,348072.0,0.2208,91634.95,7104.49,5460327.0,3656081.52,1804245.48,33.04,17474.52,42.586,0,0,0,,,2,Fire,Minor,1.83,0,0,0,Completed
MINE-015,Madhya Iron Mine 15,Central,Madhya Pradesh,Open Cast,Iron Ore,2017,7,2017-07-01,43195.54,14086398.07,13320130.14,868,165006.9,0.2618,39639.56,5255.54,2270159.84,1591009.49,679150.35,29.92,14905.31,20.513,0,0,1,Safety,Open,0,,,2.24,1,0,1,In Progress
MINE-026,Maharashtra Copper Mine 26,Western,Maharashtra,Underground,Copper Ore,2023,1,2023-01-01,24682.57,3439638.4,1800743.92,533,95983.8,0.2572,30107.62,6215.44,1534130.41,945420.61,588709.8,38.37,9155.64,14.258,0,3,1,Equipment,Under Review,1,Slip/Fall,Minor,1.75,1,0,1,Overdue
MINE-018,Telangana Iron Mine 18,Southern,Telangana,Mixed,Iron Ore,2019,1,2019-01-01,12646.14,4638464.7,4169695.6,940,184952.6,0.0684,18874.71,4081.58,516161.65,310613.52,205548.14,39.82,3699.51,8.881,0,1,0,,,0,,,1.44,1,0,1,Overdue
MINE-015,Madhya Iron Mine 15,Central,Madhya Pradesh,Open Cast,Iron Ore,2016,3,2016-03-01,36052.34,14086398.07,13975675.23,817,178686.5,0.2018,40249.96,5774.23,2081746.86,1458739.13,623007.73,29.93,14116.46,19.363,0,1,1,Equipment,Under Review,2,Electrical,Moderate,3.48,1,0,1,Pending
MINE-030,Uttar Iron Mine 30,Northern,Uttar Pradesh,Mixed,Iron Ore,2023,12,2023-12-01,25689.02,9769224.08,7226742.16,777,157413.8,0.1632,34913.13,4722.6,1213190.05,823004.66,390185.38,32.16,7351.51,18.949,0,0,1,Equipment,Closed,1,Gas/Explosion,Minor,1.96,1,0,1,Completed
MINE-017,Gujarat Iron Mine 17,Western,Gujarat,Open Cast,Iron Ore,2018,11,2018-11-01,33417.27,13268212.21,12041335.0,457,83632.3,0.3996,29920.57,5175.36,1729462.36,1335647.44,393814.91,22.77,6500.7,16.514,0,1,0,,,0,,,0.89,0,0,0,Completed
MINE-014,Chhattisgarh Bauxite Mine 14,Central,Chhattisgarh,Underground,Bauxite,2023,3,2023-03-01,6653.7,3172486.06,2355299.25,784,154079.0,0.0432,8539.25,2525.41,168033.52,120464.14,47569.37,28.31,2890.72,6.062,0,1,2,Emergency Preparedness,Open,0,,,0.82,2,1,1,Overdue
MINE-011,Jharkhand Coal Mine 11,Eastern,Jharkhand,Underground,Coal,2023,8,2023-08-01,97609.76,4815796.69,0.0,581,108776.6,0.8973,131389.68,2268.95,2214714.48,1608772.8,605941.68,27.36,19790.77,49.367,0,1,0,,,3,Haulage/Transport,Minor,2.13,0,0,0,Completed
MINE-025,Madhya Limestone Mine 25,Central,Madhya Pradesh,Open Cast,Limestone,2022,10,2022-10-01,6937.28,5333812.33,4483331.9,1068,204737.2,0.0339,8825.55,752.18,52180.93,52066.9,114.03,0.22,2258.25,11.137,0,2,1,Operational,Open,0,,,2.5,2,0,2,Completed
MINE-020,Uttar Iron Mine 20,Northern,Uttar Pradesh,Open Cast,Iron Ore,2021,8,2021-08-01,18756.01,4723977.98,3480457.99,434,94160.1,0.1992,21895.83,4648.69,871908.32,690656.9,181251.42,20.79,3159.21,15.554,0,1,1,environmental,Open,2,Slip/Fall,Serious,3.32,1,0,1,Overdue
MINE-026,Maharashtra Copper Mine 26,Western,Maharashtra,Underground,Copper Ore,2021,12,2021-12-01,25871.82,3439638.4,2109909.52,534,101207.6,0.2556,32743.55,6864.7,1776022.15,1465808.3,310213.85,17.47,15059.9,22.485,0,1,0,,,0,,,1.65,0,0,0,Completed
MINE-026,Maharashtra Copper Mine 26,Western,Maharashtra,Underground,Copper Ore,2022,10,2022-10-01,23973.5,3439638.4,1877116.62,483,95003.6,0.2523,37582.75,6617.46,1586436.92,1021604.4,564832.52,35.6,9588.47,17.576,0,3,2,Environmental,Closed,0,,,1.04,3,1,2,Pending
MINE-004,Chhattisgarh Coal Mine 4,Central,Chhattisgarh,Underground,Coal,2022,10,2022-10-01,6536.92,3455223.81,2706230.16,1341,277427.3,0.0236,10096.17,2268.54,148292.31,104981.54,43310.78,29.21,3877.66,10.488,0,2,1,Environmental,Open,1,Gas/Explosion,Minor,2.59,1,0,1,In Progress
MINE-008,Telangana Iron Mine 8,Southern,Telangana,OPEN CAST,Iron Ore,2016,2,2016-02-01,10888.24,4242653.83,4219250.44,674,136214.8,0.0799,13803.16,5700.73,620709.71,456093.47,164616.23,26.52,3914.42,13.483,0,1,1,Environmental,Under Review,0,,,0.57,1,0,1,Completed
MINE-024,Chhattisgarh Bauxite Mine 24,Central,Chhattisgarh,Underground,Bauxite,2017,5,2017-05-01,29300.69,8763956.29,8331382.22,1040,216524.7,0.1353,49277.65,2078.13,608906.94,494341.47,114565.47,18.81,16190.15,25.996,0,2,0,,,0,,,0.92,0,0,0,Completed
MINE-001,Jharkhand Coal Mine 1,Eastern,Jharkhand,Underground,Coal,2024,2,2024-02-01,247713.31,15973322.74,2659904.02,3632,767764.4,0.3226,429318.21,2489.67,6167254.84,3697348.22,2469906.62,40.05,67214.85,168.949,0,1,1,Safety,Closed,1,Fire,Minor,2.74,1,0,1,Pending
MINE-013,Odisha Coal Mine 13,Eastern,Odisha,Open Cast,Coal,2019,2,2019-02-01,43919.99,11260157.97,9993641.42,584,115761.4,0.3794,47904.41,2664.59,1170288.92,719295.71,450993.21,38.54,19130.66,30.122,0,2,0,,,0,,,1.39,0,0,0,Completed
MINE-025,Madhya Limestone Mine 25,Central,Madhya Pradesh,Open Cast,Limestone,2017,2,2017-02-01,13428.11,5333812.33,5141683.96,1257,235782.8,0.057,16973.52,905.28,121562.09,82746.03,38816.06,31.93,2188.22,7.172,0,1,0,,,0,,,0.83,2,1,1,Pending
MINE-028,Telangana Coal Mine 28,Southern,Telangana,Open Cast,Coal,2024,8,2024-08-01,8003.71,10510635.28,8545646.87,937,172295.6,0.0465,8911.64,1944.13,155602.94,124092.99,31509.95,20.25,2535.23,11.192,0,1,0,,,1,Haulage/Transport,Minor,0.78,0,0,0,Completed
MINE-023,Odisha Copper Mine 23,Eastern,Odisha,Open Cast,Copper Ore,2022,5,2022-05-01,99873.83,20545143.55,15320885.33,1809,343643.4,0.2906,84990.01,5647.06,5639933.64,4668362.02,971571.62,17.23,42825.57,48.241,0,2,0,,,1,Slip/Fall,Minor,2.31,0,0,0,Completed
MINE-028,Telangana Coal Mine 28,Southern,Telangana,Open Cast,Coal,2021,5,2021-05-01,15895.75,10510635.28,8987468.12,979,206884.5,0.0768,19326.21,2267.54,360442.76,310641.04,49801.73,13.82,5063.06,14.812,0,2,0,,,0,,,1.62,0,0,0,Completed
MINE-002,West Iron Mine 2,Eastern,West Bengal,Open Cast,Iron Ore,2019,5,2019-05-01,80485.9,31788526.71,28572455.68,2050,382078.4,0.2107,91485.43,5626.19,4528287.12,2879929.09,1648358.03,36.4,20098.39,40.145,0,1,0,,,0,,,0.32,0,0,0,Completed
MINE-001,Jharkhand Coal Mine 1,Eastern,Jharkhand,Underground,Coal,2018,5,2018-05-01,97872.28,15973322.74,13671595.43,2461,540739.2,0.181,144325.52,2692.67,2635378.75,2193731.97,441646.78,16.76,41073.2,68.809,0,1,0,,,0,,,1.66,1,0,1,Overdue
MINE-021,Jharkhand Limestone Mine 21,Eastern,Jharkhand,OPEN CAST,Limestone,2022,10,2022-10-01,3466.27,1715441.24,1374704.47,328,67048.7,0.0517,4194.17,722.95,25059.24,18517.32,6541.93,26.11,1341.76,2.773,0,2,0,,,0,,,1.94,0,0,0,Completed
MINE-020,Uttar Iron Mine 20,Northern,Uttar Pradesh,open cast,Iron Ore,2024,12,2024-12-01,23332.09,4723977.98,2617556.8,465,89514.0,0.2607,24130.17,4949.12,1154732.05,923738.7,230993.35,20.0,5410.6,12.128,0,1,0,,,2,Electrical,Minor,2.58,1,0,1,Overdue
MINE-007,Gujarat Coal Mine 7,Western,Gujarat,UNDERGROUND,Coal,2019,9,2019-09-01,11656.75,4595599.71,4077880.0,1559,299253.4,0.039,19827.93,2611.63,304431.6,243609.21,60822.4,19.98,6474.41,10.224,0,0,1,Emergency Preparedness,Under Review,1,Slip/Fall,Fatal,0.82,1,0,1,Overdue
MINE-013,Odisha Coal Mine 13,Eastern,Odisha,Open Cast,Coal,2023,7,2023-07-01,63236.38,11260157.97,7167287.33,695,141033.1,0.4484,60082.14,2623.44,1658970.04,978138.24,680831.8,41.04,20606.6,28.337,0,5,0,,,1,Fall of Roof/Rock,Minor,2.22,0,0,0,Completed
MINE-018,Telangana Iron Mine 18,Southern,Telangana,Mixed,Iron Ore,2016,10,2016-10-01,13742.48,4638464.7,4506430.4,969,202365.4,0.0679,15659.08,4870.47,669323.61,426511.46,242812.15,36.28,5565.78,11.864,0,0,0,,,0,,,0.29,0,0,0,Completed
MINE-021,Jharkhand Limestone Mine 21,Eastern,Jharkhand,Open Cast,Limestone,2023,1,2023-01-01,3534.86,1715441.24,1363794.54,337,61579.6,0.0574,2894.53,731.22,25847.59,23993.91,1853.67,7.17,1246.54,3.157,0,0,0,,,2,Gas/Explosion,Serious,2.69,0,0,0,Completed
MINE-015,Madhya Iron Mine 15,Central,Madhya Pradesh,Open Cast,Iron Ore,2023,4,2023-04-01,102905.79,14086398.07,8312536.63,1118,203575.8,0.5055,133506.28,6013.77,6188516.01,4037617.15,2150898.85,34.76,45187.17,70.132,0,1,1,Emergency Preparedness,Under Review,0,,,2.35,1,0,1,Overdue
MINE-007,Gujarat Coal Mine 7,Western,Gujarat,Underground,Coal,2020,6,2020-06-01,13006.02,4595599.71,3973988.13,1580,321959.4,0.0404,17557.32,2828.61,367889.85,294713.14,73176.71,19.89,7055.59,14.42,0,1,0,,,1,Gas/Explosion,Moderate,1.06,0,0,0,Completed
MINE-016,Maharashtra Iron Mine 16,Western,Maharashtra,Underground,Iron Ore,2023,5,2023-05-01,10455.05,3852023.09,2649397.93,441,96922.9,0.1079,11558.12,7479.48,781983.42,455085.62,326897.8,41.8,4438.57,7.257,0,0,0,,,0,,,0.37,0,0,0,Completed
MINE-005,Madhya Coal Mine 5,Central,Madhya Pradesh,Open Cast,Coal,2017,11,2017-11-01,20643.61,6162270.35,5683500.5,1122,233171.4,0.0885,21634.42,2496.82,515434.87,342422.34,173012.54,33.57,5793.19,16.939,0,0,0,,,0,,,1.8,0,0,0,Completed
MINE-019,Andhra Coal Mine 19,Southern,Andhra Pradesh,Open Cast,Coal,2024,1,2024-01-01,44889.32,6903354.37,3992946.69,139,26545.9,1.691,53714.34,2313.23,1038393.63,684924.08,353469.55,34.04,15673.94,26.894,0,1,0,,,3,Gas/Explosion,Minor,1.67,0,0,0,Completed
MINE-022,West Copper Mine 22,Eastern,West Bengal,Open Cast,Copper Ore,2017,10,2017-10-01,59084.27,11657228.78,10574410.97,1908,369678.6,0.1598,52794.79,7446.92,4399958.75,3077338.36,1322620.38,30.06,11666.04,28.569,0,2,0,,,0,,,1.23,0,0,0,Completed
MINE-006,Maharashtra Limestone Mine 6,Western,Maharashtra,Open Cast,Limestone,2021,10,2021-10-01,30492.5,4919591.78,3499030.05,837,154560.4,0.1973,35636.59,1191.35,363273.04,294959.7,68313.34,18.8,8562.78,16.319,0,1,0,,,0,,,0.39,0,0,0,Completed
MINE-002,West Iron Mine 2,Eastern,West Bengal,Open Cast,Iron Ore,2020,12,2020-12-01,72982.26,31788526.71,27257103.93,2008,436745.2,0.1671,91311.88,5933.0,4330034.86,3432542.39,897492.47,20.73,28234.46,41.565,0,1,1,Operational,Open,0,,,2.72,1,0,1,Overdue
MINE-007,Gujarat Coal Mine 7,Western,Gujarat,Underground,Coal,2022,11,2022-11-01,12677.34,4595599.71,3635040.79,1684,303506.8,0.0418,20117.01,3207.04,406566.85,259566.83,147000.02,36.16,6552.51,10.474,0,1,0,,,0,,,0.38,1,0,1,Completed
MINE-022,West Copper Mine 22,Eastern,West Bengal,Open Cast,Copper Ore,2023,7,2023-07-01,145045.1,11657228.78,3488758.66,2554,499066.3,0.2906,148182.19,10468.45,15183976.2,9135136.11,6048840.1,39.84,44755.9,72.093,0,0,0,,,0,,,0.92,0,0,0,Completed
MINE-028,Telangana Coal Mine 28,Southern,Telangana,Open Cast,Coal,2016,10,2016-10-01,28093.94,10510635.28,10197687.79,1014,222047.2,0.1265,28847.15,2308.86,648649.22,429277.81,219371.41,33.82,10797.88,18.214,0,1,1,Emergency Preparedness,Closed,0,,,0.49,1,0,1,In Progress
MINE-021,Jharkhand Limestone Mine 21,Eastern,Jharkhand,Open Cast,Limestone,2017,4,2017-04-01,4384.45,1715441.24,1639237.07,315,65993.3,0.0664,4416.48,948.71,41595.46,30902.95,10692.51,25.71,1139.88,7.414,0,0,0,,,0,,,0.26,0,0,0,Completed
MINE-016,Maharashtra Iron Mine 16,Western,Maharashtra,Underground,Iron Ore,2016,3,2016-03-01,13829.63,3852023.09,3806683.68,465,99939.3,0.1384,21668.54,5617.83,776925.51,605268.32,171657.19,22.09,5116.35,15.694,0,3,0,,,0,,,1.63,0,0,0,Completed
MINE-006,Maharashtra Limestone Mine 6,Western,Maharashtra,Open Cast,Limestone,2019,12,2019-12-01,25734.98,4919591.78,4100815.43,780,144945.8,0.1775,33379.76,1135.13,292126.2,205121.81,87004.39,29.78,6854.27,19.211,0,3,1,EQUIPMENT,Open,0,,,2.24,1,0,1,In Progress
MINE-013,Odisha Coal Mine 13,Eastern,Odisha,Open Cast,Coal,2024,10,2024-10-01,84082.0,11260157.97,6028653.38,728,152211.0,0.5524,103788.72,2669.03,2244175.33,1720720.84,523454.49,23.33,31958.24,51.718,0,0,0,,,1,Machinery,Minor,0.87,0,0,0,Completed
MINE-016,Maharashtra Iron Mine 16,Western,Maharashtra,Underground,Iron Ore,2022,9,2022-09-01,11575.37,3852023.09,2739485.38,462,98626.3,0.1174,15743.19,7591.92,878793.15,612807.6,265985.55,30.27,3484.39,13.089,0,2,1,Emergency Preparedness,Closed,0,,,0.49,1,0,1,Pending
MINE-023,Odisha Copper Mine 23,Eastern,Odisha,Open Cast,Copper Ore,2016,12,2016-12-01,55471.73,20545143.55,19944696.84,1446,305587.8,0.1815,46356.79,7654.39,4246024.66,2876077.92,1369946.74,32.26,15235.86,,0,3,1,Emergency Preparedness,Under Review,0,,,2.32,1,0,1,Completed
MINE-024,Chhattisgarh Bauxite Mine 24,Central,Chhattisgarh,Underground,Bauxite,2024,5,2024-05-01,100576.8,8763956.29,3799001.13,1491,270287.6,0.3721,125375.55,1317.0,1324595.92,911613.87,412982.06,31.18,57674.28,70.976,0,0,0,,,0,,,1.59,0,0,0,Completed
MINE-013,Odisha Coal Mine 13,Eastern,Odisha,Open Cast,Coal,2022,12,2022-12-01,69909.97,11260157.97,7651296.05,678,133880.3,0.5222,59066.85,2633.7,1841219.94,1361691.58,479528.37,26.04,22026.24,31.769,0,2,0,,,0,,,2.49,1,0,1,In Progress
MINE-027,Gujarat Iron Mine 27,Western,Gujarat,Open Cast,Iron Ore,2019,2,2019-02-01,12228.28,6248149.8,5588185.89,763,143140.5,0.0854,15513.14,6336.56,774852.05,437798.9,337053.15,43.5,2072.95,5.783,0,1,2,Documentation,Closed,0,,,1.46,2,1,1,Pending
MINE-020,Uttar Iron Mine 20,Northern,Uttar Pradesh,Open Cast,Iron Ore,2020,8,2020-08-01,17419.23,4723977.98,3722689.84,430,82341.5,0.2115,21072.23,,922145.5,583750.09,338395.41,36.7,2710.3,13.438,0,2,0,,,2,Fire,Moderate,2.17,0,0,0,Completed
MINE-025,Madhya Limestone Mine 25,Central,Madhya Pradesh,Open Cast,Limestone,2021,10,2021-10-01,7905.16,5333812.33,4569712.48,1147,225658.5,0.035,8239.42,773.06,61111.54,51116.26,9995.28,16.36,1439.03,4.689,0,0,0,,,2,Machinery,Moderate,3.27,0,0,0,Completed
MINE-005,Madhya Coal Mine 5,Central,Madhya Pradesh,Open Cast,Coal,2016,10,2016-10-01,17697.48,6162270.35,5942309.25,1076,219439.9,0.0806,21032.76,2400.65,424853.97,347471.5,77382.47,18.21,6647.1,11.591,0,1,0,,,0,,,0.8,0,0,0,Completed
MINE-019,Andhra Coal Mine 19,Southern,Andhra Pradesh,Open Cast,Coal,2024,12,2024-12-01,50735.23,6903354.37,3514340.01,150,27031.4,1.8769,46393.91,2095.22,1063013.78,894680.16,168333.61,15.84,8081.96,24.471,0,4,2,Operational,Closed,1,Haulage/Transport,Minor,2.14,2,0,2,In Progress
MINE-013,Odisha Coal Mine 13,Eastern,Odisha,Open Cast,Coal,2016,6,2016-06-01,27726.13,11260157.97,11096095.98,560,114820.3,0.2415,24935.4,2362.13,654926.79,397453.76,257473.03,39.31,10635.78,20.081,0,0,2,Equipment,Under Review,1,Fall of Roof/Rock,Minor,1.1,2,1,1,Completed
MINE-026,Maharashtra Copper Mine 26,Western,Maharashtra,Underground,Copper Ore,2021,10,2021-10-01,21637.49,3439638.4,2159551.82,515,93412.4,0.2316,35421.85,7166.06,1550554.96,911305.95,639249.01,41.23,6334.84,17.005,0,2,0,,,2,Slip/Fall,Minor,1.61,0,0,0,Completed
MINE-013,Odisha Coal Mine 13,Eastern,Odisha,Open Cast,Coal,2016,9,2016-09-01,26959.38,11260157.97,11015594.71,545,101072.2,0.2667,31827.43,2484.46,669794.66,516708.68,153085.98,22.86,11836.03,23.02,0,1,0,,,2,Slip/Fall,Serious,0.97,0,0,0,Completed
MINE-003,Odisha Coal Mine 3,Eastern,Odisha,Underground,Coal,2017,9,2017-09-01,90479.72,24608205.58,22976116.41,1098,197906.1,0.4572,102298.54,2769.28,2505640.0,1450583.29,1055056.71,42.11,42342.16,54.33,0,5,1,Safety,Under Review,0,,,0.99,2,0,2,Overdue
MINE-005,Madhya Coal Mine 5,Central,Madhya Pradesh,Open Cast,Coal,2023,5,2023-05-01,10280.02,6162270.35,4759665.81,1014,187790.6,0.0547,10887.83,2456.07,252484.89,223470.39,29014.49,11.49,1799.72,4.309,0,1,0,,,0,,,0.66,0,0,0,Completed
MINE-007,Gujarat Coal Mine 7,Western,Gujarat,Underground,Coal,2023,4,2023-04-01,9950.04,4595599.71,3579283.42,1495,276605.7,0.036,11886.1,3016.69,300162.21,214740.08,85422.14,28.46,4775.91,10.927,0,3,0,,,1,Electrical,Minor,1.07,0,0,0,Completed
MINE-027,Gujarat Iron Mine 27,Western,Gujarat,Open Cast,Iron Ore,2023,1,2023-01-01,7071.68,6248149.8,5151526.27,723,140703.6,0.0503,8454.24,5638.14,398711.71,336538.15,62173.55,15.59,1530.84,6.324,0,1,2,Operational,Open,0,,,1.62,2,1,1,Completed
MINE-006,Maharashtra Limestone Mine 6,Western,Maharashtra,Open Cast,Limestone,2020,5,2020-05-01,25674.04,4919591.78,3980397.99,855,157814.0,0.1627,28520.17,1227.78,315219.79,247472.65,67747.14,21.49,11241.13,16.949,0,1,0,,,0,,,0.17,0,0,0,Completed
MINE-013,Odisha Coal Mine 13,Eastern,Odisha,Open Cast,Coal,2016,8,2016-08-01,27164.18,11260157.97,11042554.08,534,96691.5,0.2809,32624.81,2511.34,682183.81,575799.18,106384.63,15.59,9102.54,20.471,0,1,0,,,0,,,1.24,0,0,0,Completed
MINE-013,Odisha Coal Mine 13,Eastern,Odisha,Open Cast,Coal,2023,8,2023-08-01,58402.98,11260157.97,7108884.35,658,138431.6,0.4219,71000.41,2632.98,1537736.95,1130117.17,407619.78,26.51,17096.48,37.376,0,1,0,,,0,,,1.65,0,0,0,Completed
MINE-020,Uttar Iron Mine 20,Northern,Uttar Pradesh,Open Cast,Iron Ore,2022,8,2022-08-01,17128.3,4723977.98,3241533.6,431,82210.8,0.2083,20062.83,4762.88,815800.52,509638.32,306162.2,37.53,4352.29,13.867,0,1,2,Equipment,Open,1,Fire,Minor,1.36,2,1,1,Overdue
MINE-003,Odisha Coal Mine 3,Eastern,Odisha,Underground,Coal,2017,2,2017-02-01,85732.22,24608205.58,23572898.52,1123,212064.1,0.4043,104203.22,2637.47,2261157.58,1574305.99,686851.59,30.38,26837.67,52.638,0,1,0,,,2,Gas/Explosion,Minor,2.98,1,0,1,Completed
MINE-029,Andhra Copper Mine 29,Southern,Andhra Pradesh,Open Cast,Copper Ore,2017,5,2017-05-01,34903.08,11305197.36,10753419.85,266,50399.2,0.6925,44074.55,8253.54,2880741.18,2102320.7,778420.48,27.02,6111.67,19.88,0,0,0,,,0,,,2.28,0,0,0,Completed
MINE-009,Andhra Iron Mine 9,Southern,Andhra Pradesh,Underground,Iron Ore,2019,5,2019-05-01,30758.19,7961285.52,6566240.24,1135,219757.9,0.14,42824.35,5191.32,1596755.98,1210307.06,386448.91,24.2,12228.9,22.113,0,1,0,,,1,Slip/Fall,Moderate,1.67,1,0,1,Completed
MINE-027,Gujarat Iron Mine 27,Western,Gujarat,Open Cast,Iron Ore,2019,9,2019-09-01,10869.47,6248149.8,5504484.09,748,147177.2,0.0739,11352.29,6155.84,669107.06,449333.98,219773.07,32.85,4687.28,9.06,0,0,0,,,0,,,1.88,0,0,0,Completed
MINE-012,West Iron Mine 12,Eastern,West Bengal,OPEN CAST,Iron Ore,2023,8,2023-08-01,134700.39,17808314.68,8553092.13,1090,207724.0,0.6485,161590.04,5319.21,7164999.25,4991083.18,2173916.07,30.34,33725.71,73.277,0,1,1,Emergency Preparedness,Under Review,0,,,0.78,1,0,1,Completed
MINE-025,Madhya Limestone Mine 25,Central,Madhya Pradesh,Open Cast,Limestone,2018,3,2018-03-01,11450.08,5333812.33,4980326.6,1152,228596.3,0.0501,12211.89,899.65,103010.63,67252.41,35758.22,34.71,1771.65,8.861,0,0,0,,,0,,,1.33,1,0,1,Pending
MINE-030,Uttar Iron Mine 30,Northern,Uttar Pradesh,Mixed,Iron Ore,2018,3,2018-03-01,30021.89,9769224.08,9007587.26,775,144990.7,0.2071,34456.03,5040.98,1513397.44,1290522.1,222875.34,14.73,5567.51,16.197,0,3,0,,,0,,,0.49,0,0,0,Completed
MINE-025,Madhya Limestone Mine 25,Central,Madhya Pradesh,Open Cast,Limestone,2016,12,2016-12-01,12543.49,5333812.33,5168034.09,1156,240208.0,0.0522,11351.62,870.13,109144.77,87899.35,21245.41,19.47,3552.43,7.237,0,1,1,Equipment,Under Review,0,,,1.83,1,0,1,Overdue
MINE-025,Madhya Limestone Mine 25,Central,Madhya Pradesh,Open Cast,Limestone,2023,12,2023-12-01,6232.61,5333812.33,4391205.81,1114,224487.2,0.0278,7840.5,671.01,41821.29,43089.74,-1268.45,-3.03,970.51,4.429,0,2,3,EMERGENCY PREPAREDNESS,Open,1,Slip/Fall,Minor,3.09,3,2,1,Completed
MINE-025,Madhya Limestone Mine 25,Central,Madhya Pradesh,Open Cast,Limestone,2016,6,2016-06-01,15280.29,5333812.33,5248585.44,1217,257500.5,0.0593,17757.92,888.28,135731.49,94070.33,41661.15,30.69,3238.17,11.105,0,1,1,Safety,Open,1,Haulage/Transport,Minor,2.0,2,1,1,Completed
MINE-007,Gujarat Coal Mine 7,Western,Gujarat,Underground,Coal,2020,11,2020-11-01,12160.38,4595599.71,3914967.49,1490,293545.3,0.0414,20475.11,3072.53,373631.09,279134.84,94496.25,25.29,3309.27,9.97,0,2,0,,,1,Fall of Roof/Rock,Minor,1.82,2,0,2,In Progress
MINE-030,Uttar Iron Mine 30,Northern,Uttar Pradesh,mixed,Iron Ore,2023,11,2023-11-01,21326.39,9769224.08,7252431.18,737,141710.1,0.1505,22636.09,4876.61,1040004.64,618465.32,421539.32,40.53,6476.0,15.291,0,1,0,,,1,Haulage/Transport,Moderate,2.5,0,0,0,Completed
MINE-007,Gujarat Coal Mine 7,Western,Gujarat,Underground,Coal,2024,2,2024-02-01,10581.65,4595599.71,3464878.67,1506,309945.7,0.0341,16697.52,3101.57,328197.49,233077.67,95119.82,28.98,4896.01,13.219,0,2,1,OPERATIONAL,Under Review,2,Gas/Explosion,Minor,2.63,1,0,1,Completed
MINE-018,Telangana Iron Mine 18,Southern,Telangana,Mixed,Iron Ore,2024,8,2024-08-01,7232.53,4638464.7,3529362.96,898,169634.0,0.0426,8314.63,4186.13,302762.84,253067.16,49695.68,16.41,3391.94,8.343,0,0,0,,,0,,,0.5,0,0,0,Completed
MINE-024,Chhattisgarh Bauxite Mine 24,Central,Chhattisgarh,Underground,Bauxite,2024,2,2024-02-01,82773.21,8763956.29,4068775.43,1434,259455.6,0.319,137802.13,1408.66,1165989.65,962328.17,203661.48,17.47,49664.8,72.159,0,2,0,,,1,Fall of Roof/Rock,Minor,1.25,0,0,0,Completed
MINE-005,Madhya Coal Mine 5,Central,Madhya Pradesh,Open Cast,Coal,2022,10,2022-10-01,11889.99,6162270.35,4830134.59,1027,219539.0,0.0542,12117.02,2520.93,299738.45,192344.69,107393.76,35.83,4959.32,13.249,0,1,0,,,2,Fall of Roof/Rock,Minor,2.46,0,0,0,Completed
MINE-001,Jharkhand Coal Mine 1,Eastern,Jharkhand,Underground,Coal,2022,10,2022-10-01,208083.21,15973322.74,6228452.65,3195,656767.7,0.3168,345518.03,2658.23,5531335.21,3417901.64,2113433.57,38.21,112323.11,162.243,0,5,0,,,1,Slip/Fall,Minor,1.99,0,0,0,Completed
MINE-013,Odisha Coal Mine 13,Eastern,Odisha,Open Cast,Coal,2017,1,2017-01-01,32021.51,11260157.97,10889825.0,579,126702.1,0.2527,33844.85,2510.71,803967.87,469057.47,334910.4,41.66,9556.46,19.926,0,5,0,,,1,Machinery,Minor,1.95,0,0,0,Completed
MINE-026,Maharashtra Copper Mine 26,Western,Maharashtra,Underground,Copper Ore,2017,9,2017-09-01,15164.53,3439638.4,3109338.29,497,97416.4,0.1557,20430.64,7523.98,1140976.12,883759.22,257216.9,22.54,6333.4,12.887,0,3,1,DOCUMENTATION,Closed,0,,,1.63,1,0,1,In Progress
MINE-009,Andhra Iron Mine 9,Southern,Andhra Pradesh,Underground,Iron Ore,2020,3,2020-03-01,30184.88,7961285.52,6241416.13,1049,201062.5,0.1501,47418.09,4981.91,1503783.31,878286.44,625496.87,41.59,16864.4,29.191,0,0,0,,,1,Gas/Explosion,Minor,2.11,0,0,0,Completed
MINE-028,Telangana Coal Mine 28,Southern,Telangana,Open Cast,Coal,2023,9,2023-09-01,9351.16,10510635.28,8650131.03,926,181427.7,0.0515,10579.38,2089.66,195407.35,127234.06,68173.29,34.89,4179.31,11.751,0,0,1,Environmental,Open,0,,,1.53,2,1,1,Pending
MINE-008,Telangana Iron Mine 8,Southern,Telangana,Open Cast,Iron Ore,2017,7,2017-07-01,11839.11,4242653.83,4010000.8,696,151387.4,0.0782,10028.02,5801.54,686850.96,505354.31,181496.65,26.42,3092.72,9.551,0,1,0,,,2,Gas/Explosion,Moderate,1.4,0,0,0,Completed
MINE-004,Chhattisgarh Coal Mine 4,Central,Chhattisgarh,Underground,Coal,2016,6,2016-06-01,12846.4,3455223.81,3377460.72,1432,295602.5,0.0435,22452.09,2401.98,308568.58,234998.75,73569.83,23.84,4562.42,13.815,0,3,1,Operational,Under Review,0,,,2.09,1,0,1,Overdue
MINE-020,Uttar Iron Mine 20,Northern,Uttar Pradesh,Open Cast,Iron Ore,2016,3,2016-03-01,16999.83,4723977.98,4674739.54,400,80431.1,0.2114,17860.29,4921.69,836678.92,714966.82,121712.11,14.55,4195.47,15.248,0,4,0,,,2,Fall of Roof/Rock,Moderate,1.32,0,0,0,Completed
MINE-019,Andhra Coal Mine 19,Southern,Andhra Pradesh,Open Cast,Coal,2020,10,2020-10-01,33203.02,6903354.37,5398127.1,132,27974.1,1.1869,41724.29,2258.14,749771.8,420854.68,328917.12,43.87,13392.66,25.588,0,1,1,Emergency Preparedness,Closed,2,Electrical,Minor,1.57,1,0,1,Overdue
MINE-009,Andhra Iron Mine 9,Southern,Andhra Pradesh,Underground,Iron Ore,2022,8,2022-08-01,30027.23,7961285.52,5246422.66,1074,233194.2,0.1288,50710.12,4939.07,1483066.37,862196.98,620869.4,41.86,13476.03,26.764,0,2,2,Operational,Open,0,,,2.9,2,1,1,Pending
MINE-008,Telangana Iron Mine 8,Southern,Telangana,Open Cast,Iron Ore,2021,7,2021-07-01,16739.51,4242653.83,3305482.24,728,131720.3,0.1271,16840.77,7623.42,1276123.91,1094029.36,182094.55,14.27,6539.39,10.689,0,1,0,,,2,Fire,Minor,1.78,0,0,0,Completed
MINE-009,Andhra Iron Mine 9,Southern,Andhra Pradesh,Underground,Iron Ore,2019,10,2019-10-01,32389.72,7961285.52,6407041.07,1105,223223.8,0.1451,54833.56,5136.45,1663683.37,1250837.98,412845.39,24.82,17070.6,27.143,0,1,0,,,0,,,0.53,1,0,1,Pending
MINE-002,West Iron Mine 2,Eastern,West Bengal,Open Cast,Iron Ore,2022,2,2022-02-01,68461.88,31788526.71,26336525.28,2001,435119.7,0.1573,85813.62,5864.29,4014801.77,2924047.79,1090753.98,27.17,30293.62,42.931,0,3,0,,,1,Machinery,Minor,2.19,0,0,0,Completed
MINE-002,West Iron Mine 2,Eastern,West Bengal,Open Cast,Iron Ore,2020,9,2020-09-01,66676.46,31788526.71,27460388.66,2034,437553.3,0.1524,80428.74,6058.89,4039852.8,2550457.3,1489395.5,36.87,12017.99,35.408,0,0,0,,,0,,,0.75,0,0,0,Completed
MINE-015,Madhya Iron Mine 15,Central,Madhya Pradesh,Open Cast,Iron Ore,2016,12,2016-12-01,47508.58,14086398.07,13625040.57,916,193687.3,0.2453,58164.52,5245.76,2492185.34,1918512.06,573673.28,23.02,20196.07,30.96,0,0,0,,,0,,,1.64,1,0,1,In Progress
MINE-005,Madhya Coal Mine 5,Central,Madhya Pradesh,Open Cast,Coal,2017,8,2017-08-01,17972.9,6162270.35,5743719.84,1135,235541.9,0.0763,14652.45,2394.67,430392.54,308921.72,121470.83,28.22,3329.03,7.719,0,0,0,,,0,,,2.05,0,0,0,Completed
MINE-013,Odisha Coal Mine 13,Eastern,Odisha,Open Cast,Coal,2017,4,2017-04-01,29014.42,11260157.97,10799559.77,500,100887.5,0.2876,32499.59,2457.16,712930.58,481115.78,231814.79,32.52,9042.1,14.828,0,0,0,,,0,,,0.02,0,0,0,Completed
MINE-011,Jharkhand Coal Mine 11,Eastern,Jharkhand,Underground,Coal,2018,8,2018-08-01,31443.28,4815796.69,3910234.74,398,71971.3,0.4369,44042.57,2525.25,794020.32,522627.91,271392.41,34.18,8227.19,18.057,0,3,1,Equipment,Open,0,,,0.63,1,0,1,Pending
MINE-012,West Iron Mine 12,Eastern,West Bengal,Open Cast,Iron Ore,2024,4,2024-04-01,187516.74,17808314.68,7154371.09,1257,262397.9,0.7146,218162.79,5614.96,10528999.1,8656496.53,1872502.57,17.78,43376.47,91.013,0,2,0,,,1,Slip/Fall,Moderate,2.39,0,0,0,Completed
MINE-004,Chhattisgarh Coal Mine 4,Central,Chhattisgarh,Underground,Coal,2016,4,2016-04-01,13754.87,3455223.81,3404178.17,1551,286958.9,0.0479,18679.81,2366.9,325564.12,218284.7,107279.42,32.95,7289.29,11.435,0,0,0,,,0,,,2.27,0,0,0,Completed
MINE-017,Gujarat Iron Mine 17,Western,Gujarat,Open Cast,Iron Ore,2021,3,2021-03-01,30611.99,13268212.21,11152852.75,415,81950.8,0.3735,32430.73,5362.49,1641566.0,955975.39,685590.61,41.76,6411.41,13.458,0,1,0,,,0,,,2.24,0,0,0,Completed
MINE-027,Gujarat Iron Mine 27,Western,Gujarat,Open Cast,Iron Ore,2023,3,2023-03-01,6033.24,6248149.8,5139119.08,685,141971.3,0.0425,6813.17,5599.84,337851.49,275652.27,62199.22,18.41,1996.53,7.966,0,0,1,Safety,Under Review,0,,,0.55,1,0,1,Overdue
MINE-019,Andhra Coal Mine 19,Southern,Andhra Pradesh,Open Cast,Coal,2021,4,2021-04-01,34759.56,6903354.37,5194690.15,138,29739.7,1.1688,37957.02,2565.34,891701.9,708554.43,183147.47,20.54,13066.36,24.942,0,3,0,,,2,Haulage/Transport,Minor,1.84,0,0,0,Completed
MINE-018,Telangana Iron Mine 18,Southern,Telangana,Mixed,Iron Ore,2017,11,2017-11-01,13117.7,4638464.7,4338620.68,938,199005.3,0.0659,18783.06,4586.55,601649.7,471245.39,130404.32,21.67,2711.92,13.34,0,3,2,Safety,Open,0,,,0.61,5,3,2,Pending
MINE-003,Odisha Coal Mine 3,Eastern,Odisha,Underground,Coal,2024,1,2024-01-01,383612.56,24608205.58,6679736.88,1966,420615.1,0.912,504773.75,2759.58,10586093.52,6347608.68,4238484.84,40.04,225592.13,265.45,0,2,1,Documentation,Closed,0,,,2.46,1,0,1,In Progress
MINE-008,Telangana Iron Mine 8,Southern,Telangana,Open Cast,Iron Ore,2022,5,2022-05-01,17732.94,4242653.83,3136383.41,773,144062.1,0.1231,22714.68,7781.53,1379893.77,934271.04,445622.73,32.29,6400.58,13.504,0,3,0,,,5,Haulage/Transport,Fatal,3.76,0,0,0,Completed
MINE-012,West Iron Mine 12,Eastern,West Bengal,Open Cast,Iron Ore,2017,2,2017-02-01,66929.84,17808314.68,16935091.52,895,178179.5,0.3756,64061.4,5241.97,3508443.3,2072351.13,1436092.17,40.93,20162.13,31.333,0,0,0,,,1,Slip/Fall,Fatal,0.68,0,0,0,Completed
MINE-024,Chhattisgarh Bauxite Mine 24,Central,Chhattisgarh,Underground,Bauxite,2019,7,2019-07-01,38745.96,8763956.29,7446247.73,1060,215387.9,0.1799,64120.81,1662.48,644145.48,420360.74,223784.74,34.74,16573.47,35.363,0,2,2,Equipment,Open,0,,,1.45,2,0,2,Completed
MINE-022,West Copper Mine 22,Eastern,West Bengal,Open Cast,Copper Ore,2016,6,2016-06-01,49012.42,11657228.78,11390091.8,1816,334990.5,0.1463,47079.39,7348.03,3601447.08,2556357.94,1045089.14,29.02,13985.33,23.237,0,2,1,Documentation,Under Review,0,,,0.81,1,0,1,In Progress
MINE-020,Uttar Iron Mine 20,Northern,Uttar Pradesh,Open Cast,Iron Ore,2022,11,2022-11-01,20181.53,4723977.98,3179140.97,448,97530.6,0.2069,22708.31,4952.79,999549.16,788975.5,210573.66,21.07,5287.34,11.829,0,1,0,,,1,Electrical,Moderate,0.57,1,0,1,Completed
MINE-024,Chhattisgarh Bauxite Mine 24,Central,Chhattisgarh,Underground,Bauxite,2020,4,2020-04-01,43255.13,8763956.29,7069090.98,1091,233049.4,0.1856,52147.63,1688.66,730433.65,626221.56,104212.09,14.27,22289.9,34.427,0,2,0,,,0,,,1.74,1,0,1,Pending
MINE-014,Chhattisgarh Bauxite Mine 14,Central,Chhattisgarh,Underground,Bauxite,2022,6,2022-06-01,7876.66,3172486.06,2420108.82,797,164994.4,0.0477,10212.07,2608.3,205447.18,131091.06,74356.12,36.19,3754.42,7.949,0,1,0,,,0,,,1.91,0,0,0,Completed
MINE-008,Telangana Iron Mine 8,Southern,Telangana,Open Cast,Iron Ore,2017,10,2017-10-01,14465.18,4242653.83,3970625.27,742,135664.4,0.1066,16717.15,6001.4,868113.3,535759.14,332354.16,38.28,3496.79,14.293,0,1,0,,,0,,,0.91,0,0,0,Completed
MINE-008,Telangana Iron Mine 8,Southern,Telangana,Open Cast,Iron Ore,2019,8,2019-08-01,12808.78,4242653.83,3668593.11,700,146911.6,0.0872,14939.31,7295.76,934498.11,634520.78,299977.33,32.1,5002.25,7.989,0,2,0,,,1,Slip/Fall,Minor,2.37,1,0,1,Completed
MINE-001,Jharkhand Coal Mine 1,Eastern,Jharkhand,Underground,Coal,2020,7,2020-07-01,114077.68,15973322.74,10697784.49,2412,479096.3,0.2381,123625.34,2481.5,2830841.53,1871957.32,958884.21,33.87,40336.67,61.777,0,1,1,Documentation,Open,3,Fire,Minor,3.7,1,0,1,Pending
MINE-018,Telangana Iron Mine 18,Southern,Telangana,Mixed,Iron Ore,2023,1,2023-01-01,8532.59,4638464.7,3690052.89,937,193912.7,0.044,11638.73,4719.2,402669.5,254719.23,147950.28,36.74,3515.82,11.292,0,0,1,Emergency Preparedness,Under Review,0,,,2.71,1,0,1,In Progress
MINE-027,Gujarat Iron Mine 27,Western,Gujarat,Open Cast,Iron Ore,2016,11,2016-11-01,20598.08,6248149.8,6018811.0,762,147188.4,0.1399,18663.64,5838.19,1202555.83,788931.32,413624.5,34.4,6097.21,13.898,0,0,0,,,0,,,0.1,0,0,0,Completed
MINE-022,West Copper Mine 22,Eastern,West Bengal,Open Cast,Copper Ore,2023,3,2023-03-01,145785.67,11657228.78,4128424.5,2544,468761.4,0.311,175045.1,10148.41,14794924.78,11464043.38,3330881.39,22.51,22318.96,66.078,0,4,1,Safety,Open,0,,,2.7,1,0,1,In Progress
MINE-016,Maharashtra Iron Mine 16,Western,Maharashtra,Underground,Iron Ore,2022,10,2022-10-01,12029.08,3852023.09,2727456.3,437,82575.0,0.1457,16317.74,7602.86,914553.93,697876.64,216677.29,23.69,5303.96,13.777,0,4,0,,,0,,,2.23,0,0,0,Completed
MINE-029,Andhra Copper Mine 29,Southern,Andhra Pradesh,Open Cast,Copper Ore,2018,12,2018-12-01,39749.14,11305197.36,10101991.12,265,56659.1,0.7015,42643.29,8611.26,3422902.24,2211916.46,1210985.78,35.38,15596.26,28.103,0,2,1,Emergency Preparedness,Closed,1,Machinery,Minor,2.01,1,0,1,Overdue
MINE-010,Uttar Coal Mine 10,Northern,Uttar Pradesh,Mixed,Coal,2017,4,2017-04-01,18605.69,3804225.22,3556238.26,665,143893.2,0.1293,26942.56,2384.5,443652.61,381087.35,62565.26,14.1,4700.84,10.667,0,1,0,,,1,Fire,Moderate,0.66,0,0,0,Completed
MINE-027,Gujarat Iron Mine 27,Western,Gujarat,Open Cast,Iron Ore,2018,12,2018-12-01,14938.68,6248149.8,5613950.43,732,132215.4,0.113,14858.47,6454.9,964276.71,625723.58,338553.13,35.11,2840.09,6.581,0,1,1,Safety,Open,2,Fall of Roof/Rock,Minor,1.97,3,1,2,Completed
MINE-013,Odisha Coal Mine 13,Eastern,Odisha,open cast,Coal,2024,3,2024-03-01,79637.55,11260157.97,6595779.06,709,142314.5,0.5596,93362.22,2720.06,2166189.29,1412928.13,753261.16,34.77,20261.2,38.639,0,1,1,Emergency Preparedness,Under Review,1,Fall of Roof/Rock,Minor,3.13,1,0,1,Completed
MINE-008,Telangana Iron Mine 8,Southern,Telangana,Open Cast,Iron Ore,2017,1,2017-01-01,13341.5,4242653.83,4085074.69,712,144206.1,0.0925,15446.71,5826.98,777406.47,456157.53,321248.94,41.32,4188.94,9.33,0,1,1,Equipment,Closed,0,,,1.62,1,0,1,Overdue
MINE-027,Gujarat Iron Mine 27,Western,Gujarat,Open Cast,Iron Ore,2022,12,2022-12-01,7077.45,6248149.8,5158597.95,689,144634.9,0.0489,9181.88,5694.91,403054.48,239945.2,163109.28,40.47,1348.04,9.187,0,1,1,Environmental,Open,0,,,0.76,1,0,1,Pending
MINE-003,Odisha Coal Mine 3,Eastern,Odisha,Underground,Coal,2021,10,2021-10-01,239290.97,24608205.58,15240196.48,1590,301444.0,0.7938,267020.92,2902.58,6945619.91,5739113.72,1206506.19,17.37,138762.13,153.247,0,1,0,,,3,Haulage/Transport,Minor,1.76,0,0,0,Completed
MINE-027,Gujarat Iron Mine 27,Western,Gujarat,Open Cast,Iron Ore,2021,9,2021-09-01,8429.95,6248149.8,5266415.02,698,129323.4,0.0652,8364.81,5499.16,463576.79,329713.8,133862.99,28.88,3453.53,8.71,0,1,1,Emergency Preparedness,Closed,1,Machinery,Minor,2.84,1,0,1,Pending
MINE-004,Chhattisgarh Coal Mine 4,Central,Chhattisgarh,Underground,Coal,2024,9,2024-09-01,4987.98,3455223.81,2582829.59,1324,254331.9,0.0196,8436.02,2349.05,117169.96,110143.57,7026.39,6.0,2054.43,3.6,0,1,0,,,0,,,0.98,0,0,0,Completed
MINE-020,Uttar Iron Mine 20,Northern,Uttar Pradesh,Open Cast,Iron Ore,2018,4,2018-04-01,16780.29,4723977.98,4245637.57,402,75601.3,0.222,15020.25,5425.54,910420.37,752015.56,158404.81,17.4,4634.75,14.569,0,0,2,Documentation,Closed,1,Fall of Roof/Rock,Minor,1.02,3,1,2,Completed
MINE-007,Gujarat Coal Mine 7,Western,Gujarat,Underground,Coal,2022,3,2022-03-01,10289.69,4595599.71,3727701.11,1551,316290.7,0.0325,14854.85,3171.02,326288.08,285337.04,40951.04,12.55,5760.29,8.247,0,2,0,,,1,Machinery,Minor,1.07,0,0,0,Completed
MINE-009,Andhra Iron Mine 9,Southern,Andhra Pradesh,Underground,Iron Ore,2023,4,2023-04-01,33751.57,7961285.52,4965460.23,1128,216259.8,0.1561,50885.87,5140.49,1734996.67,1473246.98,261749.7,15.09,7991.14,26.208,0,1,0,,,1,Fall of Roof/Rock,Moderate,2.17,0,0,0,Completed
MINE-010,Uttar Coal Mine 10,Northern,Uttar Pradesh,Mixed,Coal,2017,6,2017-06-01,19048.52,3804225.22,3520310.44,714,128645.5,0.1481,21046.27,2329.28,443693.96,374565.94,69128.02,15.58,6652.28,14.172,0,1,0,,,2,Haulage/Transport,Minor,0.92,0,0,0,Completed
MINE-029,Andhra Copper Mine 29,Southern,Andhra Pradesh,Open Cast,Copper Ore,2017,9,2017-09-01,35126.6,11305197.36,10622280.38,285,60905.5,0.5767,41303.02,8594.16,3018835.61,2214051.65,804783.96,26.66,10152.73,19.454,0,1,0,,,2,Fall of Roof/Rock,Minor,2.69,1,0,1,Pending
MINE-025,Madhya Limestone Mine 25,Central,Madhya Pradesh,Open Cast,Limestone,2022,2,2022-02-01,7264.06,5333812.33,4538911.48,1142,244576.3,0.0297,5905.34,757.27,55008.78,47387.6,7621.18,13.85,1602.53,9.088,0,1,0,,,1,Slip/Fall,Serious,2.33,0,0,0,Completed
MINE-004,Chhattisgarh Coal Mine 4,Central,Chhattisgarh,Underground,Coal,2016,3,2016-03-01,11649.21,3455223.81,3417933.04,1446,261287.9,0.0446,13480.66,2299.61,267885.8,179163.59,88722.21,33.12,2857.2,12.401,0,0,0,,,0,,,1.79,0,0,0,Completed
MINE-013,Odisha Coal Mine 13,Eastern,Odisha,Open Cast,Coal,2023,4,2023-04-01,69977.4,11260157.97,7373642.97,676,140839.3,0.4969,88164.24,2614.06,1829250.04,1356989.58,472260.46,25.82,21184.26,42.558,0,2,1,Environmental,Under Review,1,Fire,Minor,2.58,1,0,1,Overdue
MINE-016,Maharashtra Iron Mine 16,Western,Maharashtra,Underground,Iron Ore,2024,9,2024-09-01,10124.27,3852023.09,2480623.01,460,84314.1,0.1201,17428.84,8161.64,826307.13,522923.12,303384.01,36.72,2817.36,8.218,0,0,1,Operational,Closed,1,Fire,Minor,1.89,1,0,1,Pending
MINE-011,Jharkhand Coal Mine 11,Eastern,Jharkhand,Underground,Coal,2016,7,2016-07-01,23788.94,4815796.69,4660221.81,370,80136.8,0.2969,32215.71,2472.95,588287.76,342576.17,245711.58,41.77,8246.73,18.666,0,0,0,,,2,Fire,Minor,1.46,2,1,1,In Progress
MINE-004,Chhattisgarh Coal Mine 4,Central,Chhattisgarh,Underground,Coal,2017,6,2017-06-01,12449.81,3455223.81,3237533.85,1435,281132.3,0.0443,20184.02,2320.06,288842.45,257548.6,31293.85,10.83,3853.87,12.851,0,2,0,,,0,,,0.39,0,0,0,Completed
MINE-002,West Iron Mine 2,Eastern,West Bengal,Open Cast,Iron Ore,2019,4,2019-04-01,66786.3,31788526.71,28652941.58,2090,380168.8,0.1757,56219.44,5603.68,3742488.39,2366892.13,1375596.26,36.76,29116.23,32.987,0,4,1,Emergency Preparedness,Open,0,,,0.94,1,0,1,Overdue
MINE-024,Chhattisgarh Bauxite Mine 24,Central,Chhattisgarh,Underground,Bauxite,2021,9,2021-09-01,57798.84,8763956.29,6181379.27,1252,265447.6,0.2177,95357.2,1637.55,946486.97,782041.84,164445.13,17.37,31844.4,48.252,0,0,0,,,1,Electrical,Minor,2.58,0,0,0,Completed
MINE-011,Jharkhand Coal Mine 11,Eastern,Jharkhand,Underground,Coal,2018,4,2018-04-01,34565.13,4815796.69,4051400.49,428,77722.4,0.4447,54243.84,2367.43,818305.33,458944.06,359361.27,43.92,9741.11,21.529,0,2,0,,,0,,,1.75,1,0,1,In Progress
MINE-008,Telangana Iron Mine 8,Southern,Telangana,Open Cast,Iron Ore,2023,9,2023-09-01,19048.38,4242653.83,2836821.28,810,166065.5,0.1147,16275.1,7305.43,1391565.54,888517.8,503047.74,36.15,7745.05,11.696,0,1,0,,,0,,,2.06,0,0,0,Completed
MINE-009,Andhra Iron Mine 9,Southern,Andhra Pradesh,Underground,Iron Ore,2024,7,2024-07-01,34067.35,7961285.52,4442709.95,1129,241204.8,0.1412,50066.85,5017.51,1709332.71,1344481.8,364850.91,21.34,8187.03,23.686,0,2,0,,,1,Slip/Fall,Moderate,2.5,0,0,0,Completed
MINE-025,Madhya Limestone Mine 25,Central,Madhya Pradesh,Open Cast,Limestone,2023,11,2023-11-01,6247.96,5333812.33,4397438.41,1126,219133.9,0.0285,7194.51,666.37,41634.82,42998.77,-1363.96,-3.28,1682.97,7.411,0,1,0,,,0,,,2.37,1,0,1,In Progress
MINE-007,Gujarat Coal Mine 7,Western,Gujarat,Underground,Coal,2017,2,2017-02-01,11610.64,4595599.71,4433961.34,1515,309382.3,0.0375,20273.61,2732.4,317249.5,210559.19,106690.31,33.63,5593.14,12.471,0,1,1,Operational,Under Review,0,,,0.57,1,0,1,In Progress
MINE-010,Uttar Coal Mine 10,Northern,Uttar Pradesh,Mixed,Coal,2018,7,2018-07-01,20040.05,3804225.22,3261288.6,718,153714.5,0.1304,21183.31,2675.37,536145.76,302583.81,233561.95,43.56,10223.32,14.938,0,0,1,Operational,Closed,2,Gas/Explosion,Moderate,2.79,1,0,1,In Progress
MINE-024,Chhattisgarh Bauxite Mine 24,Central,Chhattisgarh,Underground,Bauxite,2021,11,2021-11-01,59596.47,8763956.29,6071050.02,1275,277131.5,0.215,70920.2,1628.0,970232.79,613723.53,356509.26,36.74,13781.79,30.644,0,1,0,,,0,,,1.63,0,0,0,Completed
MINE-029,Andhra Copper Mine 29,Southern,Andhra Pradesh,Open Cast,Copper Ore,2023,4,2023-04-01,44156.49,11305197.36,8044087.6,294,54837.9,0.8052,47457.16,8183.42,3613510.04,2211652.95,1401857.09,38.79,17927.72,27.451,0,1,1,Safety,Closed,1,Fall of Roof/Rock,Serious,0.9,1,0,1,In Progress
MINE-027,Gujarat Iron Mine 27,Western,Gujarat,Open Cast,Iron Ore,2023,2,2023-02-01,6373.96,6248149.8,5145152.31,676,122661.3,0.052,7355.53,5539.26,353069.86,252263.45,100806.42,28.55,1231.03,8.092,0,2,0,,,2,Fire,Minor,1.21,1,0,1,Completed
MINE-018,Telangana Iron Mine 18,Southern,Telangana,Mixed,Iron Ore,2019,8,2019-08-01,9355.02,4638464.7,4094125.27,901,193774.8,0.0483,8991.56,3955.56,370043.07,252575.82,117467.24,31.74,3067.28,9.005,0,1,0,,,1,Electrical,Serious,2.87,0,0,0,Completed
MINE-029,Andhra Copper Mine 29,Southern,Andhra Pradesh,Open Cast,Copper Ore,2019,11,2019-11-01,37407.32,11305197.36,9709221.31,284,58071.0,0.6442,36446.25,7908.99,2958540.38,2392534.82,566005.56,19.13,7251.87,20.554,0,0,0,,,0,,,1.0,0,0,0,Completed
MINE-012,West Iron Mine 12,Eastern,West Bengal,Open Cast,Iron Ore,2017,4,2017-04-01,68959.82,17808314.68,16802655.59,920,196014.5,0.3518,56464.9,5261.0,3627978.58,2639820.16,988158.42,27.24,18105.22,28.389,0,6,1,Safety,Open,1,Fire,Minor,2.05,2,1,1,Pending
MINE-019,Andhra Coal Mine 19,Southern,Andhra Pradesh,Open Cast,Coal,2019,11,2019-11-01,30269.27,6903354.37,5731241.64,131,28485.8,1.0626,33565.91,2465.94,746420.76,536739.26,209681.5,28.09,9651.15,19.457,0,2,0,,,3,Machinery,Fatal,1.46,0,0,0,Completed
MINE-001,Jharkhand Coal Mine 1,Eastern,Jharkhand,Underground,Coal,2018,1,2018-01-01,95964.04,15973322.74,14057155.64,2439,479664.4,0.2001,103748.74,2601.66,2496659.22,2038904.35,457754.87,18.33,39182.87,54.632,0,1,1,EQUIPMENT,Open,0,,,0.91,1,0,1,Pending
MINE-029,Andhra Copper Mine 29,Southern,Andhra Pradesh,Open Cast,Copper Ore,2019,4,2019-04-01,38173.4,11305197.36,9960709.36,275,59909.5,0.6372,38380.72,8242.65,3146499.58,2026095.33,1120404.24,35.61,15298.87,26.352,0,2,0,,,0,,,1.24,0,0,0,Completed
MINE-025,Madhya Limestone Mine 25,Central,Madhya Pradesh,Open Cast,Limestone,2020,5,2020-05-01,10028.69,5333812.33,4711960.52,1158,221895.4,0.0452,12033.37,837.23,83963.13,57795.48,26167.65,31.17,2243.75,5.135,0,0,0,,,3,Machinery,Minor,2.61,0,0,0,Completed
MINE-022,West Copper Mine 22,Eastern,West Bengal,Open Cast,Copper Ore,2016,2,2016-02-01,45507.05,11657228.78,11566268.97,1812,378226.5,0.1203,36459.52,7290.47,3317676.18,2106954.27,1210721.91,36.49,10935.8,24.099,0,3,0,,,0,,,2.16,0,0,0,Completed
MINE-028,Telangana Coal Mine 28,Southern,Telangana,Open Cast,Coal,2024,7,2024-07-01,8606.62,10510635.28,8553650.58,892,186290.7,0.0462,8394.66,1987.38,171045.94,108730.73,62315.22,36.43,3767.4,7.743,0,1,0,,,1,Machinery,Moderate,1.52,0,0,0,Completed
MINE-009,Andhra Iron Mine 9,Southern,Andhra Pradesh,Underground,Iron Ore,2016,12,2016-12-01,38509.71,7961285.52,7553269.3,1166,252831.9,0.1523,58708.63,5549.83,2137221.43,1565902.5,571318.94,26.73,21436.39,28.729,0,1,1,Safety,Under Review,0,,,0.89,1,0,1,In Progress
MINE-028,Telangana Coal Mine 28,Southern,Telangana,Open Cast,Coal,2017,8,2017-08-01,24294.47,10510635.28,9910375.95,1000,203488.5,0.1194,20016.59,2594.61,630345.87,467590.04,162755.83,25.82,7436.15,13.314,0,1,1,Operational,Open,0,,,1.42,1,0,1,In Progress
MINE-009,Andhra Iron Mine 9,Southern,Andhra Pradesh,Underground,Iron Ore,2022,3,2022-03-01,33352.68,7961285.52,5417146.07,1103,218910.4,0.1524,46142.75,5070.12,1691021.88,959169.51,731852.37,43.28,13308.03,23.306,0,4,0,,,1,Haulage/Transport,Moderate,0.72,0,0,0,Completed
MINE-027,Gujarat Iron Mine 27,Western,Gujarat,Open Cast,Iron Ore,2022,5,2022-05-01,7391.11,6248149.8,5205463.94,739,160172.9,0.0461,8655.96,5410.59,399903.0,305785.39,94117.61,23.54,1438.79,5.473,0,2,0,,,0,,,1.67,0,0,0,Completed
MINE-022,West Copper Mine 22,Eastern,West Bengal,Open Cast,Copper Ore,2021,3,2021-03-01,101794.56,11657228.78,7276252.72,2178,446390.9,0.228,92242.03,9226.12,9391683.64,5592681.82,3799001.82,40.45,33051.41,47.756,0,1,1,Documentation,Under Review,1,Machinery,Minor,2.03,1,0,1,Overdue
MINE-004,Chhattisgarh Coal Mine 4,Central,Chhattisgarh,Underground,Coal,2021,2,2021-02-01,6994.94,3455223.81,2837810.22,1288,253709.6,0.0276,11846.46,2659.36,186020.47,117313.45,68707.02,36.94,3018.33,7.875,0,1,0,,,1,Machinery,Moderate,1.34,1,0,1,Completed
MINE-024,Chhattisgarh Bauxite Mine 24,Central,Chhattisgarh,Underground,Bauxite,2017,10,2017-10-01,29705.11,8763956.29,8186989.92,957,195861.9,0.1517,38214.47,1949.21,579015.99,377586.0,201429.98,34.79,17620.41,24.271,0,0,1,Operational,Open,0,,,1.69,1,0,1,In Progress
MINE-030,Uttar Iron Mine 30,Northern,Uttar Pradesh,Mixed,Iron Ore,2024,4,2024-04-01,25107.19,9769224.08,7131553.19,738,136088.5,0.1845,32716.45,4809.06,1207419.47,717246.77,490172.7,40.6,11419.0,19.801,0,0,0,,,1,Electrical,Moderate,2.5,0,0,0,Completed
MINE-023,Odisha Copper Mine 23,Eastern,Odisha,Open Cast,Copper Ore,2017,12,2017-12-01,63502.4,20545143.55,19247970.36,1586,302452.7,0.21,51344.17,7760.38,4928028.67,3498969.71,1429058.96,29.0,21019.95,26.36,0,4,0,,,0,,,0.94,0,0,0,Completed
MINE-022,West Copper Mine 22,Eastern,West Bengal,Open Cast,Copper Ore,2017,2,2017-02-01,51627.32,11657228.78,11001696.18,1900,364362.1,0.1417,45312.47,7471.68,3857426.54,2976379.9,881046.63,22.84,15013.76,28.915,0,1,1,Environmental,Under Review,0,,,0.66,2,1,1,Overdue
MINE-009,Andhra Iron Mine 9,Southern,Andhra Pradesh,Underground,Iron Ore,2022,1,2022-01-01,33972.27,7961285.52,5483120.92,1143,218870.2,0.1552,42698.79,5282.1,1794450.65,1290826.02,503624.63,28.07,18834.32,24.661,0,2,1,Equipment,Under Review,0,,,1.45,1,0,1,Overdue
MINE-027,Gujarat Iron Mine 27,Western,Gujarat,Open Cast,Iron Ore,2016,5,2016-05-01,21009.61,6248149.8,6138858.93,777,146240.4,0.1437,17404.13,5336.3,1121136.75,740944.78,380191.97,33.91,9162.0,17.288,0,2,0,,,2,Electrical,Moderate,3.29,0,0,0,Completed
MINE-030,Uttar Iron Mine 30,Northern,Uttar Pradesh,Mixed,Iron Ore,2020,8,2020-08-01,22128.97,9769224.08,8216493.27,687,146518.1,0.151,30106.77,5348.78,1183629.05,767034.81,416594.24,35.2,7125.02,18.653,0,1,0,,,0,,,1.07,0,0,0,Completed
MINE-013,Odisha Coal Mine 13,Eastern,Odisha,Open Cast,Coal,2019,1,2019-01-01,40052.82,11260157.97,10037561.41,590,116627.5,0.3434,32922.64,2668.21,1068694.67,850846.83,217847.84,20.38,10099.65,19.027,0,0,2,Equipment,Open,3,Slip/Fall,Serious,2.05,2,1,1,Overdue
MINE-018,Telangana Iron Mine 18,Southern,Telangana,Mixed,Iron Ore,2024,3,2024-03-01,7835.17,4638464.7,3570671.75,953,195995.3,0.04,7433.77,4315.48,338125.29,266906.21,71219.09,21.06,1443.58,3.135,0,0,0,,,0,,,1.73,0,0,0,Completed
MINE-009,Andhra Iron Mine 9,Southern,Andhra Pradesh,Underground,Iron Ore,2021,12,2021-12-01,37036.71,7961285.52,5517093.19,1203,247350.7,0.1497,57350.01,5197.23,1924884.77,1441569.77,483315.01,25.11,7922.42,24.701,0,0,0,,,0,,,0.45,0,0,0,Completed
MINE-006,Maharashtra Limestone Mine 6,Western,Maharashtra,Open Cast,Limestone,2018,3,2018-03-01,18424.82,4919591.78,4524180.48,717,132690.4,0.1389,18493.46,1056.75,194703.73,121213.91,73489.81,37.74,5536.84,8.933,0,1,2,Safety,Open,1,Electrical,Minor,2.22,3,2,1,Completed
MINE-018,Telangana Iron Mine 18,Southern,Telangana,Mixed,Iron Ore,2017,7,2017-07-01,11901.27,4638464.7,4388976.59,995,204997.5,0.0581,16251.38,4585.07,545681.24,413193.81,132487.44,24.28,4573.82,10.716,0,3,0,,,1,Slip/Fall,Serious,1.09,2,1,1,Overdue
MINE-025,Madhya Limestone Mine 25,Central,Madhya Pradesh,Open Cast,Limestone,2020,6,2020-06-01,8925.11,5333812.33,4703035.41,1184,228828.7,0.039,11360.93,871.82,77810.57,65004.91,12805.66,16.46,2903.6,5.429,0,1,0,,,1,Fall of Roof/Rock,Serious,2.59,1,0,1,In Progress
MINE-016,Maharashtra Iron Mine 16,Western,Maharashtra,Underground,Iron Ore,2018,2,2018-02-01,14403.66,3852023.09,3456377.06,448,95513.5,0.1508,18858.43,5873.85,846049.49,644868.8,201180.7,23.78,6941.65,9.882,0,2,0,,,0,,,0.95,0,0,0,Completed
MINE-022,West Copper Mine 22,Eastern,West Bengal,Open Cast,Copper Ore,2019,11,2019-11-01,91571.03,11657228.78,8820210.2,2142,392922.4,0.2331,107380.68,8071.23,7390908.42,4996335.45,2394572.97,32.4,26278.2,45.551,0,2,0,,,0,,,0.87,0,0,0,Completed
MINE-017,Gujarat Iron Mine 17,Western,Gujarat,Open Cast,Iron Ore,2021,5,2021-05-01,31790.52,13268212.21,11089363.67,429,89246.7,0.3562,37565.6,5593.12,1778082.62,1438284.35,339798.27,19.11,7157.68,19.583,0,4,0,,,0,,,1.63,0,0,0,Completed
MINE-014,Chhattisgarh Bauxite Mine 14,Central,Chhattisgarh,Underground,Bauxite,2018,3,2018-03-01,9290.13,3172486.06,2861400.79,814,175681.0,0.0529,15115.62,2548.36,236746.14,179974.55,56771.59,23.98,4084.12,6.983,0,0,0,,,0,,,0.58,0,0,0,Completed
MINE-024,Chhattisgarh Bauxite Mine 24,Central,Chhattisgarh,Underground,Bauxite,2020,2,2020-02-01,42962.47,8763956.29,7150406.48,1085,207540.2,0.207,48190.51,1634.37,702166.8,531220.46,170946.34,24.35,18128.18,24.737,0,1,0,,,0,,,0.17,1,0,1,Overdue
MINE-010,Uttar Coal Mine 10,Northern,Uttar Pradesh,Mixed,Coal,2019,6,2019-06-01,26806.53,3804225.22,2992765.0,759,143823.7,0.1864,33484.33,2832.65,759334.54,496375.36,262959.18,34.63,11429.99,20.693,0,0,0,,,2,Electrical,Moderate,3.19,0,0,0,Completed
MINE-018,Telangana Iron Mine 18,Southern,Telangana,Mixed,Iron Ore,2023,9,2023-09-01,9385.25,4638464.7,3620265.0,945,190241.0,0.0493,12616.47,4077.61,382693.48,230754.05,151939.43,39.7,2692.49,10.793,0,2,1,Operational,Closed,0,,,0.8,1,0,1,Pending
MINE-023,Odisha Copper Mine 23,Eastern,Odisha,Open Cast,Copper Ore,2022,10,2022-10-01,97787.83,20545143.55,14864167.9,1677,347644.0,0.2813,114578.82,5253.47,5137253.13,2966374.25,2170878.88,42.26,31259.77,57.729,0,3,2,Operational,Closed,0,,,2.97,2,1,1,Completed
MINE-002,West Iron Mine 2,Eastern,West Bengal,Open Cast,Iron Ore,2017,7,2017-07-01,75808.02,31788526.71,30221596.03,2138,399411.9,0.1898,85011.26,5640.71,4276108.59,2689889.08,1586219.51,37.09,14543.74,39.66,0,0,0,,,1,Fire,Minor,1.68,0,0,0,Completed
MINE-023,Odisha Copper Mine 23,Eastern,Odisha,Open Cast,Copper Ore,2021,8,2021-08-01,75220.92,20545143.55,16099703.54,1649,327681.0,0.2296,71293.73,5319.77,4001578.49,3331395.24,670183.25,16.75,32837.82,42.44,0,0,0,,,1,Fire,Minor,1.34,0,0,0,Completed
MINE-013,Odisha Coal Mine 13,Eastern,Odisha,Open Cast,Coal,2020,4,2020-04-01,45997.34,11260157.97,9385301.55,619,112283.0,0.4097,40429.72,2794.49,1285388.73,900602.35,384786.39,29.94,19224.63,27.164,0,5,2,Operational,Open,0,,,2.68,2,1,1,In Progress
MINE-004,Chhattisgarh Coal Mine 4,Central,Chhattisgarh,Underground,Coal,2018,8,2018-08-01,9819.68,3455223.81,3088864.17,1393,274254.9,0.0358,15330.43,2288.84,224756.97,149465.71,75291.27,33.5,4867.7,9.747,0,3,2,Emergency Preparedness,Under Review,3,Fall of Roof/Rock,Minor,2.92,2,1,1,Completed
MINE-008,Telangana Iron Mine 8,Southern,Telangana,Open Cast,Iron Ore,2021,12,2021-12-01,16766.79,4242653.83,3222080.19,738,160922.2,0.1042,16116.32,7522.18,1261227.1,703405.01,557822.09,44.23,5042.83,9.023,0,0,0,,,2,Electrical,Moderate,2.23,0,0,0,Completed
MINE-016,Maharashtra Iron Mine 16,Western,Maharashtra,Underground,Iron Ore,2017,8,2017-08-01,12280.57,3852023.09,3547073.37,455,95563.1,0.1285,14305.69,6137.15,753676.72,613855.18,139821.54,18.55,5172.51,8.852,0,3,0,,,1,Machinery,Minor,2.56,0,0,0,Completed
MINE-010,Uttar Coal Mine 10,Northern,Uttar Pradesh,Mixed,Coal,2017,1,2017-01-01,18553.15,3804225.22,3608744.77,684,141483.6,0.1311,25524.72,2382.73,442070.98,317313.81,124757.16,28.22,8210.33,14.023,0,0,0,,,1,Machinery,Minor,2.52,0,0,0,Completed
MINE-021,Jharkhand Limestone Mine 21,Eastern,Jharkhand,Open Cast,Limestone,2018,5,2018-05-01,4469.18,1715441.24,1579460.08,342,71678.9,0.0624,5169.98,847.27,37865.82,33339.4,4526.42,11.95,1349.58,9.943,0,3,1,Safety,Closed,0,,,2.62,2,1,1,In Progress
MINE-004,Chhattisgarh Coal Mine 4,Central,Chhattisgarh,Underground,Coal,2019,3,2019-03-01,8947.9,3455223.81,3023309.42,1409,260198.3,0.0344,13132.23,2278.43,203871.65,148566.64,55305.01,27.13,4815.91,7.503,0,3,1,Environmental,Closed,2,Haulage/Transport,Minor,1.28,1,0,1,In Progress
MINE-004,Chhattisgarh Coal Mine 4,Central,Chhattisgarh,Underground,Coal,2017,10,2017-10-01,10987.32,3455223.81,3195091.54,1409,259024.8,0.0424,16055.43,2261.37,248463.47,198070.15,50393.32,20.28,5667.4,10.543,0,1,0,,,0,,,2.05,0,0,0,Completed
MINE-021,Jharkhand Limestone Mine 21,Eastern,Jharkhand,Open Cast,Limestone,2023,5,2023-05-01,3657.33,1715441.24,1350035.1,322,62677.2,0.0584,3493.38,732.45,26788.21,25575.56,1212.65,4.53,1521.05,5.982,0,3,0,,,0,,,0.28,0,0,0,Completed
MINE-026,Maharashtra Copper Mine 26,Western,Maharashtra,Underground,Copper Ore,2022,1,2022-01-01,23348.56,3439638.4,2086560.96,542,108190.4,0.2158,33914.69,6607.8,1542826.65,903650.71,639175.94,41.43,5847.65,14.197,0,1,1,Environmental,Open,0,,,0.46,2,1,1,Overdue
MINE-007,Gujarat Coal Mine 7,Western,Gujarat,Underground,Coal,2021,4,2021-04-01,11886.56,4595599.71,3856071.14,1609,304211.5,0.0391,19262.54,2925.07,347689.96,235169.57,112520.39,32.36,4482.88,9.38,0,1,3,Emergency Preparedness,Open,3,Machinery,Minor,4.6,4,3,1,Pending
MINE-021,Jharkhand Limestone Mine 21,Eastern,Jharkhand,Open Cast,Limestone,2023,8,2023-08-01,3069.28,1715441.24,1340300.81,324,69900.0,0.0439,3718.56,714.63,21934.11,18459.14,3474.97,15.84,1215.11,9.136,0,0,0,,,0,,,0.94,0,0,0,Completed
MINE-001,Jharkhand Coal Mine 1,Eastern,Jharkhand,Underground,Coal,2016,11,2016-11-01,75530.42,15973322.74,15232284.66,2352,437013.9,0.1728,129804.05,2655.89,2006002.11,1481489.4,524512.71,26.15,35154.83,64.043,0,0,0,,,0,,,1.19,0,0,0,Completed
MINE-025,Madhya Limestone Mine 25,Central,Madhya Pradesh,Open Cast,Limestone,2019,7,2019-07-01,10188.78,5333812.33,4805462.01,1147,222601.7,0.0458,9385.38,,87766.06,74801.77,12964.29,14.77,1961.89,9.318,0,1,1,Environmental,Open,0,,,1.11,1,0,1,Overdue
MINE-020,Uttar Iron Mine 20,Northern,Uttar Pradesh,Open Cast,Iron Ore,2021,5,2021-05-01,21714.56,4723977.98,3537197.24,423,88684.4,0.2449,24197.07,4928.29,1070156.75,746546.6,323610.15,30.24,6832.36,16.801,0,2,1,Documentation,Open,0,,,2.38,1,0,1,Completed
MINE-017,Gujarat Iron Mine 17,Western,Gujarat,Open Cast,Iron Ore,2024,11,2024-11-01,26945.13,13268212.21,9926414.57,409,74191.8,0.3632,30316.73,4952.3,1334402.44,828526.87,505875.57,37.91,9061.61,14.249,0,3,0,,,0,,,0.88,0,0,0,Completed
MINE-008,Telangana Iron Mine 8,Southern,Telangana,Open Cast,Iron Ore,2019,2,2019-02-01,12198.81,4242653.83,3755106.62,687,139184.9,0.0876,14766.72,7100.86,866220.37,620123.28,246097.1,28.41,1840.28,7.357,0,2,0,,,0,,,2.48,0,0,0,Completed
MINE-028,Telangana Coal Mine 28,Southern,Telangana,Open Cast,Coal,2024,2,2024-02-01,9072.13,10510635.28,8600330.83,915,200583.9,0.0452,,2026.48,183845.32,131696.48,52148.84,28.37,2273.75,6.472,0,2,2,Documentation,Under Review,1,Fall of Roof/Rock,Minor,1.21,2,1,1,Overdue
MINE-001,Jharkhand Coal Mine 1,Eastern,Jharkhand,Underground,Coal,2023,11,2023-11-01,227233.14,15973322.74,3446624.57,3264,637807.5,0.3563,297409.61,2480.96,5637558.69,3279104.77,2358453.92,41.83,64615.17,127.584,0,4,1,Environmental,Under Review,1,Electrical,Moderate,2.72,1,0,1,Pending
MINE-002,West Iron Mine 2,Eastern,West Bengal,Open Cast,Iron Ore,2017,10,2017-10-01,78592.73,31788526.71,29994065.31,2073,449352.6,0.1749,66824.33,5503.86,4325630.02,2503414.6,1822215.42,42.13,22287.3,36.594,0,2,2,Environmental,Under Review,0,,,2.22,2,1,1,In Progress
MINE-023,Odisha Copper Mine 23,Eastern,Odisha,Open Cast,Copper Ore,2021,11,2021-11-01,90700.85,20545143.55,15847123.81,1690,353873.0,0.2563,88296.82,5677.77,5149782.38,3346157.71,1803624.67,35.02,20441.06,40.694,0,1,1,Operational,Closed,1,Electrical,Minor,1.18,2,1,1,Overdue
MINE-030,Uttar Iron Mine 30,Northern,Uttar Pradesh,Mixed,Iron Ore,2018,11,2018-11-01,29384.59,9769224.08,8782230.31,779,168849.0,0.174,32805.88,4849.93,1425133.3,998421.86,426711.44,29.94,10544.99,15.985,0,2,0,,,0,,,1.83,0,0,0,Completed
MINE-018,Telangana Iron Mine 18,Southern,Telangana,Mixed,Iron Ore,2021,5,2021-05-01,10862.27,4638464.7,3874161.02,907,166916.2,0.0651,13564.99,3901.63,423805.54,272778.01,151027.53,35.64,4173.99,7.711,0,1,0,,,2,Gas/Explosion,Moderate,0.98,0,0,0,Completed
MINE-025,Madhya Limestone Mine 25,Central,Madhya Pradesh,Open Cast,Limestone,2017,8,2017-08-01,11706.39,5333812.33,5065606.46,1224,256147.1,0.0457,11912.75,937.54,109752.03,94724.28,15027.76,13.69,2713.31,5.353,0,2,0,,,1,Haulage/Transport,Minor,1.56,0,0,0,Completed
MINE-018,Telangana Iron Mine 18,Southern,Telangana,Mixed,Iron Ore,2024,1,2024-01-01,8195.58,4638464.7,3586450.5,922,182074.0,0.045,7743.78,4188.52,343273.68,207932.56,135341.12,39.43,3209.97,8.493,0,3,0,,,0,,,0.65,0,0,0,Completed
MINE-022,West Copper Mine 22,Eastern,West Bengal,Open Cast,Copper Ore,2022,6,2022-06-01,136530.2,11657228.78,5416279.22,2529,514341.9,0.2654,136919.03,9958.77,13596735.16,9186747.33,4409987.82,32.43,53819.61,70.973,0,3,0,,,0,,,1.49,0,0,0,Completed
MINE-018,Telangana Iron Mine 18,Southern,Telangana,Mixed,Iron Ore,2018,6,2018-06-01,12659.28,4638464.7,4250004.98,962,188736.3,0.0671,12496.82,4362.35,552241.62,390196.13,162045.49,29.34,4837.57,6.906,0,1,0,,,1,Gas/Explosion,Moderate,1.93,0,0,0,Completed
MINE-016,Maharashtra Iron Mine 16,Western,Maharashtra,Underground,Iron Ore,2019,3,2019-03-01,13691.82,3852023.09,3273885.24,497,95634.6,0.1432,16780.85,6314.42,864558.69,557101.08,307457.61,35.56,4205.64,14.205,0,1,0,,,0,,,1.39,2,1,1,In Progress
MINE-005,Madhya Coal Mine 5,Central,Madhya Pradesh,Open Cast,Coal,2023,1,2023-01-01,9848.6,6162270.35,4800595.71,1017,198837.9,0.0495,12040.83,2520.94,248276.99,146599.13,101677.86,40.95,4228.82,10.56,0,2,2,Emergency Preparedness,Under Review,0,,,2.69,2,1,1,In Progress
MINE-018,Telangana Iron Mine 18,Southern,Telangana,Mixed,Iron Ore,2017,10,2017-10-01,12662.47,4638464.7,4351738.38,1009,193699.1,0.0654,14995.24,4575.0,579308.08,393548.91,185759.17,32.07,2322.74,11.272,0,0,0,,,2,Fire,Moderate,1.18,0,0,0,Completed
MINE-021,Jharkhand Limestone Mine 21,Eastern,Jharkhand,Open Cast,Limestone,2022,12,2022-12-01,3811.49,1715441.24,1367329.4,349,63430.1,0.0601,3689.23,753.9,28734.93,21085.89,7649.04,26.62,738.29,7.881,0,2,0,,,1,Fall of Roof/Rock,Minor,2.08,0,0,0,Completed
MINE-012,West Iron Mine 12,Eastern,West Bengal,Open Cast,Iron Ore,2023,6,2023-06-01,164789.35,17808314.68,8830925.94,1226,228184.1,0.7222,146578.71,5166.39,8513658.17,6256883.93,2256774.24,26.51,53710.85,72.774,0,1,0,,,1,Machinery,Minor,2.3,0,0,0,Completed
MINE-009,Andhra Iron Mine 9,Southern,Andhra Pradesh,Underground,Iron Ore,2023,3,2023-03-01,33073.44,7961285.52,4999211.81,1166,236626.0,0.1398,47071.47,5103.54,1687917.08,1057172.63,630744.45,37.37,16875.82,28.264,0,2,0,,,0,,,2.31,0,0,0,Completed
MINE-011,Jharkhand Coal Mine 11,Eastern,Jharkhand,Underground,Coal,2019,5,2019-05-01,44248.75,4815796.69,3534453.45,432,86711.1,0.5103,61098.26,2680.43,1186058.91,934192.68,251866.23,21.24,23979.0,32.018,0,3,0,,,2,Gas/Explosion,Moderate,2.58,0,0,0,Completed
MINE-021,Jharkhand Limestone Mine 21,Eastern,Jharkhand,Open Cast,Limestone,2019,9,2019-09-01,3815.06,1715441.24,1513715.04,338,70461.5,0.0541,4493.99,733.96,28000.9,20638.71,7362.19,26.29,909.28,2.865,0,0,0,,,1,Electrical,Minor,2.64,0,0,0,Completed
MINE-004,Chhattisgarh Coal Mine 4,Central,Chhattisgarh,Underground,Coal,2023,12,2023-12-01,5462.54,3455223.81,2627420.17,1300,282751.7,0.0193,6534.37,2301.66,125729.14,94086.14,31643.0,25.17,2019.31,9.88,0,0,0,,,1,Electrical,Moderate,2.75,0,0,0,Completed
MINE-009,Andhra Iron Mine 9,Southern,Andhra Pradesh,Underground,Iron Ore,2020,11,2020-11-01,37252.48,7961285.52,5967754.82,1147,243125.2,0.1532,65081.03,5265.63,1961579.33,1603402.69,358176.65,18.26,21296.95,33.568,0,0,0,,,2,Fall of Roof/Rock,Minor,2.3,1,0,1,Completed
MINE-023,Odisha Copper Mine 23,Eastern,Odisha,Open Cast,Copper Ore,2018,3,2018-03-01,53329.97,20545143.55,19062636.92,1518,307472.7,0.1734,56884.27,7913.41,4220220.12,3237410.36,982809.76,23.29,20595.03,27.662,0,3,1,Safety,Open,0,,,2.28,1,0,1,Overdue
MINE-005,Madhya Coal Mine 5,Central,Madhya Pradesh,Open Cast,Coal,2019,10,2019-10-01,15346.39,6162270.35,5291324.61,1051,195270.7,0.0786,17513.16,2390.49,366853.9,223522.39,143331.51,39.07,2594.45,8.347,0,3,0,,,1,Gas/Explosion,Moderate,0.64,1,0,1,Completed
MINE-019,Andhra Coal Mine 19,Southern,Andhra Pradesh,Open Cast,Coal,2023,8,2023-08-01,32601.55,6903354.37,4198541.19,130,23842.6,1.3674,28010.93,2356.5,768256.84,498363.61,269893.23,35.13,13032.85,21.712,0,2,0,,,1,Machinery,Minor,1.07,0,0,0,Completed
MINE-023,Odisha Copper Mine 23,Eastern,Odisha,Open Cast,Copper Ore,2016,3,2016-03-01,42445.61,20545143.55,20399424.3,1454,302436.4,0.1403,34591.52,7734.36,3282898.17,2602961.77,679936.39,20.71,14767.28,22.62,0,1,0,,,0,,,1.2,0,0,0,Completed
MINE-016,Maharashtra Iron Mine 16,Western,Maharashtra,Underground,Iron Ore,2022,1,2022-01-01,13610.01,3852023.09,2831905.57,452,91027.3,0.1495,16682.42,7209.1,981158.85,701649.7,279509.15,28.49,6747.0,12.281,0,1,0,,,1,Fire,Minor,1.91,0,0,0,Completed
MINE-023,Odisha Copper Mine 23,Eastern,Odisha,Open Cast,Copper Ore,2019,5,2019-05-01,75364.08,20545143.55,18136768.38,1557,300898.2,0.2505,66959.1,7203.28,5428681.9,4590016.17,838665.73,15.45,12937.08,33.807,0,1,0,,,1,Haulage/Transport,Minor,1.48,0,0,0,Completed
MINE-014,Chhattisgarh Bauxite Mine 14,Central,Chhattisgarh,Underground,Bauxite,2021,8,2021-08-01,7211.48,3172486.06,2494486.86,743,150366.1,0.048,8960.79,2762.33,199205.06,175106.05,24099.0,12.1,3195.34,5.606,0,2,1,Safety,Closed,1,Electrical,Fatal,1.46,1,0,1,Pending
MINE-012,West Iron Mine 12,Eastern,West Bengal,Open Cast,Iron Ore,2017,3,2017-03-01,63476.11,17808314.68,16871615.41,897,185570.0,0.3421,67543.75,5273.27,3347265.62,2214334.23,1132931.39,33.85,10616.47,31.72,0,2,1,Operational,Open,1,Haulage/Transport,Minor,1.3,1,0,1,Overdue
MINE-016,Maharashtra Iron Mine 16,Western,Maharashtra,Underground,Iron Ore,2020,2,2020-02-01,13378.95,3852023.09,3125111.19,464,87549.1,0.1528,16810.39,6726.21,899896.6,748994.97,150901.62,16.77,3370.65,13.277,0,0,0,,,0,,,1.07,0,0,0,Completed
MINE-029,Andhra Copper Mine 29,Southern,Andhra Pradesh,Open Cast,Copper Ore,2016,2,2016-02-01,32996.73,11305197.36,11238040.79,279,50615.6,0.6519,31006.8,7767.66,2563072.26,1751003.88,812068.38,31.68,8482.3,19.401,0,1,0,,,0,,,0.23,0,0,0,Completed
MINE-019,Andhra Coal Mine 19,Southern,Andhra Pradesh,Open Cast,Coal,2018,3,2018-03-01,21946.34,6903354.37,6272126.75,124,22659.6,0.9685,17900.73,2468.71,541790.77,335887.64,205903.12,38.0,8406.25,11.599,0,1,0,,,0,,,0.69,0,0,0,Completed
MINE-020,Uttar Iron Mine 20,Northern,Uttar Pradesh,Open Cast,Iron Ore,2024,4,2024-04-01,21251.36,4723977.98,2803332.77,428,77270.9,0.275,19324.83,4971.24,1056455.54,804913.2,251542.34,23.81,7204.79,9.896,0,1,0,,,0,,,1.21,0,0,0,Completed
MINE-008,Telangana Iron Mine 8,Southern,Telangana,Open Cast,Iron Ore,2021,5,2021-05-01,16219.69,4242653.83,3339214.25,737,142921.1,0.1135,13802.65,7843.26,1272152.73,788693.62,483459.11,38.0,5819.63,13.942,0,2,0,,,1,Haulage/Transport,Minor,2.84,0,0,0,Completed
MINE-019,Andhra Coal Mine 19,Southern,Andhra Pradesh,Open Cast,Coal,2020,6,2020-06-01,36441.79,6903354.37,5514899.81,139,29866.4,1.2202,41381.76,2417.8,881089.01,737093.54,143995.47,16.34,7100.51,,0,2,0,,,3,Fire,Minor,1.5,0,0,0,Completed
MINE-029,Andhra Copper Mine 29,Southern,Andhra Pradesh,Open Cast,Copper Ore,2024,4,2024-04-01,42405.12,11305197.36,7535943.89,277,56939.7,0.7447,49731.4,7599.94,3222763.04,1788423.54,1434339.51,44.51,9472.55,27.239,0,2,0,,,0,,,1.02,0,0,0,Completed
MINE-012,West Iron Mine 12,Eastern,West Bengal,Open Cast,Iron Ore,2021,1,2021-01-01,110134.04,17808314.68,12827407.19,1034,208082.0,0.5293,132781.02,5444.94,5996729.8,3728928.26,2267801.55,37.82,40820.83,64.268,0,1,0,,,0,,,2.14,0,0,0,Completed
MINE-023,Odisha Copper Mine 23,Eastern,Odisha,Open Cast,Copper Ore,2017,11,2017-11-01,65052.15,20545143.55,19311472.77,1645,347916.4,0.187,78389.8,7773.7,5056959.58,3570864.82,1486094.77,29.39,13024.68,36.531,0,6,2,Emergency Preparedness,Open,1,Fire,Minor,1.01,2,1,1,Completed
MINE-027,Gujarat Iron Mine 27,Western,Gujarat,Open Cast,Iron Ore,2023,8,2023-08-01,5365.7,6248149.8,5109342.39,666,119963.2,0.0447,6930.08,5969.42,320301.37,258036.23,62265.14,19.44,2408.5,8.484,0,3,0,,,2,Gas/Explosion,Minor,0.97,0,0,0,Completed
MINE-021,Jharkhand Limestone Mine 21,Eastern,Jharkhand,Open Cast,Limestone,2018,7,2018-07-01,3769.82,1715441.24,1571225.86,344,75165.6,0.0502,4241.76,823.35,31038.87,28593.83,2445.04,7.88,982.62,3.217,0,1,0,,,0,,,0.72,0,0,0,Completed
MINE-028,Telangana Coal Mine 28,Southern,Telangana,Open Cast,Coal,2018,9,2018-09-01,23039.92,10510635.28,9579113.05,1013,201696.0,0.1142,28237.95,2615.21,602541.89,480894.08,121647.82,20.19,3710.8,16.337,0,1,0,,,0,,,0.28,0,0,0,Completed
MINE-010,Uttar Coal Mine 10,Northern,Uttar Pradesh,Mixed,Coal,2022,3,2022-03-01,45344.86,3804225.22,1795440.94,905,169547.9,0.2674,67018.81,3272.36,1483847.18,1187190.93,296656.24,19.99,12856.45,33.783,0,0,0,,,1,Fall of Roof/Rock,Serious,1.41,0,0,0,Completed
MINE-018,Telangana Iron Mine 18,Southern,Telangana,Mixed,Iron Ore,2020,5,2020-05-01,10994.45,4638464.7,3997238.65,931,178706.2,0.0615,11277.18,3894.9,428223.13,296373.5,131849.63,30.79,2095.86,10.441,0,1,3,Safety,Closed,0,,,2.43,3,1,2,Completed
MINE-006,Maharashtra Limestone Mine 6,Western,Maharashtra,open cast,Limestone,2022,4,2022-04-01,35893.0,4919591.78,3305627.54,916,175011.6,0.2051,39707.14,1157.76,415553.6,342716.67,72836.93,17.53,11359.54,25.197,0,1,1,Equipment,Closed,0,,,2.32,2,1,1,Overdue
MINE-013,Odisha Coal Mine 13,Eastern,Odisha,Open Cast,Coal,2017,11,2017-11-01,35008.53,11260157.97,10567108.76,575,106978.7,0.3272,42988.12,2555.87,894771.28,619037.31,275733.97,30.82,6799.06,17.198,0,5,2,Safety,Open,5,Haulage/Transport,Moderate,4.22,4,3,1,In Progress
MINE-030,Uttar Iron Mine 30,Northern,Uttar Pradesh,Mixed,Iron Ore,2016,11,2016-11-01,27004.85,9769224.08,9463575.94,764,151386.6,0.1784,39150.6,5299.96,1431246.74,1044700.38,386546.36,27.01,5636.91,17.152,0,0,0,,,1,Haulage/Transport,Moderate,0.51,0,0,0,Completed
MINE-020,Uttar Iron Mine 20,Northern,Uttar Pradesh,Open Cast,Iron Ore,2023,1,2023-01-01,23006.2,4723977.98,3134497.17,449,84514.3,0.2722,27468.78,5083.39,1169494.48,925615.3,243879.19,20.85,8936.08,19.872,0,3,0,,,2,Fire,Minor,2.85,0,0,0,Completed
MINE-025,Madhya Limestone Mine 25,Central,Madhya Pradesh,Open Cast,Limestone,2023,6,2023-06-01,6949.86,5333812.33,4429791.8,1107,212527.2,0.0327,7359.48,674.85,46901.37,36351.59,10549.78,22.49,2851.31,5.691,0,2,1,equipment,Open,1,Slip/Fall,Serious,1.42,1,0,1,Overdue
MINE-017,Gujarat Iron Mine 17,Western,Gujarat,Open Cast,Iron Ore,2019,9,2019-09-01,33517.1,13268212.21,11708195.96,424,88467.3,0.3789,30169.77,5881.97,1971465.12,1452039.21,519425.91,26.35,5150.64,19.058,0,1,1,Environmental,Under Review,0,,,1.6,1,0,1,Overdue
MINE-030,Uttar Iron Mine 30,Northern,Uttar Pradesh,Mixed,Iron Ore,2023,2,2023-02-01,24442.41,9769224.08,7463771.76,753,138576.5,0.1764,31830.77,4847.81,1184921.11,942662.83,242258.28,20.45,6512.61,19.234,0,3,0,,,0,,,1.9,0,0,0,Completed
MINE-002,West Iron Mine 2,Eastern,West Bengal,Open Cast,Iron Ore,2017,12,2017-12-01,94292.41,31788526.71,29813851.81,2203,401942.1,0.2346,103526.37,5224.56,4926361.82,3093933.46,1832428.35,37.2,34823.03,49.94,0,0,0,,,1,Haulage/Transport,Minor,1.8,0,0,0,Completed
MINE-001,Jharkhand Coal Mine 1,Eastern,Jharkhand,Underground,Coal,2022,6,2022-06-01,215846.45,15973322.74,6973972.49,3246,627153.3,0.3442,333069.14,2670.34,5763826.35,3347887.4,2415938.94,41.92,70604.35,136.956,0,2,0,,,0,,,1.39,0,0,0,Completed
MINE-020,Uttar Iron Mine 20,Northern,Uttar Pradesh,Open Cast,Iron Ore,2016,1,2016-01-01,15995.16,4723977.98,4707982.82,449,89900.9,0.1779,14956.48,5128.76,820352.55,648724.4,171628.15,20.92,4932.5,11.93,0,1,0,,,2,Haulage/Transport,Minor,3.09,0,0,0,Completed
MINE-007,Gujarat Coal Mine 7,Western,Gujarat,Underground,Coal,2022,5,2022-05-01,11423.92,4595599.71,3704810.34,1608,327096.5,0.0349,17234.67,3200.94,365673.07,220948.4,144724.68,39.58,6105.57,10.118,0,1,0,,,0,,,0.01,0,0,0,Completed
MINE-013,Odisha Coal Mine 13,Eastern,Odisha,Open Cast,Coal,2017,7,2017-07-01,32802.07,11260157.97,10698921.75,554,119129.5,0.2753,33355.62,2559.89,839698.11,607896.69,231801.42,27.61,12640.65,19.542,0,3,0,,,3,Slip/Fall,Minor,1.38,0,0,0,Completed
MINE-018,Telangana Iron Mine 18,Southern,Telangana,Mixed,Iron Ore,2017,4,2017-04-01,12632.64,4638464.7,4427940.83,988,217119.4,0.0582,14240.2,4570.68,577398.17,436682.96,140715.21,24.37,3870.98,14.053,0,0,0,,,0,,,1.34,1,0,1,In Progress
MINE-024,Chhattisgarh Bauxite Mine 24,Central,Chhattisgarh,Underground,Bauxite,2017,12,2017-12-01,32048.26,8763956.29,8125939.28,1001,203646.1,0.1574,48964.63,1937.59,620963.9,504702.7,116261.2,18.72,11407.39,23.176,0,0,0,,,0,,,1.48,0,0,0,Completed
MINE-026,Maharashtra Copper Mine 26,Western,Maharashtra,Underground,Copper Ore,2017,4,2017-04-01,14840.64,3439638.4,3189557.5,493,95353.4,0.1556,24855.78,7283.04,1080849.84,917533.53,163316.31,15.11,5646.84,13.076,0,2,0,,,0,,,0.95,0,0,0,Completed
MINE-013,Odisha Coal Mine 13,Eastern,Odisha,Open Cast,Coal,2022,5,2022-05-01,62989.92,11260157.97,8088513.97,653,125752.3,0.5009,81674.26,2914.24,1835679.39,1474035.37,361644.02,19.7,26087.68,45.401,0,3,0,,,1,Electrical,Minor,2.33,0,0,0,Completed
MINE-018,Telangana Iron Mine 18,Southern,Telangana,Mixed,Iron Ore,2017,8,2017-08-01,11530.93,4638464.7,4377445.65,931,,0.0672,12044.94,4626.94,533528.92,405076.89,128452.02,24.08,5320.51,13.473,0,3,1,Equipment,Under Review,0,,,2.71,1,0,1,Completed
MINE-013,Odisha Coal Mine 13,Eastern,Odisha,Open Cast,Coal,2017,12,2017-12-01,32717.02,11260157.97,10534391.74,560,116118.0,0.2818,29811.42,2508.51,820709.34,591942.21,228767.13,27.87,8994.26,19.836,0,0,0,,,0,,,2.16,0,0,0,Completed
MINE-029,Andhra Copper Mine 29,Southern,Andhra Pradesh,Open Cast,Copper Ore,2024,10,2024-10-01,49112.38,11305197.36,7257391.46,289,57590.3,0.8528,56277.87,8010.68,3934237.04,3185106.83,749130.21,19.04,21804.78,28.793,0,0,0,,,2,Electrical,Serious,1.32,0,0,0,Completed
MINE-022,West Copper Mine 22,Eastern,West Bengal,Open Cast,Copper Ore,2024,8,2024-08-01,184913.31,11657228.78,1156106.52,2782,528691.6,0.3498,182579.41,11233.14,20771562.49,12196049.34,8575513.15,41.28,29842.86,70.04,0,1,0,,,1,Slip/Fall,Minor,2.89,0,0,0,Completed
MINE-004,Chhattisgarh Coal Mine 4,Central,Chhattisgarh,Underground,Coal,2020,4,2020-04-01,8509.18,3455223.81,2913528.19,1374,295916.2,0.0288,13045.54,2616.49,222642.22,154787.02,67855.21,30.48,4892.02,8.753,0,2,1,Safety,Open,1,Slip/Fall,Minor,2.28,3,2,1,Overdue
MINE-018,Telangana Iron Mine 18,Southern,Telangana,Mixed,Iron Ore,2022,1,2022-01-01,9431.77,4638464.7,3798138.95,900,190468.5,0.0495,12459.42,3820.6,360350.62,293972.8,66377.83,18.42,4841.74,10.957,0,0,1,Environmental,Open,1,Fall of Roof/Rock,Serious,3.06,1,0,1,Overdue
MINE-004,Chhattisgarh Coal Mine 4,Central,Chhattisgarh,Underground,Coal,2016,10,2016-10-01,11774.83,3455223.81,3329078.68,1365,289716.7,0.0406,17030.1,2514.06,296025.99,245370.37,50655.62,17.11,7043.56,8.749,0,2,0,,,1,Electrical,Minor,0.65,0,0,0,Completed
MINE-023,Odisha Copper Mine 23,Eastern,Odisha,Open Cast,Copper Ore,2023,2,2023-02-01,89092.3,20545143.55,14457029.17,1702,347125.0,0.2567,104673.66,5314.53,4734835.13,3733578.35,1001256.78,21.15,14493.32,38.664,0,0,0,,,0,,,0.57,0,0,0,Completed
MINE-024,Chhattisgarh Bauxite Mine 24,Central,Chhattisgarh,Underground,Bauxite,2018,6,2018-06-01,34792.1,8763956.29,7930588.09,1021,194852.1,0.1786,47220.48,1889.4,657362.12,468989.79,188372.33,28.66,8406.47,22.944,0,0,0,,,0,,,1.94,0,0,0,Completed
MINE-015,Madhya Iron Mine 15,Central,Madhya Pradesh,Open Cast,Iron Ore,2023,9,2023-09-01,101527.19,14086398.07,7758187.93,1029,217415.3,0.467,124531.52,6371.41,6468716.04,5304064.79,1164651.24,18.0,36867.53,61.956,0,5,0,,,0,,,1.4,0,0,0,Completed
MINE-011,Jharkhand Coal Mine 11,Eastern,Jharkhand,Underground,Coal,2019,3,2019-03-01,41855.0,4815796.69,3622334.04,440,87683.8,0.4773,71297.15,2710.13,1134325.34,897764.49,236560.85,20.85,17299.43,37.625,0,2,0,,,2,Machinery,Minor,2.83,0,0,0,Completed
MINE-029,Andhra Copper Mine 29,Southern,Andhra Pradesh,Open Cast,Copper Ore,2020,10,2020-10-01,40952.77,11305197.36,9284121.48,283,60353.8,0.6785,39125.25,7517.24,3078520.22,1802568.1,1275952.12,41.45,9946.76,19.236,0,1,2,Operational,Under Review,0,,,2.31,2,1,1,Overdue
MINE-018,Telangana Iron Mine 18,Southern,Telangana,Mixed,Iron Ore,2024,12,2024-12-01,7747.34,4638464.7,3498727.07,894,168266.4,0.046,9467.81,4117.32,318982.75,250470.92,68511.84,21.48,3003.01,8.78,0,1,1,Operational,Open,1,Fall of Roof/Rock,Serious,2.88,1,0,1,In Progress
MINE-023,Odisha Copper Mine 23,Eastern,Odisha,Open Cast,Copper Ore,2023,12,2023-12-01,108629.62,20545143.55,13455865.77,1849,393677.4,0.2759,101542.71,5798.62,6299015.09,4716627.46,1582387.63,25.12,30932.24,48.554,0,0,0,,,3,Haulage/Transport,Minor,1.44,1,0,1,Completed
MINE-026,Maharashtra Copper Mine 26,Western,Maharashtra,Underground,Copper Ore,2020,2,2020-02-01,19443.46,3439638.4,2577309.58,509,105578.3,0.1842,24278.21,7737.42,1504422.67,915120.21,589302.46,39.17,7396.22,16.78,0,0,0,,,1,Electrical,Serious,0.93,1,0,1,Overdue
MINE-013,Odisha Coal Mine 13,Eastern,Odisha,Open Cast,Coal,2019,11,2019-11-01,39799.27,11260157.97,9620992.61,563,109455.1,0.3636,42114.81,2758.45,1097844.21,727631.58,370212.63,33.72,10091.68,24.174,0,0,2,Environmental,Closed,2,Fall of Roof/Rock,Minor,2.2,2,0,2,Pending
MINE-003,Odisha Coal Mine 3,Eastern,Odisha,Underground,Coal,2024,9,2024-09-01,459486.99,24608205.58,3190482.96,2234,424175.2,1.0832,604077.73,2995.05,13761858.12,9521275.91,4240582.21,30.81,229810.06,303.92,0,1,0,,,2,Fall of Roof/Rock,Moderate,1.2,1,0,1,Pending
MINE-015,Madhya Iron Mine 15,Central,Madhya Pradesh,Open Cast,Iron Ore,2024,12,2024-12-01,145796.34,14086398.07,5826581.73,1254,273143.2,0.5338,132528.55,6448.78,9402082.06,6883073.46,2519008.6,26.79,63287.6,73.997,0,1,0,,,1,Fire,Minor,2.31,0,0,0,Completed
MINE-025,Madhya Limestone Mine 25,Central,Madhya Pradesh,Open Cast,Limestone,2022,3,2022-03-01,7819.31,5333812.33,4531092.17,1089,219877.8,0.0356,8881.37,756.53,59155.59,62558.53,-3402.94,-5.75,2850.06,7.357,0,2,0,,,1,Electrical,Minor,2.01,0,0,0,Completed
MINE-020,Uttar Iron Mine 20,Northern,Uttar Pradesh,Open Cast,Iron Ore,2016,9,2016-09-01,15551.1,4723977.98,4577810.09,420,91755.7,0.1695,20121.85,5156.99,801969.03,573583.06,228385.97,28.48,4740.73,16.157,0,1,1,Safety,Under Review,0,,,0.31,2,1,1,Completed
MINE-021,Jharkhand Limestone Mine 21,Eastern,Jharkhand,Open Cast,Limestone,2020,12,2020-12-01,3618.09,1715441.24,1454669.22,346,69108.3,0.0524,3377.48,688.39,24906.5,22208.67,2697.82,10.83,1071.94,9.541,0,0,0,,,2,Electrical,Moderate,2.13,1,0,1,Pending
MINE-016,Maharashtra Iron Mine 16,Western,Maharashtra,Underground,Iron Ore,2020,6,2020-06-01,14871.41,3852023.09,3069296.01,470,96097.6,0.1548,21906.0,6712.6,998258.09,708277.01,289981.08,29.05,7420.28,15.608,0,0,0,,,0,,,0.16,0,0,0,Completed
MINE-018,Telangana Iron Mine 18,Southern,Telangana,Mixed,Iron Ore,2024,11,2024-11-01,7805.37,4638464.7,3506474.41,964,178643.0,0.0437,10808.23,4122.14,321748.18,257176.12,64572.06,20.07,2765.53,12.378,0,4,3,Environmental,Under Review,2,Gas/Explosion,Minor,3.9,3,2,1,In Progress
MINE-003,Odisha Coal Mine 3,Eastern,Odisha,Underground,Coal,2019,9,2019-09-01,131466.3,24608205.58,20060500.21,1234,247263.5,0.5317,159860.81,2631.71,3459809.05,2769961.67,689847.38,19.94,29930.46,64.988,0,4,0,,,1,Haulage/Transport,Serious,1.32,0,0,0,Completed
MINE-024,Chhattisgarh Bauxite Mine 24,Central,Chhattisgarh,Underground,Bauxite,2022,12,2022-12-01,80630.95,8763956.29,5186957.18,1325,258222.8,0.3123,100585.75,1497.61,1207540.85,963399.13,244141.72,20.22,23432.36,43.652,0,5,0,,,0,,,0.25,0,0,0,Completed
MINE-019,Andhra Coal Mine 19,Southern,Andhra Pradesh,Open Cast,Coal,2023,12,2023-12-01,41974.93,6903354.37,4037836.01,141,26292.1,1.5965,44647.68,2346.08,984764.47,725789.33,258975.14,26.3,14278.4,26.867,0,5,1,SAFETY,Open,2,Haulage/Transport,Minor,2.01,1,0,1,Overdue
MINE-007,Gujarat Coal Mine 7,Western,Gujarat,Underground,Coal,2019,6,2019-06-01,12901.72,4595599.71,4110440.45,1523,291135.5,0.0443,15282.2,2599.02,335318.11,213034.54,122283.57,36.47,7458.0,9.261,0,4,0,,,1,Slip/Fall,Moderate,2.25,0,0,0,Completed
MINE-009,Andhra Iron Mine 9,Southern,Andhra Pradesh,Underground,Iron Ore,2019,2,2019-02-01,33485.35,7961285.52,6665213.8,1105,217137.8,0.1542,36960.33,5391.7,1805428.23,1143002.02,662426.21,36.69,11518.15,22.179,0,1,1,Safety,Open,0,,,2.34,1,0,1,Completed
MINE-022,West Copper Mine 22,Eastern,West Bengal,Open Cast,Copper Ore,2019,3,2019-03-01,71936.88,11657228.78,9446772.67,1997,380373.5,0.1891,83869.58,8159.42,5869631.44,4407583.08,1462048.36,24.91,16172.45,36.006,0,1,1,Equipment,Under Review,0,,,0.81,1,0,1,Pending
MINE-019,Andhra Coal Mine 19,Southern,Andhra Pradesh,Open Cast,Coal,2022,11,2022-11-01,40562.85,6903354.37,4532550.91,137,28095.4,1.4438,41638.3,2282.22,925733.17,542878.52,382854.64,41.36,16066.7,25.431,0,1,0,,,1,Fire,Minor,2.73,0,0,0,Completed
MINE-002,West Iron Mine 2,Eastern,West Bengal,Open Cast,Iron Ore,2018,7,2018-07-01,68783.13,31788526.71,29295865.53,1919,397923.8,0.1729,75253.78,5521.46,3797835.17,2906593.47,891241.7,23.47,14602.05,34.382,0,3,0,,,0,,,0.03,1,0,1,In Progress
MINE-018,Telangana Iron Mine 18,Southern,Telangana,Mixed,Iron Ore,2022,10,2022-10-01,9182.52,4638464.7,3716374.46,936,199521.8,0.046,12404.82,4569.62,419606.65,366602.33,53004.32,12.63,4524.27,8.158,0,2,0,,,1,Haulage/Transport,Minor,1.39,1,0,1,In Progress
MINE-017,Gujarat Iron Mine 17,Western,Gujarat,Open Cast,Iron Ore,2024,5,2024-05-01,26187.86,13268212.21,10076419.28,389,71983.9,0.3638,26253.67,4748.24,1243461.41,799571.06,443890.35,35.7,4928.83,15.927,0,1,1,Documentation,Open,0,,,1.36,1,0,1,In Progress
MINE-015,Madhya Iron Mine 15,Central,Madhya Pradesh,Open Cast,Iron Ore,2021,2,2021-02-01,83575.95,14086398.07,10685956.55,1038,204630.7,0.4084,107593.94,5776.9,4828100.71,3720487.05,1107613.66,22.94,26734.0,49.56,0,0,1,Documentation,Under Review,0,,,2.6,1,0,1,Overdue
MINE-003,Odisha Coal Mine 3,Eastern,Odisha,Underground,Coal,2024,8,2024-08-01,406757.7,24608205.58,3649969.95,1975,392791.1,1.0356,638025.83,2998.76,12197707.4,9336269.46,2861437.94,23.46,204083.12,299.17,0,1,1,environmental,Under Review,1,Electrical,Minor,3.18,1,0,1,Completed
MINE-007,Gujarat Coal Mine 7,Western,Gujarat,Underground,Coal,2016,6,2016-06-01,12996.02,4595599.71,4523354.46,1568,297684.4,0.0437,22215.38,2422.32,314805.71,190129.48,124676.23,39.6,6765.77,14.587,0,2,0,,,2,Electrical,Minor,1.23,1,0,1,In Progress
MINE-020,Uttar Iron Mine 20,Northern,Uttar Pradesh,Open Cast,Iron Ore,2023,2,2023-02-01,22245.46,4723977.98,3112251.71,446,94377.9,0.2357,19740.46,4974.16,1106524.5,890334.84,216189.66,19.54,6206.53,10.567,0,0,1,Documentation,Closed,5,,,0.5,1,0,1,In Progress
MINE-024,Chhattisgarh Bauxite Mine 24,Central,Chhattisgarh,Underground,Bauxite,2020,3,2020-03-01,38060.36,8763956.29,7112346.11,1093,223578.0,0.1702,51824.86,1680.35,639547.1,516370.41,123176.69,19.26,8013.64,23.685,0,1,0,,,2,Gas/Explosion,Minor,0.82,0,0,0,Completed
MINE-006,Maharashtra Limestone Mine 6,Western,Maharashtra,Open Cast,Limestone,2017,7,2017-07-01,15743.08,4919591.78,4656849.68,656,138574.4,0.1136,19914.21,967.51,152315.52,132634.18,19681.34,12.92,3166.92,10.173,0,1,0,,,0,,,1.71,0,0,0,Completed
MINE-021,Jharkhand Limestone Mine 21,Eastern,Jharkhand,Open Cast,Limestone,2018,4,2018-04-01,4769.26,1715441.24,1583929.26,347,67916.4,0.0702,4001.08,848.81,40482.03,38079.8,2402.22,5.93,881.95,5.896,0,3,0,,,0,,,1.9,0,0,0,Completed
MINE-002,West Iron Mine 2,Eastern,West Bengal,Open Cast,Iron Ore,2016,5,2016-05-01,84034.71,31788526.71,31381676.53,2108,434866.4,0.1932,97489.34,5227.39,4392818.18,3483551.32,909266.86,20.7,26156.0,47.174,0,0,0,,,0,,,2.18,0,0,0,Completed
MINE-005,Madhya Coal Mine 5,Central,Madhya Pradesh,Open Cast,Coal,2024,4,2024-04-01,8105.01,6162270.35,4660007.21,988,197053.1,0.0411,8269.99,2552.64,206891.95,161011.04,45880.91,22.18,2876.07,5.816,0,0,1,Equipment,Open,0,,,2.77,1,0,1,Pending
MINE-003,Odisha Coal Mine 3,Eastern,Odisha,Underground,Coal,2016,9,2016-09-01,73072.52,24608205.58,23987388.25,1032,212756.0,0.3435,102666.83,2523.18,1843747.8,1076941.68,766806.12,41.59,40416.65,52.14,0,1,0,,,1,Fire,Fatal,1.03,0,0,0,Completed
MINE-007,Gujarat Coal Mine 7,Western,Gujarat,Underground,Coal,2022,4,2022-04-01,11466.86,4595599.71,3716234.26,1522,318701.8,0.036,12489.24,3211.02,368203.57,258871.18,109332.38,29.69,6751.88,10.509,0,1,0,,,1,Electrical,Minor,2.39,0,0,0,Completed
MINE-025,Madhya Limestone Mine 25,Central,Madhya Pradesh,Open Cast,Limestone,2020,8,2020-08-01,8341.0,5333812.33,4685972.6,1129,222719.7,0.0375,8331.95,831.29,69338.18,70981.83,-1643.65,-2.37,1915.89,9.848,0,0,0,,,3,Machinery,Moderate,1.59,0,0,0,Completed
MINE-026,Maharashtra Copper Mine 26,Western,Maharashtra,Underground,Copper Ore,2024,7,2024-07-01,24741.75,3439638.4,1340950.25,541,112088.0,0.2207,36901.4,6122.78,1514881.78,1087785.32,427096.46,28.19,9090.66,21.919,0,2,1,Environmental,Under Review,2,Fall of Roof/Rock,Minor,1.38,1,0,1,Pending
MINE-014,Chhattisgarh Bauxite Mine 14,Central,Chhattisgarh,Underground,Bauxite,2018,6,2018-06-01,11266.51,3172486.06,2827636.14,839,167328.0,0.0673,17208.47,2631.21,296445.11,220680.77,75764.34,25.56,3660.37,7.491,0,1,0,,,0,,,1.58,3,1,2,Overdue
MINE-024,Chhattisgarh Bauxite Mine 24,Central,Chhattisgarh,Underground,Bauxite,2020,11,2020-11-01,48356.78,8763956.29,6732079.84,1182,249993.2,0.1934,58644.02,1669.49,807311.02,639185.25,168125.77,20.83,27229.8,38.967,0,1,0,,,1,Haulage/Transport,Minor,2.71,0,0,0,Completed
MINE-030,Uttar Iron Mine 30,Northern,Uttar Pradesh,Mixed,Iron Ore,2023,6,2023-06-01,25730.27,9769224.08,7362512.57,740,143160.3,0.1797,26040.25,4999.52,1286390.33,1082266.53,204123.8,15.87,7655.76,13.04,0,1,0,,,0,,,1.91,0,0,0,Completed
MINE-014,Chhattisgarh Bauxite Mine 14,Central,Chhattisgarh,Underground,Bauxite,2020,7,2020-07-01,8461.09,3172486.06,2600922.72,809,147618.3,0.0573,10452.89,2898.54,245247.93,192048.78,53199.15,21.69,2733.36,10.291,0,2,3,Safety,Closed,0,,,1.39,3,1,2,Completed
MINE-028,Telangana Coal Mine 28,Southern,Telangana,Open Cast,Coal,2018,3,2018-03-01,26541.61,10510635.28,9724312.44,978,205650.8,0.1291,26660.31,2424.08,643389.41,551543.72,91845.69,14.28,4331.36,11.939,0,2,0,,,1,Gas/Explosion,Minor,0.57,0,0,0,Completed
MINE-008,Telangana Iron Mine 8,Southern,Telangana,Open Cast,Iron Ore,2023,7,2023-07-01,18490.03,4242653.83,2873742.17,739,153077.6,0.1208,16259.82,7307.1,1351086.01,1114781.29,236304.72,17.49,6311.91,13.804,0,1,1,Environmental,Open,0,,,1.44,1,0,1,Pending
MINE-002,West Iron Mine 2,Eastern,West Bengal,Open Cast,Iron Ore,2023,2,2023-02-01,53017.47,31788526.71,25619713.52,1878,409172.3,0.1296,45223.97,5912.51,3134661.73,2037523.65,1097138.08,35.0,19003.56,25.26,0,1,0,,,0,,,1.08,0,0,0,Completed
MINE-014,Chhattisgarh Bauxite Mine 14,Central,Chhattisgarh,Underground,Bauxite,2021,1,2021-01-01,9204.61,3172486.06,2548853.3,767,158689.7,0.058,11478.42,2833.62,260823.4,184632.7,76190.7,29.21,5040.83,10.883,0,1,0,,,0,,,1.16,0,0,0,Completed
MINE-009,Andhra Iron Mine 9,Southern,Andhra Pradesh,UNDERGROUND,Iron Ore,2022,11,2022-11-01,37365.0,7961285.52,5143314.25,1178,240833.5,0.1551,45293.41,4893.96,1828627.48,1135004.49,693622.99,37.93,22654.71,26.623,0,0,0,,,1,Machinery,Minor,1.47,0,0,0,Completed
MINE-019,Andhra Coal Mine 19,Southern,Andhra Pradesh,Open Cast,Coal,2022,6,2022-06-01,35295.35,6903354.37,4712488.63,141,,1.3315,37504.08,2340.52,826094.33,638524.6,187569.73,22.71,14221.8,23.805,0,0,1,Equipment,Closed,0,,,2.37,1,0,1,In Progress
MINE-016,Maharashtra Iron Mine 16,Western,Maharashtra,Underground,Iron Ore,2016,10,2016-10-01,17011.4,3852023.09,3700815.24,504,109018.7,0.156,29300.74,6040.65,1027598.85,600416.93,427181.92,41.57,6073.28,12.603,0,1,0,,,1,Electrical,Moderate,2.41,0,0,0,Completed
MINE-002,West Iron Mine 2,Eastern,West Bengal,Open Cast,Iron Ore,2016,10,2016-10-01,82582.26,31788526.71,30969257.58,2118,410020.8,0.2014,76381.41,5310.84,4385811.21,2937290.09,1448521.11,33.03,16671.56,33.808,0,1,0,,,1,Fire,Minor,2.13,0,0,0,Completed
MINE-006,Maharashtra Limestone Mine 6,Western,Maharashtra,Open Cast,Limestone,2024,10,2024-10-01,54282.72,4919591.78,2076421.35,1060,218918.9,0.248,49696.32,1014.12,550492.4,397139.58,153352.83,27.86,12350.34,25.258,0,2,0,,,0,,,0.06,1,0,1,Pending
MINE-018,Telangana Iron Mine 18,Southern,Telangana,Mixed,Iron Ore,2018,11,2018-11-01,10633.14,4638464.7,4195351.8,947,208033.1,0.0511,12471.15,4302.85,457528.41,391942.08,65586.34,14.33,2434.28,6.365,0,2,0,,,1,Machinery,Minor,1.24,1,0,1,Overdue
MINE-001,Jharkhand Coal Mine 1,Eastern,Jharkhand,Underground,Coal,2016,4,2016-04-01,67650.77,15973322.74,15714472.95,2255,449004.5,0.1507,92099.78,2538.49,1717310.05,1157683.55,559626.5,32.59,22672.19,42.002,0,1,2,documentation,Open,2,Machinery,Minor,2.98,2,1,1,Overdue
MINE-001,Jharkhand Coal Mine 1,Eastern,Jharkhand,Underground,Coal,2022,3,2022-03-01,184106.27,15973322.74,7550361.61,2953,620095.2,0.2969,230848.74,2694.39,4960539.94,3880499.38,1080040.56,21.77,53381.53,100.196,0,1,0,,,0,,,2.4,0,0,0,Completed
MINE-017,Gujarat Iron Mine 17,Western,Gujarat,Open Cast,Iron Ore,2018,4,2018-04-01,30866.46,13268212.21,12271652.59,427,93152.2,0.3314,30770.92,5332.61,1645989.38,1371963.73,274025.65,16.65,9827.48,20.964,0,1,1,Equipment,Under Review,0,,,2.19,1,0,1,Overdue
MINE-005,Madhya Coal Mine 5,Central,Madhya Pradesh,Open Cast,Coal,2018,12,2018-12-01,18573.98,6162270.35,5446792.64,1059,212419.6,0.0874,23093.79,2424.77,450375.75,288663.98,161711.77,35.91,6293.79,16.834,0,1,1,Equipment,Closed,3,Fire,Moderate,2.81,1,0,1,Pending
MINE-001,Jharkhand Coal Mine 1,Eastern,Jharkhand,Underground,Coal,2016,6,2016-06-01,75367.02,15973322.74,15573802.9,2168,435562.6,0.173,120259.25,2619.46,1974210.77,1403743.61,570467.16,28.9,43686.54,58.879,0,0,0,,,1,Slip/Fall,Moderate,1.23,1,0,1,Overdue
MINE-012,West Iron Mine 12,Eastern,West Bengal,Open Cast,Iron Ore,2020,11,2020-11-01,129306.21,17808314.68,13052276.62,1078,218198.2,0.5926,160082.76,5749.83,7434886.34,4835343.68,2599542.66,34.96,20947.82,61.529,0,1,0,,,0,,,1.8,0,0,0,Completed
MINE-009,Andhra Iron Mine 9,Southern,Andhra Pradesh,Underground,Iron Ore,2020,8,2020-08-01,32346.86,7961285.52,6072164.72,1113,200818.2,0.1611,39573.24,4963.92,1605671.49,1293779.11,311892.37,19.42,13571.11,20.578,0,3,0,,,1,Fire,Moderate,2.75,0,0,0,Completed
MINE-003,Odisha Coal Mine 3,Eastern,Odisha,Underground,Coal,2017,1,2017-01-01,89506.04,24608205.58,23658630.73,1099,220335.7,0.4062,109677.67,2637.87,2361055.82,1766618.17,594437.65,25.18,22086.05,48.929,0,2,0,,,1,Fall of Roof/Rock,Minor,2.02,0,0,0,Completed
MINE-010,Uttar Coal Mine 10,Northern,Uttar Pradesh,Mixed,Coal,2023,8,2023-08-01,62375.53,3804225.22,802966.46,1083,218464.9,0.2855,71548.96,3757.68,2343875.89,1960285.98,383589.91,16.37,30753.56,44.619,0,2,1,Equipment,Under Review,3,Fall of Roof/Rock,Minor,3.22,1,0,1,Pending
MINE-003,Odisha Coal Mine 3,Eastern,Odisha,Underground,Coal,2018,3,2018-03-01,101526.83,24608205.58,22367954.22,1160,245567.2,0.4134,143834.03,2636.12,2676365.26,1632845.93,1043519.33,38.99,49760.09,72.608,0,1,0,,,0,,,1.16,0,0,0,Completed
MINE-026,Maharashtra Copper Mine 26,Western,Maharashtra,Underground,Copper Ore,2021,9,2021-09-01,21947.24,3439638.4,2181189.31,513,95037.7,0.2309,34612.76,7105.25,1559405.75,1052241.34,507164.41,32.52,10865.58,23.787,0,2,0,,,2,Machinery,Minor,2.42,0,0,0,Completed
MINE-011,Jharkhand Coal Mine 11,Eastern,Jharkhand,Underground,Coal,2022,9,2022-09-01,93558.57,4815796.69,811561.28,591,123461.1,0.7578,137954.75,2260.95,2115310.35,1300303.52,815006.83,38.53,47528.86,71.182,0,0,1,SAFETY,Under Review,0,,,2.22,2,1,1,Pending
MINE-026,Maharashtra Copper Mine 26,Western,Maharashtra,Underground,Copper Ore,2019,6,2019-06-01,19729.66,3439638.4,2727874.72,523,113891.8,0.1732,24381.34,7099.34,1400675.67,832966.14,567709.53,40.53,6378.33,14.243,0,0,0,,,0,,,2.33,0,0,0,Completed
MINE-015,Madhya Iron Mine 15,Central,Madhya Pradesh,Open Cast,Iron Ore,2017,3,2017-03-01,45250.63,14086398.07,13494205.37,840,177470.9,0.255,41883.23,5116.81,2315387.93,1833799.47,481588.46,20.8,15979.9,25.654,0,1,0,,,1,Fall of Roof/Rock,Minor,1.9,1,0,1,Completed
MINE-015,Madhya Iron Mine 15,Central,Madhya Pradesh,Open Cast,Iron Ore,2023,10,2023-10-01,132304.99,14086398.07,7625882.94,1161,216668.1,0.6106,143872.69,6327.93,8372161.35,6537388.45,1834772.9,21.92,29771.91,66.027,0,2,0,,,4,Electrical,Minor,1.98,0,0,0,Completed
MINE-029,Andhra Copper Mine 29,Southern,Andhra Pradesh,Open Cast,Copper Ore,2017,1,2017-01-01,31556.99,11305197.36,10885131.87,268,54264.9,0.5815,26488.66,8427.05,2659321.57,2014434.27,644887.31,24.25,7298.4,15.944,0,1,0,,,0,,,2.36,0,0,0,Completed
MINE-012,West Iron Mine 12,Eastern,West Bengal,Open Cast,Iron Ore,2017,11,2017-11-01,77160.99,17808314.68,16323281.01,926,166895.3,0.4623,76578.41,5487.88,4234503.94,3325514.47,908989.48,21.47,18623.17,36.191,0,3,0,,,0,,,0.0,0,0,0,Completed
MINE-024,Chhattisgarh Bauxite Mine 24,Central,Chhattisgarh,Underground,Bauxite,2020,9,2020-09-01,41333.48,8763956.29,6831189.7,1092,236690.7,0.1746,65730.14,1729.62,714913.82,481432.13,233481.69,32.66,12606.77,33.59,0,1,1,equipment,Open,0,,,1.55,1,0,1,In Progress
MINE-026,Maharashtra Copper Mine 26,Western,Maharashtra,Underground,Copper Ore,2022,4,2022-04-01,22019.63,3439638.4,2017222.18,541,118270.1,0.1862,27931.33,6864.7,1511580.47,941244.56,570335.91,37.73,4886.64,16.324,0,2,0,,,1,Fall of Roof/Rock,Serious,1.77,0,0,0,Completed
MINE-019,Andhra Coal Mine 19,Southern,Andhra Pradesh,Open Cast,Coal,2019,10,2019-10-01,28564.49,6903354.37,5761510.9,126,25724.4,1.1104,25725.63,2468.74,705182.3,417932.47,287249.82,40.73,11340.77,13.609,0,1,0,,,0,,,0.39,0,0,0,Completed
MINE-027,Gujarat Iron Mine 27,Western,Gujarat,Open Cast,Iron Ore,2024,6,2024-06-01,5286.35,6248149.8,5054582.38,694,140356.9,0.0377,5708.37,5892.04,311474.08,258346.61,53127.47,17.06,1470.3,9.703,0,1,1,Operational,Closed,0,,,2.01,1,0,1,Overdue
MINE-022,West Copper Mine 22,Eastern,West Bengal,Open Cast,Copper Ore,2023,11,2023-11-01,179054.82,11657228.78,2840093.63,2657,522406.6,0.3427,230926.82,10289.42,18423702.36,13522035.86,4901666.5,26.61,77803.0,108.321,0,0,0,,,0,,,0.79,0,0,0,Completed
MINE-019,Andhra Coal Mine 19,Southern,Andhra Pradesh,Open Cast,Coal,2018,8,2018-08-01,26490.35,6903354.37,6143015.06,130,28496.1,0.9296,22565.24,2528.78,669881.49,477745.81,192135.67,28.68,9021.21,12.026,0,2,0,,,0,,,0.54,1,0,1,Completed
MINE-017,Gujarat Iron Mine 17,Western,Gujarat,Open Cast,Iron Ore,2018,10,2018-10-01,31750.05,13268212.21,12074752.27,437,82498.0,0.3849,41191.25,5358.78,1701416.4,1015375.54,686040.86,40.32,11659.88,19.117,0,1,0,,,0,,,0.28,0,0,0,Completed
MINE-013,Odisha Coal Mine 13,Eastern,Odisha,Open Cast,Coal,2016,10,2016-10-01,31545.97,11260157.97,10984048.74,578,123596.1,0.2552,35541.09,2463.92,777267.97,579497.12,197770.85,25.44,11428.92,23.601,0,2,2,Environmental,Under Review,3,Slip/Fall,Minor,2.32,2,0,2,In Progress
MINE-015,Madhya Iron Mine 15,Central,Madhya Pradesh,Open Cast,Iron Ore,2018,6,2018-06-01,58989.78,14086398.07,12772594.84,943,199970.3,0.295,65770.43,5581.74,3292654.12,2153192.69,1139461.43,34.61,21614.43,37.023,0,0,1,Emergency Preparedness,Open,1,Gas/Explosion,Minor,2.87,1,0,1,In Progress
MINE-006,Maharashtra Limestone Mine 6,Western,Maharashtra,Open Cast,Limestone,2022,11,2022-11-01,39018.0,4919591.78,3063013.03,885,164435.8,0.2373,34227.26,1106.8,431850.94,361196.91,70654.03,16.36,13677.53,20.119,0,2,0,,,1,Haulage/Transport,Minor,2.09,0,0,0,Completed
MINE-024,Chhattisgarh Bauxite Mine 24,Central,Chhattisgarh,Underground,Bauxite,2019,6,2019-06-01,45475.8,8763956.29,7484993.69,1083,221191.2,0.2056,58959.2,1643.14,747232.25,640608.04,106624.2,14.27,19645.56,27.777,0,3,0,,,0,,,2.44,0,0,0,Completed
MINE-014,Chhattisgarh Bauxite Mine 14,Central,Chhattisgarh,Underground,Bauxite,2023,6,2023-06-01,6755.57,3172486.06,2334743.15,772,142887.1,0.0473,7684.54,2533.41,171146.11,104124.16,67021.95,39.16,3619.23,8.545,0,0,0,,,0,,,0.43,0,0,0,Completed
MINE-002,West Iron Mine 2,Eastern,West Bengal,Open Cast,Iron Ore,2016,3,2016-03-01,81023.79,31788526.71,31547307.36,2089,416723.4,0.1944,69165.44,5129.57,4156168.83,2961473.81,1194695.02,28.75,34794.74,39.138,0,0,1,Safety,Under Review,1,Fall of Roof/Rock,Moderate,2.59,2,1,1,In Progress
MINE-022,West Copper Mine 22,Eastern,West Bengal,open cast,Copper Ore,2016,8,2016-08-01,45971.24,11657228.78,11302247.05,1862,389837.8,0.1179,50879.46,7375.31,3390522.41,1998906.33,1391616.08,41.04,8629.64,20.77,0,0,0,,,0,,,1.83,0,0,0,Completed
MINE-023,Odisha Copper Mine 23,Eastern,Odisha,Open Cast,Copper Ore,2024,3,2024-03-01,114492.1,20545143.55,13115979.73,1855,407252.0,0.2811,110350.06,5945.83,6807505.49,4246855.11,2560650.38,37.62,26976.46,47.882,0,1,0,,,0,,,2.29,0,0,0,Completed
MINE-011,Jharkhand Coal Mine 11,Eastern,Jharkhand,Underground,Coal,2023,6,2023-06-01,126143.52,4815796.69,0.0,685,123911.2,1.018,199424.39,2188.37,2760491.3,1684125.84,1076365.47,38.99,41663.81,83.81,0,0,0,,,2,Slip/Fall,Minor,1.47,0,0,0,Completed
MINE-025,Madhya Limestone Mine 25,Central,Madhya Pradesh,Open Cast,Limestone,2023,7,2023-07-01,6891.2,5333812.33,4422900.6,1099,238309.1,0.0289,6922.94,668.68,46080.33,53407.48,-7327.15,-15.9,2674.05,7.421,0,1,0,,,0,,,1.06,0,0,0,Completed
MINE-003,Odisha Coal Mine 3,Eastern,Odisha,Underground,Coal,2017,5,2017-05-01,90552.51,24608205.58,23335651.82,1171,235366.8,0.3847,145211.36,2701.24,2446043.05,1683579.26,762463.79,31.17,32037.87,60.653,0,1,0,,,0,,,1.98,0,0,0,Completed
MINE-001,Jharkhand Coal Mine 1,Eastern,Jharkhand,Underground,Coal,2021,7,2021-07-01,157905.58,15973322.74,8913441.12,2922,623743.3,0.2532,182119.38,2730.36,4311397.71,3437674.35,873723.36,20.27,95596.64,109.417,0,2,0,,,2,Slip/Fall,Minor,1.22,0,0,0,Completed
MINE-028,Telangana Coal Mine 28,Southern,Telangana,Open Cast,Coal,2018,10,2018-10-01,20369.03,10510635.28,9558744.02,1009,207894.2,0.098,19607.27,2581.6,525846.75,456207.31,69639.44,13.24,7220.45,12.123,0,3,0,,,3,Machinery,Minor,1.91,1,0,1,Pending
MINE-020,Uttar Iron Mine 20,Northern,Uttar Pradesh,Open Cast,Iron Ore,2017,9,2017-09-01,17981.23,4723977.98,4365956.88,423,79074.5,0.2274,16652.18,5298.64,952760.0,570595.55,382164.45,40.11,2815.99,12.812,0,1,0,,,2,Gas/Explosion,Minor,1.15,0,0,0,Completed
MINE-021,Jharkhand Limestone Mine 21,Eastern,Jharkhand,Open Cast,Limestone,2018,9,2018-09-01,4230.46,1715441.24,1562927.14,336,61999.1,0.0682,4171.01,815.24,34488.32,32198.51,2289.82,6.64,1705.12,2.836,0,0,0,,,0,,,2.06,0,0,0,Completed
MINE-005,Madhya Coal Mine 5,Central,Madhya Pradesh,Open Cast,Coal,2024,9,2024-09-01,8101.89,6162270.35,4616282.32,1016,205797.5,0.0394,7184.13,2498.79,202448.78,122788.35,79660.43,39.35,3613.35,11.95,0,4,0,,,2,Fire,Minor,1.78,0,0,0,Completed
MINE-002,West Iron Mine 2,Eastern,West Bengal,Open Cast,Iron Ore,2017,6,2017-06-01,84114.2,31788526.71,30297404.05,2078,452891.5,0.1857,83328.04,5383.11,4527956.75,3860378.5,667578.24,14.74,16802.64,39.957,0,0,0,,,1,Gas/Explosion,Minor,2.43,0,0,0,Completed
MINE-020,Uttar Iron Mine 20,Northern,Uttar Pradesh,Open Cast,Iron Ore,2022,10,2022-10-01,20798.47,4723977.98,3199322.5,448,96580.2,0.2153,16955.4,4846.17,1007928.33,858694.85,149233.48,14.81,5959.16,10.547,0,3,0,,,1,Haulage/Transport,Moderate,1.93,1,0,1,Completed
MINE-012,West Iron Mine 12,Eastern,West Bengal,Open Cast,Iron Ore,2021,7,2021-07-01,125722.0,17808314.68,12087242.15,1098,239295.5,0.5254,136040.67,5625.13,7072028.82,4153557.5,2918471.32,41.27,50544.39,72.379,0,0,0,,,0,,,0.38,0,0,0,Completed
MINE-026,Maharashtra Copper Mine 26,Western,Maharashtra,Underground,Copper Ore,2016,9,2016-09-01,16241.35,3439638.4,3299382.37,477,98452.1,0.165,22476.9,7481.4,1215080.82,856686.27,358394.56,29.5,9013.74,11.978,0,0,0,,,0,,,1.49,1,0,1,Completed
MINE-019,Andhra Coal Mine 19,Southern,Andhra Pradesh,Open Cast,Coal,2018,9,2018-09-01,26558.34,6903354.37,6116456.71,125,27123.5,0.9792,31952.48,2505.26,665356.77,557254.8,108101.97,16.25,10875.38,18.764,0,3,0,,,0,,,0.56,0,0,0,Completed
MINE-025,Madhya Limestone Mine 25,Central,Madhya Pradesh,Open Cast,Limestone,2023,8,2023-08-01,6556.93,5333812.33,4416343.68,1141,235454.1,0.0278,5358.46,679.67,44565.48,38227.38,6338.1,14.22,2583.6,7.232,0,1,0,,,0,,,0.32,0,0,0,Completed
MINE-025,Madhya Limestone Mine 25,Central,Madhya Pradesh,Open Cast,Limestone,2022,7,2022-07-01,6786.87,5333812.33,4502655.93,1042,205669.8,0.033,7407.87,723.07,49073.98,40470.12,8603.86,17.53,1545.96,4.217,0,2,0,,,2,Fire,Moderate,2.94,0,0,0,Completed
MINE-020,Uttar Iron Mine 20,Northern,Uttar Pradesh,Open Cast,Iron Ore,2017,12,2017-12-01,16979.12,4723977.98,4316471.43,407,78185.1,0.2172,16347.91,5175.4,878737.51,523890.83,354846.68,40.38,7433.38,15.3,0,5,1,Environmental,Under Review,1,Slip/Fall,Minor,1.2,1,0,1,Overdue
MINE-005,Madhya Coal Mine 5,Central,Madhya Pradesh,Open Cast,Coal,2020,5,2020-05-01,15536.95,6162270.35,5188191.97,1035,201669.4,0.077,17135.96,2482.52,385707.31,250035.44,135671.87,35.17,5160.65,15.24,0,1,1,Safety,Open,1,Fire,Moderate,2.35,1,0,1,Completed
MINE-016,Maharashtra Iron Mine 16,Western,Maharashtra,Underground,Iron Ore,2018,11,2018-11-01,15657.41,3852023.09,3329515.24,449,85966.8,0.1821,20235.61,6176.31,967050.0,670558.83,296491.17,30.66,7048.32,11.042,0,2,0,,,0,,,1.35,0,0,0,Completed
MINE-027,Gujarat Iron Mine 27,Western,Gujarat,Open Cast,Iron Ore,2024,12,2024-12-01,4745.15,6248149.8,5026588.62,732,143941.6,0.033,5418.61,5879.19,278976.27,240711.85,38264.42,13.72,1611.84,2.71,0,0,0,,,0,,,0.52,0,0,0,Completed
MINE-023,Odisha Copper Mine 23,Eastern,Odisha,Open Cast,Copper Ore,2024,4,2024-04-01,107237.91,20545143.55,13008741.82,1860,376687.7,0.2847,104281.09,5813.98,6234791.62,4701925.71,1532865.91,24.59,28686.0,45.647,0,0,0,,,0,,,2.32,1,0,1,Overdue
MINE-025,Madhya Limestone Mine 25,Central,Madhya Pradesh,Open Cast,Limestone,2018,6,2018-06-01,12041.26,5333812.33,4945240.96,1199,263610.4,0.0457,9829.89,864.35,104078.62,91109.76,12968.85,12.46,4620.73,9.986,0,2,0,,,0,,,0.77,0,0,0,Completed
MINE-017,Gujarat Iron Mine 17,Western,Gujarat,Open Cast,Iron Ore,2019,11,2019-11-01,34315.29,13268212.21,11641471.24,426,86336.7,0.3975,29263.66,5881.33,2018196.08,1197338.13,820857.95,40.67,5853.24,14.756,0,3,1,Operational,Under Review,0,,,1.71,1,0,1,Completed
MINE-023,Odisha Copper Mine 23,Eastern,Odisha,Open Cast,Copper Ore,2018,11,2018-11-01,68874.39,20545143.55,18552533.96,1641,321744.0,0.2141,81829.95,7570.28,5213982.22,3000807.44,2213174.78,42.45,10498.58,37.245,0,1,0,,,1,Electrical,Minor,2.19,0,0,0,Completed
MINE-009,Andhra Iron Mine 9,Southern,Andhra Pradesh,Underground,Iron Ore,2020,7,2020-07-01,31580.3,7961285.52,6104511.58,1142,228228.5,0.1384,54616.53,5016.61,1584261.15,1071922.17,512338.98,32.34,14490.03,29.73,0,1,0,,,1,Electrical,Minor,2.02,0,0,0,Completed
MINE-016,Maharashtra Iron Mine 16,Western,Maharashtra,Underground,Iron Ore,2018,3,2018-03-01,13382.06,3852023.09,3442995.0,458,93750.8,0.1427,19057.94,6018.84,805444.95,663039.59,142405.36,17.68,6506.38,15.277,0,4,1,Environmental,Under Review,0,,,1.71,1,0,1,Pending
MINE-010,Uttar Coal Mine 10,Northern,Uttar Pradesh,Mixed,Coal,2020,7,2020-07-01,34069.84,3804225.22,2608555.36,874,190734.7,0.1786,35744.16,3276.79,1116396.94,844795.31,271601.63,24.33,13973.03,19.48,0,4,0,,,1,Gas/Explosion,Moderate,1.24,0,0,0,Completed
MINE-010,Uttar Coal Mine 10,Northern,Uttar Pradesh,MIXED,Coal,2020,11,2020-11-01,37359.65,3804225.22,2472321.04,793,157393.9,0.2374,43044.65,3281.08,1225799.12,735915.87,489883.25,39.96,17777.28,22.619,0,1,0,,,2,Fire,Minor,2.37,0,0,0,Completed
MINE-009,Andhra Iron Mine 9,Southern,Andhra Pradesh,Underground,Iron Ore,2017,7,2017-07-01,34019.12,7961285.52,7310817.27,1093,210665.0,0.1615,39463.61,5571.77,1895466.56,1475974.94,419491.62,22.13,6939.17,17.567,0,2,0,,,0,,,1.63,0,0,0,Completed
MINE-013,Odisha Coal Mine 13,Eastern,Odisha,open cast,Coal,2019,4,2019-04-01,41388.05,11260157.97,9911671.7,600,117622.4,0.3519,47751.9,2684.86,1111209.73,734999.66,376210.07,33.86,13958.36,23.73,0,0,0,,,0,,,0.8,0,0,0,Completed
MINE-023,Odisha Copper Mine 23,Eastern,Odisha,Open Cast,Copper Ore,2020,3,2020-03-01,71114.76,20545143.55,17419986.87,1579,306744.7,0.2318,70650.76,7043.91,5009259.93,3195165.69,1814094.25,36.21,29604.2,39.556,0,0,0,,,0,,,1.31,0,0,0,Completed
MINE-004,Chhattisgarh Coal Mine 4,Central,Chhattisgarh,Underground,Coal,2019,5,2019-05-01,9402.6,3455223.81,3004955.17,1375,270949.4,0.0347,11497.42,2399.15,225582.63,165845.73,59736.91,26.48,3385.54,12.356,0,2,1,Emergency Preparedness,Closed,1,Machinery,Minor,2.04,1,0,1,In Progress
MINE-020,Uttar Iron Mine 20,Northern,Uttar Pradesh,Open Cast,Iron Ore,2022,2,2022-02-01,20505.37,4723977.98,3359209.37,411,75441.8,0.2718,16645.79,4783.74,980924.23,554252.5,426671.73,43.5,6086.63,15.325,0,3,1,Environmental,Open,1,Slip/Fall,Minor,0.91,2,1,1,Pending
MINE-001,Jharkhand Coal Mine 1,Eastern,Jharkhand,Underground,Coal,2018,4,2018-04-01,99826.8,15973322.74,13769467.71,2527,486966.6,0.205,113076.13,2692.05,2687392.44,1777955.77,909436.67,33.84,26905.57,53.177,0,2,1,Environmental,Open,0,,,2.03,1,0,1,Completed
MINE-005,Madhya Coal Mine 5,Central,Madhya Pradesh,Open Cast,Coal,2019,6,2019-06-01,17999.49,6162270.35,5351792.33,1094,224538.9,0.0802,16259.88,2400.6,432096.6,331861.19,100235.41,23.2,3705.17,12.515,0,0,0,,,1,Machinery,Moderate,0.84,2,1,1,Overdue
MINE-005,Madhya Coal Mine 5,Central,Madhya Pradesh,Open Cast,Coal,2023,10,2023-10-01,9335.08,6162270.35,4713773.83,973,178438.8,0.0523,7548.76,2545.57,237630.95,182976.73,54654.22,23.0,1856.15,6.452,0,1,0,,,1,Electrical,Serious,2.67,0,0,0,Completed
MINE-007,Gujarat Coal Mine 7,Western,Gujarat,Underground,Coal,2022,6,2022-06-01,13219.95,4595599.71,3691590.39,1682,303779.5,0.0435,22380.12,3264.19,431523.73,256503.06,175020.67,40.56,4892.68,15.895,0,2,0,,,1,Slip/Fall,Moderate,2.51,0,0,0,Completed
MINE-001,Jharkhand Coal Mine 1,Eastern,Jharkhand,Underground,Coal,2020,8,2020-08-01,133341.3,15973322.74,10564443.18,2666,584615.9,0.2281,198660.9,2542.69,3390459.29,2270199.3,1120259.99,33.04,33395.55,82.654,0,1,0,,,1,Electrical,Minor,1.56,0,0,0,Completed
MINE-006,Maharashtra Limestone Mine 6,Western,Maharashtra,Open Cast,Limestone,2024,3,2024-03-01,42727.53,4919591.78,2418192.61,974,198831.8,0.2149,50226.54,1000.38,427435.87,285512.55,141923.33,33.2,12437.09,25.321,0,4,1,Documentation,Under Review,0,,,1.92,1,0,1,Overdue
MINE-003,Odisha Coal Mine 3,Eastern,Odisha,underground,Coal,2023,3,2023-03-01,335258.02,24608205.58,10410287.11,1758,375168.6,0.8936,459303.37,2909.18,9753243.94,8246730.81,1506513.13,15.45,117817.75,201.502,0,0,0,,,2,Fall of Roof/Rock,Minor,1.13,1,0,1,In Progress
MINE-030,Uttar Iron Mine 30,Northern,Uttar Pradesh,Mixed,Iron Ore,2016,7,2016-07-01,27164.87,9769224.08,9572955.55,771,159862.2,0.1699,31510.79,5170.56,1404574.83,1109394.26,295180.57,21.02,9049.35,15.291,0,1,1,Documentation,Open,1,Slip/Fall,Minor,1.46,1,0,1,Completed
MINE-012,West Iron Mine 12,Eastern,West Bengal,Open Cast,Iron Ore,2023,5,2023-05-01,145358.35,17808314.68,8995715.28,1142,214734.7,0.6769,138356.52,5231.51,7604434.64,4337680.35,3266754.29,42.96,22807.12,59.704,0,1,0,,,1,Slip/Fall,Minor,2.75,0,0,0,Completed
MINE-027,Gujarat Iron Mine 27,Western,Gujarat,Open Cast,Iron Ore,2021,5,2021-05-01,9538.33,6248149.8,5299676.02,732,131997.5,0.0723,11861.99,5294.52,505008.86,291661.1,213347.75,42.25,3072.97,7.604,0,2,1,Operational,Under Review,0,,,0.64,1,0,1,In Progress
MINE-006,Maharashtra Limestone Mine 6,Western,Maharashtra,Open Cast,Limestone,2023,1,2023-01-01,41560.05,4919591.78,2980801.95,945,173611.6,0.2394,43954.65,1159.85,482033.73,365349.81,116683.92,24.21,18026.98,23.014,0,3,0,,,1,Machinery,Moderate,1.66,0,0,0,Completed
MINE-020,Uttar Iron Mine 20,Northern,Uttar Pradesh,Open Cast,Iron Ore,2016,4,2016-04-01,16602.7,4723977.98,4658136.84,424,76748.4,0.2163,13335.39,5076.13,842773.85,645207.52,197566.33,23.44,5583.92,8.324,0,2,0,,,1,Fire,Serious,1.41,1,0,1,In Progress
MINE-012,West Iron Mine 12,Eastern,West Bengal,Open Cast,Iron Ore,2023,9,2023-09-01,154368.46,17808314.68,8398723.66,1164,247368.7,0.624,139955.01,5415.14,8359266.51,6283156.29,2076110.23,24.84,61705.12,77.341,0,1,0,,,0,,,1.43,0,0,0,Completed
MINE-010,Uttar Coal Mine 10,Northern,Uttar Pradesh,Mixed,Coal,2022,6,2022-06-01,50542.61,3804225.22,1640160.13,956,172616.2,0.2928,49609.44,3245.92,1640573.82,1374907.36,265666.46,16.19,20895.32,31.943,0,3,0,,,1,Fall of Roof/Rock,Moderate,2.02,0,0,0,Completed
MINE-004,Chhattisgarh Coal Mine 4,Central,Chhattisgarh,Underground,Coal,2017,1,2017-01-01,11157.96,3455223.81,3295105.64,1489,310566.2,0.0359,16432.53,2433.95,271578.67,214594.5,56984.17,20.98,3118.28,10.935,0,0,0,,,1,Gas/Explosion,Minor,2.61,0,0,0,Completed
MINE-001,Jharkhand Coal Mine 1,Eastern,Jharkhand,Underground,Coal,2019,12,2019-12-01,127527.92,15973322.74,11643814.55,2732,581709.2,0.2192,172034.14,2560.03,3264756.04,1964358.5,1300397.54,39.83,49000.75,79.254,0,3,0,,,1,Fall of Roof/Rock,Moderate,1.82,0,0,0,Completed
MINE-001,Jharkhand Coal Mine 1,Eastern,Jharkhand,UNDERGROUND,Coal,2024,11,2024-11-01,297383.06,15973322.74,309610.58,3779,736084.4,0.404,435139.3,2352.85,6996967.92,4237908.43,2759059.49,39.43,147886.14,206.789,0,1,1,Equipment,Open,0,,,0.44,2,1,1,Completed
MINE-023,Odisha Copper Mine 23,Eastern,Odisha,Open Cast,Copper Ore,2017,10,2017-10-01,62316.64,20545143.55,19376524.92,1621,329500.0,0.1891,63013.2,7753.7,4831848.49,3236230.84,1595617.65,33.02,19479.52,30.054,0,0,1,Emergency Preparedness,Closed,1,Fall of Roof/Rock,Moderate,0.73,1,0,1,Overdue
MINE-010,Uttar Coal Mine 10,Northern,Uttar Pradesh,Mixed,Coal,2024,12,2024-12-01,85277.33,3804225.22,0.0,1228,233878.7,0.3646,121836.4,3493.19,2978896.98,2049625.15,929271.84,31.2,24243.2,50.999,0,2,0,,,1,Gas/Explosion,Moderate,1.79,0,0,0,Completed
MINE-022,West Copper Mine 22,Eastern,West Bengal,Open Cast,Copper Ore,2017,7,2017-07-01,57235.0,11657228.78,10737695.78,1925,412463.0,0.1388,68308.2,7663.19,4386024.71,3074200.45,1311824.26,29.91,24013.15,38.08,0,1,0,,,0,,,2.13,0,0,0,Completed
MINE-021,Jharkhand Limestone Mine 21,Eastern,Jharkhand,Open Cast,Limestone,2024,6,2024-06-01,3783.06,1715441.24,1306325.33,334,63606.8,0.0595,3337.81,600.25,22707.65,16181.81,6525.84,28.74,636.71,8.94,0,0,0,,,2,Haulage/Transport,Moderate,2.65,0,0,0,Completed
MINE-011,Jharkhand Coal Mine 11,Eastern,Jharkhand,Underground,Coal,2021,5,2021-05-01,63980.29,4815796.69,2142920.93,489,99173.7,0.6451,82616.92,2212.79,1415748.76,843702.33,572046.43,40.41,15964.65,36.329,0,1,0,,,1,Electrical,Minor,1.23,1,0,1,Completed
MINE-025,Madhya Limestone Mine 25,Central,Madhya Pradesh,Open Cast,Limestone,2016,11,2016-11-01,14962.88,5333812.33,5180577.58,1136,249235.2,0.06,14933.06,885.33,132470.7,127181.99,5288.71,3.99,4769.59,8.703,0,1,1,Safety,Open,0,,,0.44,1,0,1,In Progress
MINE-022,West Copper Mine 22,Eastern,West Bengal,Open Cast,Copper Ore,2018,5,2018-05-01,68128.19,11657228.78,10145084.56,1917,417343.5,0.1632,80243.55,7134.09,4860329.39,3006980.1,1853349.28,38.13,14174.64,38.739,0,3,1,Emergency Preparedness,Closed,0,,,2.02,1,0,1,In Progress
MINE-018,Telangana Iron Mine 18,Southern,Telangana,Mixed,Iron Ore,2016,1,2016-01-01,14343.35,4638464.7,4624121.35,1053,194856.6,0.0736,19181.36,5201.39,746053.5,589810.5,156243.0,20.94,6094.89,15.687,0,1,0,,,0,,,1.79,0,0,0,Completed
MINE-017,Gujarat Iron Mine 17,Western,Gujarat,Open Cast,Iron Ore,2018,2,2018-02-01,33306.2,13268212.21,12338516.69,440,86136.5,0.3867,28637.09,5212.54,1736099.37,1021603.27,714496.09,41.16,8611.96,14.362,0,5,0,,,0,,,2.31,0,0,0,Completed
MINE-011,Jharkhand Coal Mine 11,Eastern,Jharkhand,Underground,Coal,2017,10,2017-10-01,29515.17,4815796.69,4253016.43,405,88905.7,0.332,43573.77,2628.97,775945.62,611307.9,164637.72,21.22,12875.31,20.203,0,2,1,safety,Open,0,,,1.28,2,0,2,Completed
MINE-019,Andhra Coal Mine 19,Southern,Andhra Pradesh,Open Cast,Coal,2018,1,2018-01-01,26795.14,6903354.37,6317241.26,132,28642.8,0.9355,33784.95,2449.61,656377.22,500377.85,155999.37,23.77,11713.38,16.664,0,2,0,,,0,,,0.09,0,0,0,Completed
MINE-028,Telangana Coal Mine 28,Southern,Telangana,Open Cast,Coal,2021,12,2021-12-01,13559.43,10510635.28,8890023.29,962,197148.1,0.0688,12359.39,2119.87,287441.86,174848.67,112593.19,39.17,3586.68,9.063,0,2,0,,,1,Electrical,Minor,1.63,0,0,0,Completed
MINE-005,Madhya Coal Mine 5,Central,Madhya Pradesh,Open Cast,Coal,2023,8,2023-08-01,8887.36,6162270.35,4732109.52,985,192425.3,0.0462,7996.91,2461.34,218748.37,146564.83,72183.53,33.0,2861.54,9.969,0,2,0,,,0,,,0.49,2,1,1,In Progress
MINE-022,West Copper Mine 22,Eastern,West Bengal,Open Cast,Copper Ore,2017,1,2017-01-01,50941.43,11657228.78,11053323.5,1970,413814.7,0.1231,50987.84,7330.35,3734184.55,3182794.77,551389.77,14.77,16064.49,25.232,0,4,0,,,0,,,0.8,0,0,0,Completed
MINE-014,Chhattisgarh Bauxite Mine 14,Central,Chhattisgarh,Underground,Bauxite,2018,1,2018-01-01,9300.76,3172486.06,2881386.43,798,162936.3,0.0571,14931.95,2427.48,225773.86,133177.5,92596.36,41.01,4902.96,10.835,0,3,2,Emergency Preparedness,Under Review,2,Haulage/Transport,Minor,3.68,2,1,1,In Progress
MINE-027,Gujarat Iron Mine 27,Western,Gujarat,Open Cast,Iron Ore,2018,10,2018-10-01,13828.91,6248149.8,5643740.54,738,145767.4,0.0949,13133.01,6191.81,856259.79,623438.37,232821.42,27.19,5885.62,13.167,0,1,1,Operational,Under Review,0,,,0.78,1,0,1,Completed
MINE-006,Maharashtra Limestone Mine 6,Western,Maharashtra,Open Cast,Limestone,2021,4,2021-04-01,30180.44,4919591.78,3682354.12,825,162961.7,0.1852,37045.43,1337.23,403581.85,244328.83,159253.02,39.46,12177.66,22.483,0,1,1,Safety,Closed,0,,,2.18,1,0,1,Pending
MINE-014,Chhattisgarh Bauxite Mine 14,Central,Chhattisgarh,Underground,Bauxite,2023,2,2023-02-01,6845.44,3172486.06,2361952.95,787,163582.2,0.0418,7937.49,2496.45,170892.94,143997.94,26895.0,15.74,2778.5,4.114,0,0,0,,,1,Haulage/Transport,Moderate,1.53,0,0,0,Completed
MINE-024,Chhattisgarh Bauxite Mine 24,Central,Chhattisgarh,Underground,Bauxite,2022,9,2022-09-01,69519.94,8763956.29,5404765.42,1285,266996.1,0.2604,112791.47,1518.21,1055459.82,778444.38,277015.44,26.25,22638.71,48.257,0,2,0,,,2,Gas/Explosion,Serious,1.75,0,0,0,Completed
MINE-001,Jharkhand Coal Mine 1,Eastern,Jharkhand,Underground,Coal,2021,1,2021-01-01,159718.79,15973322.74,9826855.93,2872,578675.7,0.276,239984.34,2733.95,4366624.45,3485793.88,880830.57,20.17,88240.7,123.706,0,1,0,,,1,Electrical,Moderate,1.75,0,0,0,Completed
MINE-028,Telangana Coal Mine 28,Southern,Telangana,Open Cast,Coal,2022,7,2022-07-01,11852.74,10510635.28,8801714.88,927,188414.8,0.0629,9766.78,2241.46,265674.19,222736.05,42938.14,16.16,4540.73,6.491,0,2,0,,,0,,,1.39,0,0,0,Completed
MINE-007,Gujarat Coal Mine 7,Western,Gujarat,Underground,Coal,2017,12,2017-12-01,12472.9,4595599.71,4317850.34,1555,304267.1,0.041,20980.24,2749.41,342930.95,301939.43,40991.52,11.95,4299.45,12.392,0,2,1,Operational,Closed,1,Gas/Explosion,Moderate,2.34,1,0,1,Completed
MINE-001,Jharkhand Coal Mine 1,Eastern,Jharkhand,Underground,Coal,2023,9,2023-09-01,238248.54,15973322.74,3881476.33,3236,616584.3,0.3864,314433.76,2443.06,5820544.73,4489320.66,1331224.07,22.87,83107.3,142.705,0,1,1,Documentation,Open,1,Slip/Fall,Moderate,1.03,1,0,1,Completed
MINE-007,Gujarat Coal Mine 7,Western,Gujarat,Underground,Coal,2017,7,2017-07-01,10551.24,4595599.71,4376230.84,1469,267506.5,0.0394,11854.9,2936.51,309837.73,265435.21,44402.52,14.33,6185.05,10.953,0,1,0,,,0,,,2.33,1,0,1,In Progress
MINE-018,Telangana Iron Mine 18,Southern,Telangana,Mixed,Iron Ore,2020,4,2020-04-01,9896.76,4638464.7,4008233.09,891,169414.7,0.0584,13657.62,3773.15,373420.04,302127.51,71292.53,19.09,3264.22,12.24,0,0,1,Emergency Preparedness,Under Review,0,,,1.82,1,0,1,In Progress
MINE-003,Odisha Coal Mine 3,Eastern,Odisha,Underground,Coal,2021,5,2021-05-01,233353.26,24608205.58,16343667.84,1571,340082.0,0.6862,377948.13,2600.96,6069414.64,4715003.51,1354411.14,22.32,48709.14,141.966,0,0,0,,,0,,,2.23,0,0,0,Completed
MINE-016,Maharashtra Iron Mine 16,Western,Maharashtra,Underground,Iron Ore,2024,4,2024-04-01,10046.33,3852023.09,2532669.79,457,95144.5,0.1056,11292.1,7472.52,750714.11,603076.13,147637.98,19.67,3200.22,6.286,0,1,0,,,0,,,0.02,2,1,1,In Progress
MINE-004,Chhattisgarh Coal Mine 4,Central,Chhattisgarh,Underground,Coal,2018,12,2018-12-01,10138.86,3455223.81,3050422.32,1439,260567.8,0.0389,13135.1,2329.14,236148.06,214486.7,21661.36,9.17,2964.97,6.997,0,1,1,Equipment,Closed,2,Fall of Roof/Rock,Moderate,3.15,1,0,1,Pending
MINE-009,Andhra Iron Mine 9,Southern,Andhra Pradesh,Underground,Iron Ore,2018,12,2018-12-01,32830.22,7961285.52,6736181.38,1149,243373.3,0.1349,48504.67,5519.78,1812156.74,1466823.79,345332.94,19.06,14848.54,25.253,0,0,1,safety,Closed,0,,,2.79,2,1,1,Completed
MINE-018,Telangana Iron Mine 18,Southern,Telangana,Mixed,Iron Ore,2024,4,2024-04-01,8256.9,4638464.7,3562414.85,899,185180.0,0.0446,12095.94,4423.35,365231.48,306468.87,58762.61,16.09,3307.82,10.22,0,1,0,,,0,,,0.38,0,0,0,Completed
MINE-019,Andhra Coal Mine 19,Southern,Andhra Pradesh,Open Cast,Coal,2020,3,2020-03-01,30006.56,6903354.37,5610816.68,136,26052.6,1.1518,28176.33,2398.19,719615.06,401097.68,318517.38,44.26,9342.72,17.854,0,1,0,,,0,,,2.23,0,0,0,Completed
MINE-028,Telangana Coal Mine 28,Southern,Telangana,Open Cast,Coal,2023,8,2023-08-01,9306.78,10510635.28,8659482.19,938,188412.5,0.0494,11278.33,2089.53,194468.26,177709.55,16758.71,8.62,3890.58,12.371,0,1,1,Emergency Preparedness,Under Review,1,Fire,Minor,2.51,1,0,1,Pending
MINE-008,Telangana Iron Mine 8,Southern,Telangana,Open Cast,Iron Ore,2016,5,2016-05-01,12965.23,4242653.83,4183881.44,722,149364.8,0.0868,13418.64,6174.68,800561.39,558100.22,242461.16,30.29,3107.19,7.175,0,1,1,Documentation,Open,0,,,2.25,1,0,1,In Progress
MINE-020,Uttar Iron Mine 20,Northern,Uttar Pradesh,Open-Cast,Iron Ore,2024,11,2024-11-01,22965.63,4723977.98,2640888.88,452,82146.8,0.2796,29538.78,4950.22,1136848.07,836347.96,300500.11,26.43,5099.46,14.184,0,4,1,Equipment,Open,2,Electrical,Minor,2.61,2,0,2,Overdue
MINE-027,Gujarat Iron Mine 27,Western,Gujarat,Open Cast,Iron Ore,2020,3,2020-03-01,9775.61,6248149.8,5438000.19,711,142455.0,0.0686,12370.7,6319.1,617730.93,420590.14,197140.78,31.91,3510.87,5.974,0,2,0,,,2,Machinery,Minor,1.57,0,0,0,Completed
MINE-001,Jharkhand Coal Mine 1,Eastern,Jharkhand,Underground,Coal,2019,7,2019-07-01,102698.47,15973322.74,12216850.78,2482,522469.9,0.1966,144230.77,2568.12,2637415.53,1671710.59,965704.95,36.62,32830.1,61.747,0,1,0,,,2,Haulage/Transport,Minor,2.79,1,0,1,Completed
MINE-021,Jharkhand Limestone Mine 21,Eastern,Jharkhand,Open Cast,Limestone,2017,2,2017-02-01,4859.24,1715441.24,1648461.26,352,69765.9,0.0697,5648.98,928.02,45094.63,42195.69,2898.94,6.43,2007.28,7.152,0,2,0,,,2,Electrical,Minor,2.28,0,0,0,Completed
MINE-002,West Iron Mine 2,Eastern,West Bengal,Open Cast,Iron Ore,2024,1,2024-01-01,60775.72,31788526.71,24981056.87,1997,379428.9,0.1602,64964.09,5802.41,3526455.35,2465091.97,1061363.38,30.1,9231.67,31.367,0,0,0,,,0,,,1.31,0,0,0,Completed
MINE-014,Chhattisgarh Bauxite Mine 14,Central,Chhattisgarh,Underground,Bauxite,2021,10,2021-10-01,7156.23,3172486.06,2479737.31,745,153976.0,0.0465,12399.65,2733.88,195642.69,125636.14,70006.56,35.78,3487.57,6.951,0,1,0,,,1,Fall of Roof/Rock,Moderate,2.01,0,0,0,Completed
MINE-020,Uttar Iron Mine 20,Northern,Uttar Pradesh,Open Cast,Iron Ore,2020,1,2020-01-01,21491.83,4723977.98,3857030.69,441,88397.8,0.2431,20824.91,5437.0,1168510.26,821756.27,346753.99,29.67,6988.32,12.914,0,0,0,,,2,Fire,Minor,1.52,0,0,0,Completed
MINE-001,Jharkhand Coal Mine 1,Eastern,Jharkhand,Underground,Coal,2021,9,2021-09-01,145589.46,15973322.74,8622328.28,2764,583291.5,0.2496,233088.48,2689.88,3916182.83,3161286.72,754896.11,19.28,29735.75,89.364,0,1,0,,,1,Electrical,Minor,2.27,0,0,0,Completed
MINE-018,Telangana Iron Mine 18,Southern,Telangana,Mixed,Iron Ore,2019,4,2019-04-01,10965.8,4638464.7,4136560.83,910,191097.6,0.0574,11838.46,4085.9,448051.66,325285.03,122766.63,27.4,2736.67,6.596,0,2,1,Operational,Under Review,0,,,0.49,1,0,1,Overdue
MINE-025,Madhya Limestone Mine 25,Central,Madhya Pradesh,Open Cast,Limestone,2016,4,2016-04-01,14546.74,5333812.33,5276860.06,1234,227508.9,0.0639,18586.77,914.38,133012.89,122663.86,10349.03,7.78,2418.93,11.754,0,2,0,,,1,Haulage/Transport,Minor,2.41,0,0,0,Completed
MINE-021,Jharkhand Limestone Mine 21,Eastern,Jharkhand,Open Cast,Limestone,2021,12,2021-12-01,3756.78,1715441.24,1409836.5,326,59959.0,0.0627,4758.27,748.58,28122.61,22509.08,5613.52,19.96,1313.23,8.803,0,1,1,emergency preparedness,Open,0,,,1.62,1,0,1,Completed
MINE-002,West Iron Mine 2,Eastern,West Bengal,Open Cast,Iron Ore,2018,6,2018-06-01,80433.32,31788526.71,29364648.66,2046,447493.5,0.1797,66663.18,5203.08,4185012.67,3041102.69,1143909.98,27.33,15664.81,32.098,0,2,0,,,1,Machinery,Fatal,0.42,0,0,0,Completed
MINE-008,Telangana Iron Mine 8,Southern,Telangana,Open Cast,Iron Ore,2019,5,2019-05-01,16526.06,4242653.83,3708964.33,746,162809.2,0.1015,14899.29,7240.73,1196607.07,778182.28,418424.8,34.97,4496.03,9.132,0,1,0,,,1,Electrical,Minor,1.99,0,0,0,Completed
MINE-021,Jharkhand Limestone Mine 21,Eastern,Jharkhand,Open Cast,Limestone,2017,9,2017-09-01,4541.93,1715441.24,1615904.65,333,72580.4,0.0626,3859.24,930.56,42265.19,29356.53,12908.66,30.54,1744.43,9.242,0,0,0,,,0,,,2.43,0,0,0,Completed
MINE-020,Uttar Iron Mine 20,Northern,Uttar Pradesh,Open Cast,Iron Ore,2022,5,2022-05-01,20426.72,4723977.98,3297126.23,431,88309.9,0.2313,23306.53,4571.49,933804.71,616338.82,317465.89,34.0,3254.66,16.169,0,1,0,,,0,,,1.71,0,0,0,Completed
MINE-008,Telangana Iron Mine 8,Southern,Telangana,Open Cast,Iron Ore,2016,3,2016-03-01,11835.57,4242653.83,4207414.87,729,144561.1,0.0819,15364.34,5839.53,691141.31,425837.57,265303.74,38.39,3250.89,13.231,0,0,0,,,0,,,1.51,1,0,1,In Progress
MINE-006,Maharashtra Limestone Mine 6,Western,Maharashtra,open cast,Limestone,2016,2,2016-02-01,11873.02,4919591.78,4894682.43,678,124791.1,0.0951,9923.72,872.58,103601.92,86248.01,17353.91,16.75,3045.6,12.158,0,0,0,,,0,,,0.71,0,0,0,Completed
MINE-010,Uttar Coal Mine 10,Northern,Uttar Pradesh,Mixed,Coal,2019,12,2019-12-01,31674.33,3804225.22,2828263.85,838,172015.2,0.1841,34669.23,2761.87,874805.19,692585.83,182219.37,20.83,10667.21,19.757,0,1,2,Equipment,Open,0,,,2.72,2,1,1,Overdue
MINE-024,Chhattisgarh Bauxite Mine 24,Central,Chhattisgarh,Underground,Bauxite,2017,4,2017-04-01,30609.89,8763956.29,8360682.91,991,179194.8,0.1708,37829.79,2151.33,658519.11,511755.55,146763.56,22.29,9746.31,22.197,0,1,0,,,0,,,1.44,0,0,0,Completed
MINE-002,West Iron Mine 2,Eastern,West Bengal,Open Cast,Iron Ore,2020,10,2020-10-01,65303.02,31788526.71,27395085.64,2039,436369.1,0.1497,80347.78,5880.97,3840449.95,2893567.61,946882.34,24.66,12816.19,34.742,0,0,2,Documentation,Closed,0,,,3.06,2,0,2,Completed
MINE-003,Odisha Coal Mine 3,Eastern,Odisha,Underground,Coal,2018,9,2018-09-01,113148.96,24608205.58,21715860.04,1235,248569.9,0.4552,137809.42,2678.24,3030398.05,1858182.93,1172215.12,38.68,46125.25,68.299,0,2,2,Safety,Open,1,Gas/Explosion,Minor,1.06,2,1,1,Completed
MINE-013,Odisha Coal Mine 13,Eastern,Odisha,Open Cast,Coal,2018,12,2018-12-01,39576.18,11260157.97,10077614.23,561,121505.1,0.3257,42607.14,2533.39,1002617.36,682319.23,320298.13,31.95,17270.36,22.41,0,1,0,,,0,,,2.49,0,0,0,Completed
MINE-019,Andhra Coal Mine 19,Southern,Andhra Pradesh,Open Cast,Coal,2022,2,2022-02-01,34310.89,6903354.37,4855386.9,136,26284.3,1.3054,30168.19,2517.76,863865.97,489145.5,374720.47,43.38,6168.0,15.845,0,1,1,Documentation,Closed,0,,,2.41,1,0,1,In Progress
MINE-005,Madhya Coal Mine 5,Central,Madhya Pradesh,Open Cast,Coal,2017,3,2017-03-01,19076.4,6162270.35,5839343.94,1144,209497.3,0.0911,15563.01,2471.57,471486.98,374874.0,96612.98,20.49,5908.87,12.18,0,3,0,,,1,Slip/Fall,Minor,2.61,0,0,0,Completed
MINE-023,Odisha Copper Mine 23,Eastern,Odisha,Open Cast,Copper Ore,2024,11,2024-11-01,110364.97,20545143.55,12223536.51,1808,382091.8,0.2888,124148.53,6435.44,7102476.11,5212165.3,1890310.81,26.61,16663.87,46.929,0,3,1,Emergency Preparedness,Open,0,,,1.67,2,1,1,Pending
MINE-013,Odisha Coal Mine 13,Eastern,Odisha,Open Cast,Coal,2021,3,2021-03-01,50355.18,11260157.97,8848405.63,607,131244.7,0.3837,59282.37,2764.25,1391940.86,961033.97,430906.88,30.96,17832.33,34.521,0,1,0,,,3,Fire,Serious,2.45,2,1,1,Completed
MINE-020,Uttar Iron Mine 20,Northern,Uttar Pradesh,Open Cast,Iron Ore,2023,10,2023-10-01,20953.93,4723977.98,2940506.32,438,90950.6,0.2304,25320.47,5144.71,1078018.73,841616.91,236401.82,21.93,3640.24,16.782,0,3,0,,,2,Electrical,Minor,2.55,0,0,0,Completed
MINE-013,Odisha Coal Mine 13,Eastern,Odisha,Open Cast,Coal,2018,10,2018-10-01,36147.17,11260157.97,10158677.33,560,110114.7,0.3283,39784.7,2598.11,939141.55,581495.9,357645.65,38.08,6081.92,20.786,0,4,0,,,2,Slip/Fall,Minor,1.67,0,0,0,Completed
MINE-030,Uttar Iron Mine 30,Northern,Uttar Pradesh,Mixed,Iron Ore,2019,5,2019-05-01,26914.31,9769224.08,8611157.04,768,146050.4,0.1843,33577.86,5129.39,1380541.0,1143595.74,236945.26,17.16,9311.12,15.87,0,1,2,Equipment,Closed,0,,,1.61,2,1,1,Pending
MINE-020,Uttar Iron Mine 20,Northern,Uttar Pradesh,Open Cast,Iron Ore,2024,3,2024-03-01,20707.99,4723977.98,2824584.13,427,90263.7,0.2294,26641.8,4920.99,1019037.33,711340.22,307697.11,30.19,4871.99,14.003,0,2,1,SAFETY,Closed,0,,,2.7,1,0,1,In Progress
MINE-005,Madhya Coal Mine 5,Central,Madhya Pradesh,Open Cast,Coal,2016,3,2016-03-01,22117.6,6162270.35,6093707.45,1142,230111.8,0.0961,21400.56,2471.58,546653.62,414744.98,131908.64,24.13,7697.27,11.63,0,2,1,Safety,Open,2,Electrical,Moderate,3.17,1,0,1,Completed
MINE-020,Uttar Iron Mine 20,Northern,Uttar Pradesh,Open Cast,Iron Ore,2021,11,2021-11-01,18216.94,4723977.98,3423483.3,438,90024.8,0.2024,19957.94,4638.18,844935.51,484596.45,360339.07,42.65,3718.55,8.009,0,1,0,,,1,Gas/Explosion,Moderate,2.47,1,0,1,Overdue
MINE-006,Maharashtra Limestone Mine 6,Western,Maharashtra,Open Cast,Limestone,2019,2,2019-02-01,22589.56,4919591.78,4313603.67,753,161008.7,0.1403,25117.33,1057.14,238802.17,149927.99,88874.18,37.22,5286.14,14.332,0,2,1,safety,Under Review,0,,,0.73,1,0,1,Completed
MINE-025,Madhya Limestone Mine 25,Central,Madhya Pradesh,Open Cast,Limestone,2017,4,2017-04-01,12522.9,5333812.33,5116305.9,1211,221555.9,0.0565,13419.59,897.48,112390.91,102454.06,9936.85,8.84,1879.93,5.098,0,1,1,Safety,Under Review,0,,,0.49,1,0,1,Overdue
MINE-028,Telangana Coal Mine 28,Southern,Telangana,Open Cast,Coal,2021,11,2021-11-01,13380.02,10510635.28,8903582.72,939,182211.0,0.0734,13850.86,2230.27,298410.91,232552.08,65858.83,22.07,5696.6,12.909,0,2,0,,,0,,,1.89,0,0,0,Completed
MINE-023,Odisha Copper Mine 23,Eastern,Odisha,Open Cast,Copper Ore,2022,1,2022-01-01,95862.36,20545143.55,15661645.72,1720,356826.9,0.2687,120385.74,5775.39,5536429.01,3526094.24,2010334.77,36.31,42673.44,59.691,0,1,0,,,0,,,0.09,0,0,0,Completed
MINE-018,Telangana Iron Mine 18,Southern,Telangana,Mixed,Iron Ore,2017,1,2017-01-01,13079.03,4638464.7,4464680.4,1009,213277.8,0.0613,15938.47,4743.99,620468.19,372777.41,247690.78,39.92,3533.43,9.611,0,1,0,,,1,Haulage/Transport,Serious,2.18,1,0,1,Overdue
MINE-008,Telangana Iron Mine 8,Southern,Telangana,Open Cast,Iron Ore,2016,7,2016-07-01,11352.21,4242653.83,4159352.83,707,154880.9,0.0733,12128.57,6227.54,706963.76,560168.95,146794.81,20.76,4423.63,13.542,0,2,1,Environmental,Closed,0,,,1.71,2,0,2,In Progress
MINE-004,Chhattisgarh Coal Mine 4,Central,Chhattisgarh,Underground,Coal,2021,5,2021-05-01,7187.71,3455223.81,2816096.3,1344,273573.2,0.0263,11165.74,2536.03,182282.1,144301.71,37980.4,20.84,3068.48,10.159,0,3,0,,,0,,,2.47,0,0,0,Completed
MINE-003,Odisha Coal Mine 3,Eastern,Odisha,Underground,Coal,2017,8,2017-08-01,82377.14,24608205.58,23066596.13,1083,237802.5,0.3464,92593.6,2822.63,2325199.85,1641282.11,683917.74,29.41,47440.63,55.557,0,1,0,,,0,,,1.77,0,0,0,Completed
MINE-027,Gujarat Iron Mine 27,Western,Gujarat,Open Cast,Iron Ore,2018,8,2018-08-01,12493.63,6248149.8,5671957.3,731,134309.5,0.093,13513.31,6026.29,752902.8,571572.27,181330.52,24.08,5188.57,7.647,0,3,2,Safety,Closed,0,,,0.96,2,1,1,Completed
MINE-019,Andhra Coal Mine 19,Southern,Andhra Pradesh,Open Cast,Coal,2019,5,2019-05-01,29105.14,6903354.37,5898406.06,131,26903.2,1.0818,28186.81,2503.29,728585.23,522884.85,205700.39,28.23,11970.13,15.337,0,2,0,,,1,Haulage/Transport,Minor,0.5,1,0,1,Overdue
MINE-003,Odisha Coal Mine 3,Eastern,Odisha,Underground,Coal,2020,4,2020-04-01,157923.26,24608205.58,18935053.94,1319,289038.8,0.5464,219987.91,2711.78,4282534.69,2897692.76,1384841.93,32.34,52810.55,97.904,0,0,0,,,0,,,0.37,0,0,0,Completed
MINE-008,Telangana Iron Mine 8,Southern,Telangana,Open Cast,Iron Ore,2017,3,2017-03-01,10752.75,4242653.83,4060990.52,689,124956.2,0.0861,11453.46,5957.4,640584.45,537514.75,103069.69,16.09,2962.72,7.101,0,1,1,Environmental,Closed,1,Fire,Minor,1.75,1,0,1,Pending
MINE-021,Jharkhand Limestone Mine 21,Eastern,Jharkhand,Open Cast,Limestone,2016,6,2016-06-01,4970.98,1715441.24,1685969.14,360,68208.5,0.0729,4602.85,994.52,49437.65,41093.18,8344.47,16.88,1180.86,6.666,0,5,0,,,2,Gas/Explosion,Minor,2.11,0,0,0,Completed
MINE-005,Madhya Coal Mine 5,Central,Madhya Pradesh,Open Cast,Coal,2016,6,2016-06-01,23372.22,6162270.35,6025401.52,1135,213947.3,0.1092,27835.49,2408.18,562844.68,328901.62,233943.06,41.56,9882.72,20.335,0,5,2,Documentation,Under Review,1,Electrical,Moderate,3.2,3,2,1,In Progress
MINE-007,Gujarat Coal Mine 7,Western,Gujarat,Underground,Coal,2018,2,2018-02-01,11331.07,4595599.71,4294714.17,1574,341289.4,0.0332,19605.4,2610.07,295749.37,254902.75,40846.62,13.81,5789.3,8.88,0,1,0,,,0,,,1.16,0,0,0,Completed
MINE-003,Odisha Coal Mine 3,Eastern,Odisha,Underground,Coal,2018,10,2018-10-01,121612.55,24608205.58,21594247.49,1178,221377.8,0.5493,204870.73,2585.62,3144438.71,2579547.86,564890.85,17.96,36483.87,80.909,0,1,0,,,0,,,2.08,0,0,0,Completed
MINE-021,Jharkhand Limestone Mine 21,Eastern,Jharkhand,Open Cast,Limestone,2019,6,2019-06-01,4257.16,1715441.24,1524925.76,350,74810.9,0.0569,4439.42,737.92,31414.61,24039.34,7375.27,23.48,997.65,4.531,0,3,1,Documentation,Closed,1,Electrical,Minor,2.48,1,0,1,Completed
MINE-015,Madhya Iron Mine 15,Central,Madhya Pradesh,Open Cast,Iron Ore,2021,3,2021-03-01,71846.34,14086398.07,10614110.22,928,202838.5,0.3542,66977.45,5778.9,4151930.78,2865417.68,1286513.1,30.99,15931.06,34.104,0,1,0,,,0,,,1.54,0,0,0,Completed
MINE-020,Uttar Iron Mine 20,Northern,Uttar Pradesh,Open Cast,Iron Ore,2023,7,2023-07-01,18745.66,4723977.98,3004773.23,434,94371.9,0.1986,20521.36,5076.38,951601.47,721101.52,230499.95,24.22,4430.67,10.245,0,1,1,Documentation,Under Review,0,,,2.41,1,0,1,Overdue
MINE-020,Uttar Iron Mine 20,Northern,Uttar Pradesh,Open Cast,Iron Ore,2018,6,2018-06-01,19956.94,4723977.98,4208660.81,432,81960.1,0.2435,21018.62,5508.78,1099383.91,661719.4,437664.5,39.81,6904.79,16.814,0,1,0,,,0,,,0.97,1,0,1,Pending
MINE-027,Gujarat Iron Mine 27,Western,Gujarat,Open Cast,Iron Ore,2022,11,2022-11-01,6116.76,6248149.8,5165675.4,690,137445.0,0.0445,7929.89,5585.78,341668.38,232737.44,108930.94,31.88,2563.09,9.895,0,2,0,,,0,,,1.18,0,0,0,Completed
MINE-026,Maharashtra Copper Mine 26,Western,Maharashtra,Underground,Copper Ore,2024,5,2024-05-01,28584.04,3439638.4,1392772.96,550,119411.0,0.2394,31799.85,5938.21,1697381.04,1059033.54,638347.5,37.61,16778.39,22.529,0,2,0,,,0,,,1.37,0,0,0,Completed
MINE-028,Telangana Coal Mine 28,Southern,Telangana,Open Cast,Coal,2021,9,2021-09-01,13712.7,10510635.28,8930073.12,965,175089.5,0.0783,12791.88,2203.69,302185.58,251652.29,50533.29,16.72,3525.0,5.676,0,1,0,,,2,Gas/Explosion,Minor,2.7,0,0,0,Completed
MINE-005,Madhya Coal Mine 5,Central,Madhya Pradesh,Open Cast,Coal,2017,5,2017-05-01,20542.49,6162270.35,5801945.54,1099,240646.6,0.0854,25108.49,2516.64,516981.13,359387.62,157593.51,30.48,8111.37,14.015,0,4,2,Equipment,Closed,0,,,2.89,2,1,1,Completed
MINE-014,Chhattisgarh Bauxite Mine 14,Central,Chhattisgarh,Underground,Bauxite,2021,6,2021-06-01,8006.37,3172486.06,2508948.73,788,166355.0,0.0481,10807.21,2610.86,209035.37,141932.19,67103.18,32.1,4842.75,6.809,0,1,1,Operational,Open,0,,,1.07,1,0,1,Overdue
MINE-007,Gujarat Coal Mine 7,Western,Gujarat,Underground,Coal,2021,9,2021-09-01,12429.48,4595599.71,3796721.85,1552,315327.9,0.0394,17617.74,3018.99,375244.41,261159.35,114085.05,30.4,6075.59,10.986,0,0,0,,,1,Fire,Minor,1.84,1,0,1,In Progress
MINE-025,Madhya Limestone Mine 25,Central,Madhya Pradesh,Open Cast,Limestone,2017,11,2017-11-01,11955.16,5333812.33,5029444.17,1180,238214.6,0.0502,11816.28,938.92,112249.66,95183.36,17066.3,15.2,2527.13,9.258,0,2,1,Environmental,Closed,0,,,1.03,1,0,1,In Progress
MINE-027,Gujarat Iron Mine 27,Western,Gujarat,Open Cast,Iron Ore,2019,6,2019-06-01,13010.33,6248149.8,5538291.03,696,130120.5,0.1,14584.25,6205.81,807395.7,491148.88,316246.82,39.17,5760.57,9.172,0,0,0,,,1,Slip/Fall,Moderate,0.77,0,0,0,Completed
MINE-019,Andhra Coal Mine 19,Southern,Andhra Pradesh,OPEN CAST,Coal,2024,9,2024-09-01,42002.91,6903354.37,3656277.64,133,24667.1,1.7028,34674.95,2182.48,916707.01,758670.25,158036.77,17.24,11254.1,23.899,0,0,1,Equipment,Open,2,Fall of Roof/Rock,Minor,1.4,1,0,1,In Progress
MINE-018,Telangana Iron Mine 18,Southern,Telangana,Mixed,Iron Ore,2021,6,2021-06-01,10046.61,4638464.7,3864114.41,959,193987.7,0.0518,9420.89,3876.15,389422.12,338159.33,51262.8,13.16,4008.58,10.261,0,2,0,,,0,,,0.2,0,0,0,Completed
MINE-026,Maharashtra Copper Mine 26,Western,Maharashtra,Underground,Copper Ore,2017,12,2017-12-01,17544.02,3439638.4,3057346.64,496,104459.4,0.168,23136.18,7238.23,1269876.39,741864.73,528011.67,41.58,4815.81,9.502,0,2,0,,,0,,,0.29,0,0,0,Completed
MINE-011,Jharkhand Coal Mine 11,Eastern,Jharkhand,Underground,Coal,2023,5,2023-05-01,120851.57,4815796.69,0.0,690,132527.8,0.9119,159412.6,2193.48,2650858.59,1924988.9,725869.69,27.38,57543.99,79.985,0,1,0,,,1,Machinery,Serious,0.79,0,0,0,Completed
MINE-001,Jharkhand Coal Mine 1,Eastern,Jharkhand,Underground,Coal,2022,11,2022-11-01,197065.84,15973322.74,6031386.81,3027,560264.5,0.3517,237933.5,2578.63,5081589.15,3504265.37,1577323.78,31.04,100510.11,126.067,0,0,0,,,0,,,1.64,0,0,0,Completed
MINE-025,Madhya Limestone Mine 25,Central,Madhya Pradesh,Open Cast,Limestone,2020,3,2020-03-01,9751.2,5333812.33,4729470.99,1080,224967.7,0.0433,8453.33,839.75,81885.97,75397.56,6488.41,7.92,3884.6,5.239,0,2,0,,,0,,,0.33,0,0,0,Completed
MINE-014,Chhattisgarh Bauxite Mine 14,Central,Chhattisgarh,Underground,Bauxite,2020,9,2020-09-01,9192.34,3172486.06,2583695.33,799,164223.5,0.056,9946.23,2884.78,265178.57,182460.47,82718.1,31.19,2844.4,10.488,0,1,0,,,0,,,0.72,0,0,0,Completed
MINE-018,Telangana Iron Mine 18,Southern,Telangana,Mixed,Iron Ore,2020,10,2020-10-01,10591.12,4638464.7,3945264.98,955,194148.2,0.0546,9764.0,3932.66,416512.35,281235.74,135276.61,32.48,5390.42,8.956,0,0,1,Safety,Open,0,,,1.81,1,0,1,Completed
MINE-016,Maharashtra Iron Mine 16,Western,Maharashtra,Underground,Iron Ore,2020,1,2020-01-01,13571.46,3852023.09,3138490.14,475,92704.3,0.1464,17679.55,6688.57,907737.35,566572.52,341164.83,37.58,8156.15,9.614,0,0,1,Emergency Preparedness,Under Review,0,,,1.18,1,0,1,Pending
MINE-019,Andhra Coal Mine 19,Southern,Andhra Pradesh,Open Cast,Coal,2020,9,2020-09-01,28873.0,6903354.37,5431330.12,135,26447.9,1.0917,35913.12,2303.71,665148.85,505049.28,160099.56,24.07,7285.17,20.204,0,0,0,,,0,,,1.56,0,0,0,Completed
MINE-005,Madhya Coal Mine 5,Central,Madhya Pradesh,Open Cast,Coal,2019,8,2019-08-01,16076.37,6162270.35,5321305.53,1127,222795.0,0.0722,17072.59,2292.12,368489.93,247410.94,121078.99,32.86,5780.56,12.213,0,0,1,Safety,Closed,0,,,0.67,1,0,1,Pending
MINE-005,Madhya Coal Mine 5,Central,Madhya Pradesh,Open Cast,Coal,2023,2,2023-02-01,9475.71,6162270.35,4791120.0,1013,202285.6,0.0468,10234.59,2484.89,235460.87,175746.87,59714.01,25.36,2800.91,9.745,0,3,0,,,1,Haulage/Transport,Minor,2.38,0,0,0,Completed
MINE-004,Chhattisgarh Coal Mine 4,Central,Chhattisgarh,Underground,Coal,2022,9,2022-09-01,6347.34,3455223.81,2712767.08,1277,259668.5,0.0244,7950.71,2239.04,142119.2,124442.82,17676.38,12.44,2603.63,7.852,0,5,0,,,0,,,0.98,0,0,0,Completed
MINE-004,Chhattisgarh Coal Mine 4,Central,Chhattisgarh,Underground,Coal,2021,1,2021-01-01,7318.67,3455223.81,2844805.16,1296,245769.6,0.0298,11971.5,2593.69,189823.36,160819.93,29003.42,15.28,1754.33,7.993,0,1,1,Safety,Open,1,Electrical,Moderate,1.42,1,0,1,Overdue
MINE-028,Telangana Coal Mine 28,Southern,Telangana,Open Cast,Coal,2017,10,2017-10-01,26339.46,10510635.28,9857651.81,1029,223955.3,0.1176,31725.86,2576.74,678699.61,547279.5,131420.11,19.36,8532.9,20.036,0,4,1,Emergency Preparedness,Open,1,Haulage/Transport,Minor,1.85,1,0,1,Overdue
MINE-020,Uttar Iron Mine 20,Northern,Uttar Pradesh,Open Cast,Iron Ore,2024,5,2024-05-01,24413.31,4723977.98,2778919.46,455,96967.5,0.2518,29132.57,5023.8,1226474.82,874574.82,351900.0,28.69,6342.21,15.271,0,4,0,,,2,Slip/Fall,Moderate,1.04,1,0,1,Completed
MINE-016,Maharashtra Iron Mine 16,Western,Maharashtra,Underground,Iron Ore,2017,2,2017-02-01,14791.35,3852023.09,3635100.04,475,92267.9,0.1603,17563.76,6403.73,947197.96,702527.14,244670.83,25.83,6875.54,16.371,0,0,0,,,0,,,1.07,0,0,0,Completed
MINE-029,Andhra Copper Mine 29,Southern,Andhra Pradesh,Open Cast,Copper Ore,2023,6,2023-06-01,45932.99,11305197.36,7955175.44,279,51427.9,0.8932,52988.4,8114.42,3727197.47,2558590.07,1168607.4,31.35,16705.84,25.162,0,3,1,Operational,Under Review,0,,,2.38,1,0,1,Pending
MINE-007,Gujarat Coal Mine 7,Western,Gujarat,underground,Coal,2019,5,2019-05-01,10760.83,4595599.71,4123342.17,1494,315861.7,0.0341,12163.78,2579.14,277536.53,246312.58,31223.95,11.25,4173.75,11.717,0,1,1,Emergency Preparedness,Under Review,0,,,0.97,1,0,1,Completed
MINE-012,West Iron Mine 12,Eastern,West Bengal,Open Cast,Iron Ore,2020,5,2020-05-01,99662.88,17808314.68,13714521.31,1013,195838.9,0.5089,117997.87,5765.85,5746413.24,3416799.48,2329613.76,40.54,41143.38,61.419,0,1,2,Documentation,Under Review,1,Fire,Minor,2.02,2,1,1,Pending
MINE-001,Jharkhand Coal Mine 1,Eastern,Jharkhand,Underground,Coal,2021,3,2021-03-01,146728.88,15973322.74,9529371.5,2794,612599.8,0.2395,204918.39,2752.76,4039092.94,2821283.8,1217809.14,30.15,78572.8,105.947,0,2,1,Environmental,Closed,2,Gas/Explosion,Minor,3.13,1,0,1,Pending
MINE-008,Telangana Iron Mine 8,Southern,Telangana,Open Cast,Iron Ore,2024,1,2024-01-01,20977.11,4242653.83,2753601.34,817,159110.8,0.1318,22201.88,7278.92,1526908.12,1222590.91,304317.21,19.93,8723.61,14.048,0,1,0,,,1,Electrical,Moderate,2.79,0,0,0,Completed
MINE-028,Telangana Coal Mine 28,Southern,Telangana,Open Cast,Coal,2022,9,2022-09-01,12377.07,10510635.28,8777839.06,952,185019.8,0.0669,15405.83,2328.23,288166.51,247966.76,40199.75,13.95,4902.98,7.374,0,0,0,,,0,,,0.11,0,0,0,Completed
MINE-026,Maharashtra Copper Mine 26,Western,Maharashtra,Underground,Copper Ore,2016,1,2016-01-01,16272.96,3439638.4,3423365.44,490,105863.3,0.1537,17980.73,7459.83,1213935.54,896500.36,317435.18,26.15,6729.28,15.467,0,3,1,Emergency Preparedness,Under Review,1,Fall of Roof/Rock,Moderate,0.99,1,0,1,In Progress
MINE-012,West Iron Mine 12,Eastern,West Bengal,Open Cast,Iron Ore,2022,3,2022-03-01,120731.62,17808314.68,11045733.13,1006,196295.1,0.6151,151638.72,5800.05,7002493.71,4178576.87,2823916.84,40.33,35549.69,68.94,0,4,2,Operational,Closed,0,,,1.44,3,2,1,Overdue
MINE-003,Odisha Coal Mine 3,Eastern,Odisha,Underground,Coal,2016,8,2016-08-01,65274.89,24608205.58,24060460.76,1062,228433.1,0.2858,75872.92,2525.86,1648752.82,1067061.57,581691.25,35.28,21110.53,39.423,0,0,0,,,3,Haulage/Transport,Moderate,2.9,0,0,0,Completed
MINE-021,Jharkhand Limestone Mine 21,Eastern,Jharkhand,Open Cast,Limestone,2018,10,2018-10-01,4454.04,1715441.24,1558473.11,327,69361.5,0.0642,5269.11,814.42,36274.73,34690.39,1584.34,4.37,1537.73,7.25,0,2,0,,,0,,,0.66,1,0,1,Overdue
MINE-004,Chhattisgarh Coal Mine 4,Central,Chhattisgarh,Underground,Coal,2020,2,2020-02-01,8711.96,3455223.81,2929286.74,1438,290198.7,0.03,9758.0,2563.97,223372.06,187520.15,35851.91,16.05,4835.2,10.724,0,1,0,,,0,,,1.16,0,0,0,Completed
MINE-017,Gujarat Iron Mine 17,Western,Gujarat,Open Cast,Iron Ore,2024,1,2024-01-01,25526.12,13268212.21,10184326.55,436,88390.7,0.2888,24901.67,4821.56,1230758.08,1031136.04,199622.03,16.22,10637.85,18.515,0,1,0,,,1,Machinery,Minor,1.2,0,0,0,Completed
MINE-026,Maharashtra Copper Mine 26,Western,Maharashtra,Underground,Copper Ore,2021,7,2021-07-01,21722.88,3439638.4,2221992.97,544,98379.8,0.2208,23764.9,7116.72,1545955.78,906196.07,639759.72,41.38,4781.06,11.468,0,0,0,,,0,,,0.21,0,0,0,Completed
MINE-029,Andhra Copper Mine 29,Southern,Andhra Pradesh,Open Cast,Copper Ore,2024,5,2024-05-01,46127.63,11305197.36,7489816.26,293,60471.0,0.7628,37177.02,7836.77,3614914.38,2724471.39,890442.99,24.63,20392.92,23.966,0,2,0,,,1,Haulage/Transport,Moderate,2.36,0,0,0,Completed
MINE-027,Gujarat Iron Mine 27,Western,Gujarat,Open Cast,Iron Ore,2017,11,2017-11-01,16513.86,6248149.8,5808314.22,737,139564.3,0.1183,18490.48,5876.88,970499.45,672992.61,297506.84,30.66,6249.35,11.335,0,3,0,,,1,Electrical,Minor,1.57,0,0,0,Completed
MINE-028,Telangana Coal Mine 28,Southern,Telangana,Open Cast,Coal,2016,8,2016-08-01,26930.41,10510635.28,10254275.24,1006,216090.7,0.1246,26960.39,2274.76,612603.04,456790.07,155812.97,25.43,11185.05,16.688,0,2,0,,,2,Machinery,Moderate,1.47,1,0,1,Pending
MINE-001,Jharkhand Coal Mine 1,Eastern,Jharkhand,Underground,Coal,2016,10,2016-10-01,68634.81,15973322.74,15307815.08,2245,470069.0,0.146,83068.92,2674.22,1835445.89,1433756.65,401689.23,21.89,30897.69,40.806,0,1,1,Equipment,Closed,0,,,0.76,2,1,1,Completed
MINE-024,Chhattisgarh Bauxite Mine 24,Central,Chhattisgarh,Underground,Bauxite,2017,2,2017-02-01,25593.07,8763956.29,8415709.03,1017,191390.8,0.1337,27779.61,2211.06,565878.41,362263.11,203615.3,35.98,6771.67,16.08,0,0,1,Operational,Under Review,0,,,1.42,1,0,1,Overdue
MINE-019,Andhra Coal Mine 19,Southern,Andhra Pradesh,Open Cast,Coal,2016,1,2016-01-01,22435.08,6903354.37,6880919.29,123,25078.0,0.8946,23193.52,2490.05,558643.69,466539.7,92103.99,16.49,20963.29678542122,9.297,0,0,0,,,1,Machinery,Minor,1.89,2,1,1,In Progress
MINE-018,Telangana Iron Mine 18,Southern,Telangana,Mixed,Iron Ore,2016,3,2016-03-01,12610.98,4638464.7,4598318.17,968,175071.6,0.072,13276.25,5224.35,658841.93,456330.68,202511.25,30.74,6418.2,12.795,0,2,0,,,0,,,0.27,1,0,1,Completed
MINE-007,Gujarat Coal Mine 7,Western,Gujarat,Underground,Coal,2021,1,2021-01-01,12897.33,4595599.71,3889964.94,1531,276432.3,0.0467,21533.62,2984.39,384906.44,346116.57,38789.87,10.08,2957.74,12.438,0,2,0,,,0,,,2.49,0,0,0,Completed
MINE-003,Odisha Coal Mine 3,Eastern,Odisha,Underground,Coal,2019,4,2019-04-01,132532.84,24608205.58,20795554.14,1243,,0.5167,151004.67,2548.17,3377158.11,2088116.22,1289041.89,38.17,27037.87,61.418,0,2,2,Emergency Preparedness,Closed,1,Haulage/Transport,Minor,1.83,2,1,1,In Progress
MINE-015,Madhya Iron Mine 15,Central,Madhya Pradesh,Open Cast,Iron Ore,2024,10,2024-10-01,128981.57,14086398.07,6103356.21,1142,245873.0,0.5246,159488.54,6010.56,7752509.39,6452090.31,1300419.08,16.77,37245.16,70.264,0,1,0,,,1,Slip/Fall,Minor,1.28,0,0,0,Completed
MINE-004,Chhattisgarh Coal Mine 4,Central,Chhattisgarh,Underground,Coal,2021,6,2021-06-01,7489.71,3455223.81,2808606.59,1342,251529.9,0.0298,12978.4,2494.25,186811.83,125044.76,61767.07,33.06,3347.65,8.268,0,1,0,,,0,,,2.19,0,0,0,Completed
MINE-015,Madhya Iron Mine 15,Central,Madhya Pradesh,Open Cast,Iron Ore,2021,10,2021-10-01,79440.42,14086398.07,10048575.7,952,196719.6,0.4038,83759.03,5355.86,4254717.04,3145725.44,1108991.6,26.06,16126.45,37.418,0,1,2,Documentation,Under Review,0,,,2.14,2,1,1,Pending
MINE-009,Andhra Iron Mine 9,Southern,Andhra Pradesh,Underground,Iron Ore,2021,1,2021-01-01,34846.83,7961285.52,5896163.07,1163,252455.4,0.138,50932.63,5242.23,1826749.3,1507597.28,319152.02,17.47,8432.25,23.776,0,3,1,Emergency Preparedness,Closed,0,,,0.5,1,0,1,Completed
MINE-024,Chhattisgarh Bauxite Mine 24,Central,Chhattisgarh,Underground,Bauxite,2018,1,2018-01-01,31747.05,8763956.29,8094192.24,1058,215175.6,0.1475,35259.33,1912.45,607145.21,359732.16,247413.05,40.75,10956.52,21.599,0,1,0,,,1,Haulage/Transport,Minor,2.23,0,0,0,Completed
MINE-019,Andhra Coal Mine 19,Southern,Andhra Pradesh,Open Cast,Coal,2023,9,2023-09-01,34805.4,6903354.37,4163735.79,138,29788.2,1.1684,44394.75,2326.02,809581.14,641673.53,167907.6,20.74,6787.15,18.865,0,2,0,,,2,Slip/Fall,Moderate,2.93,0,0,0,Completed
MINE-025,Madhya Limestone Mine 25,Central,Madhya Pradesh,Open Cast,Limestone,2018,4,2018-04-01,11678.21,5333812.33,4968648.39,1199,222531.4,0.0525,10027.84,889.89,103923.61,71134.85,32788.76,31.55,2297.18,5.465,0,0,0,,,0,,,1.04,1,0,1,Completed
MINE-012,West Iron Mine 12,Eastern,West Bengal,Open Cast,Iron Ore,2019,1,2019-01-01,89448.14,17808314.68,15220879.67,957,186721.8,0.479,103115.16,5520.07,4937598.56,3039681.36,1897917.2,38.44,29436.36,50.933,0,2,0,,,1,Fire,Minor,1.27,0,0,0,Completed
MINE-024,Chhattisgarh Bauxite Mine 24,Central,Chhattisgarh,Underground,Bauxite,2021,6,2021-06-01,59033.27,8763956.29,6349093.85,1230,261503.3,0.2257,96042.01,1588.13,937527.63,741312.23,196215.4,20.93,23734.63,45.972,0,0,0,,,1,Machinery,Minor,2.72,0,0,0,Completed
MINE-019,Andhra Coal Mine 19,Southern,Andhra Pradesh,Open Cast,Coal,2016,3,2016-03-01,17836.96,6903354.37,6842446.47,115,24309.4,0.7337,20743.07,2494.08,444867.44,290764.68,154102.76,34.64,5810.08,12.144,0,1,2,Documentation,Closed,0,,,2.76,2,1,1,Completed
MINE-007,Gujarat Coal Mine 7,Western,Gujarat,Underground,Coal,2023,8,2023-08-01,10006.86,4595599.71,3533097.11,1539,336384.1,0.0297,15047.68,2963.67,296569.92,256413.22,40156.7,13.54,2648.6,7.531,0,0,0,,,0,,,2.28,0,0,0,Completed
MINE-001,Jharkhand Coal Mine 1,Eastern,Jharkhand,Underground,Coal,2019,5,2019-05-01,107442.19,15973322.74,12436013.4,2636,556528.3,0.1931,178453.47,2589.78,2782520.67,2111352.6,671168.07,24.12,33730.05,71.51,0,1,1,Safety,Under Review,2,Fire,Minor,2.66,1,0,1,In Progress
MINE-009,Andhra Iron Mine 9,Southern,Andhra Pradesh,Underground,Iron Ore,2016,5,2016-05-01,35889.12,7961285.52,7787644.56,1103,230436.8,0.1557,48794.25,5069.38,1819356.32,1378085.16,441271.16,24.25,11198.25,20.396,0,2,0,,,1,Machinery,Serious,1.67,0,0,0,Completed
MINE-005,Madhya Coal Mine 5,Central,Madhya Pradesh,Open Cast,Coal,2024,12,2024-12-01,8130.21,6162270.35,4591244.03,1021,207695.2,0.0391,7112.01,2434.79,197953.59,173040.49,24913.1,12.59,3034.54,7.529,0,2,0,,,2,Fire,Minor,0.88,0,0,0,Completed
MINE-026,Maharashtra Copper Mine 26,Western,Maharashtra,Underground,Copper Ore,2020,7,2020-07-01,17077.74,3439638.4,2481570.7,478,100215.4,0.1704,21531.2,7286.44,1244359.69,896042.98,348316.71,27.99,4863.54,10.131,0,1,0,,,2,Slip/Fall,Minor,1.54,1,0,1,Completed
MINE-013,Odisha Coal Mine 13,Eastern,Odisha,Open Cast,Coal,2022,4,2022-04-01,61138.04,11260157.97,8151503.89,636,137074.7,0.446,78199.93,2972.71,1817457.18,1168651.6,648805.57,35.7,26966.71,42.141,0,2,0,,,1,Fire,Moderate,0.78,0,0,0,Completed
MINE-011,Jharkhand Coal Mine 11,Eastern,Jharkhand,Underground,Coal,2021,6,2021-06-01,77660.19,4815796.69,2065260.74,531,109538.0,0.709,129177.94,2145.08,1665874.92,1053006.56,612868.36,36.79,19038.76,52.372,0,6,0,,,0,,,0.41,0,0,0,Completed
MINE-010,Uttar Coal Mine 10,Northern,Uttar Pradesh,Mixed,Coal,2020,12,2020-12-01,37169.25,3804225.22,2435151.79,821,175513.2,0.2118,34998.99,3262.38,1212601.99,1032245.91,180356.08,14.87,19033.18,26.592,0,0,0,,,0,,,1.13,0,0,0,Completed
MINE-004,Chhattisgarh Coal Mine 4,Central,Chhattisgarh,Underground,Coal,2020,1,2020-01-01,8473.64,3455223.81,2937998.7,1357,245435.3,0.0345,14568.45,2618.29,221864.33,199779.69,22084.64,9.95,2856.12,9.817,0,1,0,,,1,Haulage/Transport,Minor,2.24,1,0,1,Pending
MINE-007,Gujarat Coal Mine 7,Western,Gujarat,Underground,Coal,2017,8,2017-08-01,10567.66,4595599.71,4365663.18,1567,289853.0,0.0365,16078.28,2982.59,315189.87,224178.07,91011.8,28.88,2637.82,13.588,0,0,0,,,0,,,2.06,0,0,0,Completed
MINE-004,Chhattisgarh Coal Mine 4,Central,Chhattisgarh,Underground,Coal,2018,10,2018-10-01,9788.7,3455223.81,3069385.59,1334,243710.8,0.0402,13233.22,2296.16,224764.43,157723.94,67040.49,29.83,4594.14,10.48,0,1,0,,,2,Fire,Serious,2.56,0,0,0,Completed
MINE-009,Andhra Iron Mine 9,Southern,Andhra Pradesh,Underground,Iron Ore,2024,8,2024-08-01,33329.33,7961285.52,4409380.61,1157,226904.0,0.1469,51285.22,4972.46,1657286.76,1363408.64,293878.12,17.73,17612.31,28.4,0,0,1,Safety,Closed,0,,,1.62,1,0,1,Overdue
MINE-013,Odisha Coal Mine 13,Eastern,Odisha,Open Cast,Coal,2020,10,2020-10-01,52705.1,11260157.97,9109381.58,607,109958.8,0.4793,63726.06,2809.78,1480896.65,859273.97,621622.67,41.98,15058.77,29.046,0,1,0,,,0,,,0.32,0,0,0,Completed
MINE-010,Uttar Coal Mine 10,Northern,Uttar Pradesh,Mixed,Coal,2021,4,2021-04-01,41434.83,3804225.22,2277562.14,905,187679.9,0.2208,56135.38,3290.62,1363461.1,858470.87,504990.23,37.04,7729.68,21.512,0,2,0,,,1,Machinery,Minor,1.86,0,0,0,Completed
MINE-005,Madhya Coal Mine 5,Central,Madhya Pradesh,Open Cast,Coal,2019,3,2019-03-01,14637.08,6162270.35,5403364.12,1048,211389.5,0.0692,15563.57,2492.66,364852.26,254042.16,110810.1,30.37,3295.97,12.725,0,2,0,,,0,,,1.47,2,1,1,Completed
MINE-013,Odisha Coal Mine 13,Eastern,Odisha,Open Cast,Coal,2024,5,2024-05-01,75166.51,11260157.97,6438987.15,749,144199.1,0.5213,87275.61,2760.51,2074976.9,1356108.65,718868.25,34.64,21002.91,42.597,0,0,1,Documentation,Under Review,0,,,2.15,1,0,1,Overdue
MINE-027,Gujarat Iron Mine 27,Western,Gujarat,Open Cast,Iron Ore,2020,1,2020-01-01,11921.56,6248149.8,5458149.08,729,136629.7,0.0873,10844.92,6368.13,759179.83,628864.87,130314.96,17.17,2416.91,11.923,0,1,0,,,1,Machinery,Serious,2.8,1,0,1,Pending
MINE-015,Madhya Iron Mine 15,Central,Madhya Pradesh,Open Cast,Iron Ore,2019,2,2019-02-01,55822.25,14086398.07,12321938.31,899,178799.6,0.3122,54333.39,5856.54,3269252.9,2452631.93,816620.97,24.98,10414.64,23.346,0,3,1,Documentation,Closed,2,Slip/Fall,Serious,1.48,1,0,1,In Progress
MINE-012,West Iron Mine 12,Eastern,West Bengal,Open Cast,Iron Ore,2021,9,2021-09-01,127854.39,17808314.68,11844785.29,1144,222239.3,0.5753,144453.43,5574.0,7126609.97,4178625.79,2947984.19,41.37,23257.6,55.281,0,2,0,,,0,,,1.88,0,0,0,Completed
MINE-020,Uttar Iron Mine 20,Northern,Uttar Pradesh,Open Cast,Iron Ore,2019,7,2019-07-01,19513.84,4723977.98,3968977.81,442,90210.4,0.2163,16609.51,5411.4,1055971.37,712160.29,343811.08,32.56,5560.33,8.58,0,0,0,,,0,,,1.99,0,0,0,Completed
MINE-015,Madhya Iron Mine 15,Central,Madhya Pradesh,Open Cast,Iron Ore,2019,8,2019-08-01,58627.29,14086398.07,11954618.23,914,196595.8,0.2982,55921.15,6144.17,3602161.81,2994259.59,607902.22,16.88,25871.83,33.688,0,1,0,,,1,Slip/Fall,Minor,0.55,2,1,1,Completed
MINE-027,Gujarat Iron Mine 27,Western,Gujarat,Open Cast,Iron Ore,2017,2,2017-02-01,18821.1,6248149.8,5958905.52,783,145965.5,0.1289,22846.22,5934.71,1116977.78,798850.53,318127.26,28.48,7480.16,18.536,0,2,0,,,0,,,2.06,0,0,0,Completed
MINE-012,West Iron Mine 12,Eastern,West Bengal,Open Cast,Iron Ore,2021,3,2021-03-01,100939.05,17808314.68,12602030.14,952,180740.6,0.5585,91293.82,5683.1,5736464.37,4518506.84,1217957.53,21.23,21081.83,41.223,0,1,1,Environmental,Open,0,,,0.85,1,0,1,In Progress
MINE-016,Maharashtra Iron Mine 16,Western,Maharashtra,Underground,Iron Ore,2022,8,2022-08-01,9736.96,3852023.09,2751060.75,434,94164.5,0.1034,16003.24,7442.59,724682.39,506012.29,218670.1,30.17,3794.79,11.689,0,3,0,,,1,Machinery,Serious,1.98,0,0,0,Completed
MINE-012,West Iron Mine 12,Eastern,West Bengal,Open Cast,Iron Ore,2021,5,2021-05-01,128413.09,17808314.68,12352879.95,1099,226444.6,0.5671,161836.34,5636.8,7238395.18,4135287.16,3103108.02,42.87,28967.51,65.074,0,2,0,,,1,Slip/Fall,Moderate,1.54,0,0,0,Completed
MINE-029,Andhra Copper Mine 29,Southern,Andhra Pradesh,Open Cast,Copper Ore,2016,9,2016-09-01,30229.81,11305197.36,11020580.22,264,48754.6,0.62,37566.66,8533.35,2579614.4,1450196.17,1129418.23,43.78,10576.47,19.847,0,2,0,,,0,,,1.58,0,0,0,Completed
MINE-001,Jharkhand Coal Mine 1,Eastern,Jharkhand,Underground,Coal,2022,8,2022-08-01,196470.44,15973322.74,6605594.67,3181,690655.0,0.2845,277411.05,2647.79,5202134.35,3842544.87,1359589.48,26.14,45502.43,110.1,0,2,0,,,2,Haulage/Transport,Minor,0.8,0,0,0,Completed
MINE-011,Jharkhand Coal Mine 11,Eastern,Jharkhand,Underground,Coal,2023,9,2023-09-01,115969.02,4815796.69,0.0,655,129592.6,0.8949,142894.39,2243.1,2601304.78,1719631.77,881673.01,33.89,48299.59,70.312,0,4,0,,,2,Fire,Moderate,1.53,0,0,0,Completed
MINE-008,Telangana Iron Mine 8,Southern,Telangana,Open Cast,Iron Ore,2020,11,2020-11-01,16480.49,4242653.83,3438587.25,764,157417.6,0.1047,15503.89,7248.09,1194520.41,891483.05,303037.36,25.37,4194.22,13.154,0,1,0,,,1,Machinery,Moderate,1.54,0,0,0,Completed
MINE-018,Telangana Iron Mine 18,Southern,Telangana,Mixed,Iron Ore,2017,5,2017-05-01,13159.78,4638464.7,4414781.05,979,198825.2,0.0662,15917.28,4528.2,595901.57,511806.04,84095.53,14.11,5956.87,10.714,0,0,0,,,1,Gas/Explosion,Minor,0.56,1,0,1,In Progress
MINE-021,Jharkhand Limestone Mine 21,Eastern,Jharkhand,Open-Cast,Limestone,2021,1,2021-01-01,3829.84,1715441.24,1450839.38,328,59271.4,0.0646,4030.26,690.93,26461.5,25438.68,1022.82,3.87,578.45,8.795,0,3,0,,,1,Haulage/Transport,Serious,1.38,1,0,1,In Progress
MINE-027,Gujarat Iron Mine 27,Western,Gujarat,Open Cast,Iron Ore,2020,10,2020-10-01,9544.53,6248149.8,5365661.92,726,135729.3,0.0703,10383.94,5923.82,565400.88,358801.38,206599.5,36.54,3629.41,5.362,0,1,0,,,0,,,1.77,0,0,0,Completed
MINE-020,Uttar Iron Mine 20,Northern,Uttar Pradesh,Open Cast,Iron Ore,2020,6,2020-06-01,20337.21,4723977.98,3758823.73,445,90146.3,0.2256,24124.91,5408.22,1099881.81,692246.31,407635.5,37.06,6018.07,14.845,0,2,0,,,0,,,1.97,0,0,0,Completed
MINE-002,West Iron Mine 2,Eastern,West Bengal,Open Cast,Iron Ore,2018,2,2018-02-01,75825.52,31788526.71,29663605.76,2011,391880.5,0.1935,62391.6,5266.36,3993247.67,2737264.03,1255983.63,31.45,16955.11,28.87,0,1,0,,,1,Gas/Explosion,Minor,2.44,0,0,0,Completed
MINE-011,Jharkhand Coal Mine 11,Eastern,Jharkhand,Underground,Coal,2021,1,2021-01-01,63404.76,4815796.69,2415455.77,502,104504.7,0.6067,80697.97,2211.45,1402162.07,1047881.79,354280.28,25.27,38302.71,46.219,0,3,0,,,0,,,2.01,0,0,0,Completed
MINE-009,Andhra Iron Mine 9,Southern,Andhra Pradesh,Underground,Iron Ore,2021,10,2021-10-01,32370.07,7961285.52,5589658.84,1155,212639.3,0.1522,52965.55,5273.67,1707091.02,1107316.33,599774.69,35.13,6728.82,22.096,0,2,0,,,0,,,1.92,0,0,0,Completed
MINE-009,Andhra Iron Mine 9,Southern,Andhra Pradesh,Underground,Iron Ore,2021,5,2021-05-01,36693.85,7961285.52,5756100.83,1182,223715.9,0.164,41030.82,5162.22,1894216.7,1132096.47,762120.23,40.23,17871.53,26.781,0,1,0,,,0,,,1.28,0,0,0,Completed
MINE-008,Telangana Iron Mine 8,Southern,Telangana,Open Cast,Iron Ore,2021,8,2021-08-01,15132.04,4242653.83,3290350.2,725,136279.1,0.111,15201.62,7859.25,1189265.04,971713.65,217551.4,18.29,3053.4,13.637,0,1,0,,,2,Slip/Fall,Minor,1.42,0,0,0,Completed
MINE-015,Madhya Iron Mine 15,Central,Madhya Pradesh,Open Cast,Iron Ore,2017,8,2017-08-01,43016.62,14086398.07,13277113.52,883,175203.7,0.2455,52483.45,5402.11,2323805.77,1553924.82,769880.95,33.13,15139.65,27.017,0,1,0,,,0,,,0.64,0,0,0,Completed
MINE-012,West Iron Mine 12,Eastern,West Bengal,Open Cast,Iron Ore,2018,3,2018-03-01,73064.98,17808314.68,16024178.07,943,179261.3,0.4076,70724.11,5672.04,4144276.04,2293092.0,1851184.03,44.67,15291.78,33.641,0,0,0,,,2,Slip/Fall,Moderate,1.32,0,0,0,Completed
MINE-005,Madhya Coal Mine 5,Central,Madhya Pradesh,Open Cast,Coal,2022,1,2022-01-01,11352.32,6162270.35,4928435.03,1081,231795.3,0.049,9141.5,2511.49,285112.81,250210.87,34901.93,12.24,3236.93,6.86,0,0,0,,,0,,,0.32,0,0,0,Completed
MINE-030,Uttar Iron Mine 30,Northern,Uttar Pradesh,Mixed,Iron Ore,2024,6,2024-06-01,26504.64,9769224.08,7080585.06,736,148621.9,0.1783,34210.1,4785.25,1268314.0,994956.43,273357.57,21.55,11570.67,21.022,0,1,2,Safety,Under Review,0,,,2.6,2,1,1,In Progress
MINE-023,Odisha Copper Mine 23,Eastern,Odisha,Open Cast,Copper Ore,2017,8,2017-08-01,59373.52,20545143.55,19492280.42,1592,319843.0,0.1856,54025.84,7647.16,4540388.63,3085891.3,1454497.33,32.03,14425.2,30.511,0,2,0,,,1,Slip/Fall,Minor,1.88,1,0,1,Overdue
MINE-019,Andhra Coal Mine 19,Southern,Andhra Pradesh,Open Cast,Coal,2020,5,2020-05-01,30845.41,6903354.37,5551341.6,141,30961.9,0.9962,34592.0,2398.52,739832.59,551104.55,188728.04,25.51,8241.3,17.973,0,1,0,,,2,Fall of Roof/Rock,Moderate,2.82,0,0,0,Completed
MINE-023,Odisha Copper Mine 23,Eastern,Odisha,Open Cast,Copper Ore,2020,11,2020-11-01,78218.33,20545143.55,16814222.16,1698,356623.7,0.2193,64171.51,5893.83,4610057.66,3611701.35,998356.32,21.66,24349.0,32.108,0,2,0,,,1,Fall of Roof/Rock,Minor,2.77,0,0,0,Completed
MINE-019,Andhra Coal Mine 19,Southern,Andhra Pradesh,Open Cast,Coal,2017,3,2017-03-01,24918.55,6903354.37,6559913.8,123,23892.9,1.0429,23062.28,2649.93,660323.95,399802.59,260521.36,39.45,4206.79,14.331,0,0,0,,,1,Machinery,Minor,0.68,0,0,0,Completed
MINE-013,Odisha Coal Mine 13,Eastern,Odisha,Open Cast,Coal,2023,5,2023-05-01,69885.89,11260157.97,7303757.08,667,127058.8,0.55,82664.89,2669.96,1865925.02,1174488.94,691436.08,37.06,18359.68,40.364,0,2,0,,,0,,,1.74,1,0,1,Pending
MINE-009,Andhra Iron Mine 9,Southern,Andhra Pradesh,Underground,Iron Ore,2018,7,2018-07-01,33218.88,7961285.52,6900532.32,1128,214413.0,0.1549,48472.14,5558.91,1846607.39,1456741.14,389866.24,21.11,13582.5,23.427,0,2,0,,,0,,,2.41,0,0,0,Completed
MINE-008,Telangana Iron Mine 8,Southern,Telangana,Open Cast,Iron Ore,2022,1,2022-01-01,18317.09,4242653.83,3203763.1,735,145044.6,0.1263,18647.58,7648.85,1401047.09,1153658.26,247388.83,17.66,7749.74,10.573,0,1,0,,,1,Haulage/Transport,Minor,0.68,1,0,1,Overdue
MINE-030,Uttar Iron Mine 30,Northern,Uttar Pradesh,Mixed,Iron Ore,2020,3,2020-03-01,24200.46,9769224.08,8343536.69,784,149180.9,0.1622,25855.33,5382.33,1302548.06,900461.64,402086.42,30.87,9893.96,16.726,0,1,2,Environmental,Open,0,,,2.97,3,1,2,Overdue
MINE-024,Chhattisgarh Bauxite Mine 24,Central,Chhattisgarh,Underground,Bauxite,2019,4,2019-04-01,36926.53,8763956.29,7568875.95,1048,205506.4,0.1797,52564.23,1661.36,613482.63,456552.93,156929.69,25.58,11088.54,29.262,0,3,0,,,0,,,0.17,1,0,1,Pending
MINE-016,Maharashtra Iron Mine 16,Western,Maharashtra,Underground,Iron Ore,2021,4,2021-04-01,12157.19,3852023.09,2943258.96,443,90502.5,0.1343,16713.08,7582.21,921783.13,755163.94,166619.19,18.08,7286.69,9.121,0,3,0,,,0,,,0.33,0,0,0,Completed
MINE-027,Gujarat Iron Mine 27,Western,Gujarat,Open Cast,Iron Ore,2021,7,2021-07-01,8375.32,6248149.8,5282168.37,727,155392.7,0.0539,9772.01,5419.21,453876.64,390683.35,63193.29,13.92,1907.39,11.75,0,1,0,,,2,Slip/Fall,Moderate,0.89,0,0,0,Completed
MINE-026,Maharashtra Copper Mine 26,Western,Maharashtra,Underground,Copper Ore,2023,6,2023-06-01,29226.35,3439638.4,1671960.12,550,112253.3,0.2604,49208.51,6275.72,1834164.44,1018002.4,816162.04,44.5,15968.38,30.228,0,2,1,Environmental,Closed,4,Machinery,Serious,2.39,1,0,1,Pending
MINE-026,Maharashtra Copper Mine 26,Western,Maharashtra,Underground,Copper Ore,2019,4,2019-04-01,18955.23,3439638.4,2766393.75,521,111695.1,0.1697,23141.76,6696.22,1269284.08,976960.71,292323.37,23.03,7042.36,14.072,0,4,0,,,2,Fire,Moderate,2.03,0,0,0,Completed
MINE-007,Gujarat Coal Mine 7,Western,Gujarat,Underground,Coal,2016,5,2016-05-01,12062.39,4595599.71,4536350.48,1588,293941.5,0.041,20632.91,2417.26,291580.03,227989.98,63590.04,21.81,5210.84,12.087,0,1,0,,,1,Electrical,Moderate,0.51,0,0,0,Completed
MINE-002,West Iron Mine 2,Eastern,West Bengal,Open Cast,Iron Ore,2021,5,2021-05-01,66237.08,31788526.71,26921902.45,2063,437282.3,0.1515,69491.95,6172.97,4088797.21,3036587.34,1052209.87,25.73,24065.31,36.912,0,1,3,Equipment,Under Review,0,,,2.8,3,1,2,Overdue
MINE-001,Jharkhand Coal Mine 1,Eastern,Jharkhand,Underground,Coal,2019,3,2019-03-01,111817.05,15973322.74,12658952.01,2556,475653.9,0.2351,168484.91,2650.89,2964142.67,2476187.47,487955.2,16.46,55528.68,81.999,0,2,1,Equipment,Open,2,Slip/Fall,Serious,2.97,2,1,1,Pending
MINE-029,Andhra Copper Mine 29,Southern,Andhra Pradesh,Open Cast,Copper Ore,2023,8,2023-08-01,41907.67,11305197.36,7872393.51,276,57663.3,0.7268,39534.16,8383.3,3513243.73,2863185.9,650057.83,18.5,8606.78,19.943,0,1,1,Safety,Closed,0,,,1.77,1,0,1,Overdue
MINE-007,Gujarat Coal Mine 7,Western,Gujarat,Underground,Coal,2021,6,2021-06-01,12341.63,4595599.71,3831015.18,1627,346263.1,0.0356,19172.88,2944.95,363454.88,277951.86,85503.02,23.53,5106.47,14.144,0,2,0,,,0,,,1.19,0,0,0,Completed
MINE-001,Jharkhand Coal Mine 1,Eastern,Jharkhand,Underground,Coal,2023,7,2023-07-01,222225.15,15973322.74,4332026.72,3261,630845.1,0.3523,388152.23,2384.28,5298461.3,3678755.72,1619705.58,30.57,74152.09,157.36,0,2,0,,,1,Electrical,Minor,1.46,1,0,1,In Progress
MINE-030,Uttar Iron Mine 30,Northern,Uttar Pradesh,Mixed,Iron Ore,2023,5,2023-05-01,25027.55,9769224.08,7388242.84,731,144704.6,0.173,28312.01,5049.62,1263796.56,708492.85,555303.71,43.94,9153.79,20.56,0,1,0,,,0,,,0.65,0,0,0,Completed
MINE-012,West Iron Mine 12,Eastern,West Bengal,Open-Cast,Iron Ore,2017,6,2017-06-01,70659.43,17808314.68,16668869.7,991,213551.4,0.3309,57138.62,5318.89,3758298.78,2481414.75,1276884.03,33.98,25986.27,33.241,0,3,1,Environmental,Under Review,0,,,0.41,1,0,1,Overdue
MINE-025,Madhya Limestone Mine 25,Central,Madhya Pradesh,Open Cast,Limestone,2024,10,2024-10-01,5393.61,5333812.33,4331549.65,1106,205461.7,0.0263,6054.98,698.12,37653.82,38826.55,-1172.73,-3.11,1109.79,9.844,0,2,0,,,0,,,1.34,0,0,0,Completed
MINE-027,Gujarat Iron Mine 27,Western,Gujarat,Open Cast,Iron Ore,2016,10,2016-10-01,20751.89,6248149.8,6039409.08,780,152962.8,0.1357,19432.6,5910.16,1226470.54,952143.79,274326.74,22.37,3194.53,12.464,0,2,0,,,2,Slip/Fall,Serious,2.24,0,0,0,Completed
MINE-017,Gujarat Iron Mine 17,Western,Gujarat,Open Cast,Iron Ore,2024,4,2024-04-01,26594.72,13268212.21,10102607.14,432,84051.4,0.3164,31812.21,4754.24,1264375.63,892151.31,372224.32,29.44,8738.8,21.819,0,0,0,,,1,Slip/Fall,Serious,1.0,0,0,0,Completed
MINE-011,Jharkhand Coal Mine 11,Eastern,Jharkhand,Underground,Coal,2022,4,2022-04-01,86771.75,4815796.69,1255889.12,582,124400.6,0.6975,119743.38,2129.58,1847873.05,1185387.89,662485.16,35.85,21854.92,52.437,0,0,0,,,0,,,1.2,0,0,0,Completed
MINE-013,Odisha Coal Mine 13,Eastern,Odisha,Open Cast,Coal,2018,5,2018-05-01,39522.74,11260157.97,10353281.59,577,118756.2,0.3328,46782.3,2608.57,1030978.0,654168.43,376809.57,36.55,15143.01,28.399,0,2,0,,,0,,,2.26,0,0,0,Completed
MINE-003,Odisha Coal Mine 3,Eastern,Odisha,Underground,Coal,2016,1,2016-01-01,62567.99,24608205.58,24545637.59,1073,218410.0,0.2865,73765.82,2419.42,1513783.47,971034.42,542749.06,35.85,25645.18,36.277,0,1,1,Documentation,Under Review,1,Haulage/Transport,Minor,2.81,2,0,2,Completed
MINE-005,Madhya Coal Mine 5,Central,Madhya Pradesh,Open Cast,Coal,2022,7,2022-07-01,11022.54,6162270.35,4861476.17,1040,214781.3,0.0513,12716.61,2546.95,280738.9,229107.38,51631.52,18.39,1898.15,5.27,0,1,1,Documentation,Open,1,Gas/Explosion,Minor,1.6,1,0,1,Overdue
MINE-016,Maharashtra Iron Mine 16,Western,Maharashtra,Underground,Iron Ore,2021,1,2021-01-01,13461.44,3852023.09,2980197.64,457,88738.0,0.1517,18731.02,7534.63,1014268.88,860535.33,153733.55,15.16,5131.83,13.857,0,1,0,,,0,,,2.1,0,0,0,Completed
MINE-005,Madhya Coal Mine 5,Central,Madhya Pradesh,Open Cast,Coal,2021,8,2021-08-01,12003.43,6162270.35,4988511.59,1076,195257.6,0.0615,11426.07,2547.33,305767.24,220462.16,85305.08,27.9,2452.56,7.205,0,2,0,,,1,Slip/Fall,Moderate,1.06,0,0,0,Completed
MINE-027,Gujarat Iron Mine 27,Western,Gujarat,Open Cast,Iron Ore,2017,8,2017-08-01,16082.27,6248149.8,5854678.1,753,146574.6,0.1097,20271.53,6055.04,973787.79,789456.86,184330.92,18.93,4802.72,15.475,0,0,0,,,0,,,0.66,0,0,0,Completed
MINE-018,Telangana Iron Mine 18,Southern,Telangana,Mixed,Iron Ore,2017,9,2017-09-01,13044.79,4638464.7,4364400.86,953,183803.8,0.071,19131.92,4585.68,598193.07,468124.95,130068.12,21.74,5797.25,15.259,0,1,0,,,0,,,1.95,1,0,1,Pending
MINE-013,Odisha Coal Mine 13,Eastern,Odisha,Open Cast,Coal,2023,9,2023-09-01,62040.94,11260157.97,7046843.42,678,138786.7,0.447,60431.69,2736.77,1697917.3,1255709.62,442207.68,26.04,16650.3,29.635,0,0,0,,,0,,,2.08,0,0,0,Completed
MINE-015,Madhya Iron Mine 15,Central,Madhya Pradesh,Open Cast,Iron Ore,2016,8,2016-08-01,35828.03,14086398.07,13785336.27,827,179740.4,0.1993,46466.27,5229.82,1873741.98,1507307.67,366434.32,19.56,10232.04,24.178,0,0,1,Safety,Open,2,Machinery,Moderate,1.73,1,0,1,Completed
MINE-023,Odisha Copper Mine 23,Eastern,Odisha,Open Cast,Copper Ore,2016,11,2016-11-01,49709.8,20545143.55,20000168.58,1445,298151.6,0.1667,41614.3,7661.21,3808371.27,2820897.96,987473.31,25.93,14529.09,22.181,0,3,0,,,0,,,0.67,1,0,1,Pending
MINE-028,Telangana Coal Mine 28,Southern,Telangana,Open Cast,Coal,2020,1,2020-01-01,19275.03,10510635.28,9250248.68,965,184837.7,0.1043,24784.19,2395.96,461822.55,337940.9,123881.64,26.82,4375.0,16.466,0,0,1,Documentation,Open,0,,,2.76,2,0,2,In Progress
MINE-020,Uttar Iron Mine 20,Northern,Uttar Pradesh,Open Cast,Iron Ore,2018,1,2018-01-01,18062.51,4723977.98,4298408.92,400,82654.6,0.2185,23159.69,5216.46,942222.76,559046.34,383176.42,40.67,7068.01,12.652,0,0,0,,,0,,,1.8,0,0,0,Completed
MINE-015,Madhya Iron Mine 15,Central,Madhya Pradesh,Open Cast,Iron Ore,2018,5,2018-05-01,54772.85,14086398.07,12831584.62,929,183264.4,0.2989,49896.37,5565.52,3048394.42,2301589.73,746804.69,24.5,12871.46,23.144,0,1,1,Documentation,Open,2,Slip/Fall,Moderate,2.35,1,0,1,Overdue
MINE-012,West Iron Mine 12,Eastern,West Bengal,Open Cast,Iron Ore,2018,6,2018-06-01,82244.75,17808314.68,15795614.97,917,174382.7,0.4716,106006.33,5692.91,4682121.26,2952753.71,1729367.56,36.94,26652.81,52.015,0,2,1,Emergency Preparedness,Under Review,3,Fire,Minor,1.59,1,0,1,Completed
MINE-014,Chhattisgarh Bauxite Mine 14,Central,Chhattisgarh,Underground,Bauxite,2017,1,2017-01-01,12048.09,3172486.06,3014500.57,832,154235.4,0.0781,15401.42,2100.34,253051.01,206145.62,46905.39,18.54,3184.32,13.644,0,1,0,,,0,,,1.47,0,0,0,Completed
MINE-021,Jharkhand Limestone Mine 21,Eastern,Jharkhand,Open Cast,Limestone,2020,10,2020-10-01,3771.87,1715441.24,1462161.87,328,60148.2,0.0627,3398.1,690.32,26038.16,17878.43,8159.72,31.34,1689.06,6.775,0,2,0,,,2,Fall of Roof/Rock,Minor,2.79,0,0,0,Completed
MINE-026,Maharashtra Copper Mine 26,Western,Maharashtra,Underground,Copper Ore,2019,11,2019-11-01,18710.73,3439638.4,2638403.5,485,100111.6,0.1869,30329.33,7812.87,1461845.44,1035960.36,425885.08,29.13,5923.34,16.915,0,2,0,,,0,,,1.3,0,0,0,Completed
MINE-016,Maharashtra Iron Mine 16,Western,Maharashtra,Underground,Iron Ore,2020,9,2020-09-01,11438.7,3852023.09,3033835.94,435,93461.5,0.1224,18110.95,6896.03,788816.11,643767.51,145048.6,18.39,4820.3,11.712,0,1,0,,,1,Fire,Minor,1.88,0,0,0,Completed
MINE-012,West Iron Mine 12,Eastern,West Bengal,Open Cast,Iron Ore,2016,10,2016-10-01,61987.81,17808314.68,17218039.19,928,181511.5,0.3415,72294.26,4932.38,3057472.78,1941392.48,1116080.3,36.5,23788.01,40.513,0,2,1,EMERGENCY PREPAREDNESS,Closed,0,,,2.1,1,0,1,Pending
MINE-015,Madhya Iron Mine 15,Central,Madhya Pradesh,Open Cast,Iron Ore,2018,7,2018-07-01,51011.72,14086398.07,12721583.12,845,183300.8,0.2783,51009.83,5699.88,2907606.0,1948705.4,958900.6,32.98,8022.29,21.315,0,0,0,,,0,,,2.15,0,0,0,Completed
MINE-024,Chhattisgarh Bauxite Mine 24,Central,Chhattisgarh,Underground,Bauxite,2020,8,2020-08-01,46095.65,8763956.29,6872523.19,1092,237036.7,0.1945,75234.72,1732.69,798696.98,664604.34,134092.64,16.79,19977.01,40.357,0,0,0,,,0,,,0.44,0,0,0,Completed
MINE-009,Andhra Iron Mine 9,Southern,Andhra Pradesh,Underground,Iron Ore,2023,6,2023-06-01,39973.6,7961285.52,4888589.64,1158,220862.4,0.181,65055.96,5117.91,2045812.21,1607324.99,438487.22,21.43,14830.55,32.369,0,2,0,,,1,Machinery,Moderate,0.98,1,0,1,Completed
MINE-025,Madhya Limestone Mine 25,Central,Madhya Pradesh,Open Cast,Limestone,2019,8,2019-08-01,9309.2,5333812.33,4796152.81,1140,211143.9,0.0441,10780.66,862.54,80295.53,70167.49,10128.04,12.61,2087.62,9.148,0,0,0,,,0,,,1.61,0,0,0,Completed
MINE-007,Gujarat Coal Mine 7,Western,Gujarat,Underground,Coal,2024,7,2024-07-01,10320.64,4595599.71,3406636.5,1490,284536.8,0.0363,16345.22,3054.07,315199.29,226450.17,88749.12,28.16,4667.99,11.296,0,4,0,,,2,Slip/Fall,Minor,1.71,1,0,1,Completed
MINE-003,Odisha Coal Mine 3,Eastern,Odisha,Underground,Coal,2017,7,2017-07-01,95345.95,24608205.58,23148973.27,1045,226108.8,0.4217,150981.5,2773.76,2644666.04,1503187.1,1141478.94,43.16,43957.12,68.948,0,0,1,Equipment,Open,3,Slip/Fall,Minor,2.41,1,0,1,Completed
MINE-007,Gujarat Coal Mine 7,Western,Gujarat,Underground,Coal,2023,1,2023-01-01,10657.83,4595599.71,3612572.03,1465,266547.4,0.04,16124.26,3181.47,339075.72,243074.3,96001.41,28.31,2381.83,11.473,0,1,1,Operational,Under Review,1,Machinery,Minor,2.49,1,0,1,Overdue
MINE-030,Uttar Iron Mine 30,Northern,Uttar Pradesh,Mixed,Iron Ore,2016,9,2016-09-01,25704.25,9769224.08,9519329.17,733,135569.7,0.1896,36019.43,5143.86,1322189.74,925412.49,396777.25,30.01,12549.57,18.872,0,2,0,,,0,,,2.47,0,0,0,Completed
MINE-011,Jharkhand Coal Mine 11,Eastern,Jharkhand,Underground,Coal,2022,5,2022-05-01,96473.21,4815796.69,1159415.91,606,109438.7,0.8815,168846.66,2115.99,2041361.21,1523929.5,517431.71,25.35,53452.19,78.534,0,2,0,,,0,,,0.23,0,0,0,Completed
MINE-026,Maharashtra Copper Mine 26,Western,Maharashtra,Underground,Copper Ore,2024,10,2024-10-01,27068.95,3439638.4,1259992.27,526,109263.2,0.2477,45343.05,6271.36,1697590.61,1158166.46,539424.15,31.78,10642.36,23.682,0,2,0,,,1,Gas/Explosion,Minor,0.51,0,0,0,Completed
MINE-023,Odisha Copper Mine 23,Eastern,Odisha,Open Cast,Copper Ore,2021,10,2021-10-01,82861.06,20545143.55,15937824.65,1646,312543.3,0.2651,72256.84,5547.51,4596726.78,3712030.06,884696.71,19.25,29010.07,38.969,0,1,0,,,2,Machinery,Serious,1.78,0,0,0,Completed
MINE-012,West Iron Mine 12,Eastern,West Bengal,Open Cast,Iron Ore,2017,10,2017-10-01,65609.1,17808314.68,16400442.0,897,193110.5,0.3397,84371.01,5363.38,3518866.09,2427503.75,1091362.35,31.01,13889.89,38.109,0,1,1,Equipment,Open,1,Machinery,Minor,1.5,1,0,1,Completed
MINE-010,Uttar Coal Mine 10,Northern,Uttar Pradesh,MIXED,Coal,2023,10,2023-10-01,68122.26,3804225.22,671006.96,1157,244070.5,0.2791,74693.27,3729.51,2540625.74,2162728.72,377897.02,14.87,15224.31,31.158,0,1,0,,,2,Gas/Explosion,Minor,2.35,0,0,0,Completed
MINE-020,Uttar Iron Mine 20,Northern,Uttar Pradesh,Open Cast,Iron Ore,2024,9,2024-09-01,21053.26,4723977.98,2686306.54,448,90154.8,0.2335,17376.17,4929.6,1037840.74,743497.49,294343.25,28.36,8196.27,12.771,0,1,0,,,0,,,0.25,1,0,1,In Progress
MINE-010,Uttar Coal Mine 10,Northern,Uttar Pradesh,Mixed,Coal,2023,7,2023-07-01,65770.16,3804225.22,865341.99,1095,220379.1,0.2984,85797.35,3775.32,2483034.33,1858828.42,624205.9,25.14,18160.72,39.547,0,3,0,,,1,Fall of Roof/Rock,Minor,2.74,0,0,0,Completed
MINE-025,Madhya Limestone Mine 25,Central,Madhya Pradesh,Open Cast,Limestone,2018,1,2018-01-01,12021.08,5333812.33,5003691.88,1183,257455.7,0.0467,10976.94,947.87,113944.01,110066.71,3877.3,3.4,5221.92,13.454,0,0,0,,,0,,,1.71,0,0,0,Completed
MINE-011,Jharkhand Coal Mine 11,Eastern,Jharkhand,Underground,Coal,2023,4,2023-04-01,112959.7,4815796.69,63998.42,638,134000.9,0.843,126857.19,2219.87,2507555.44,1779101.45,728453.99,29.05,55540.16,70.222,0,2,1,Environmental,Under Review,0,,,1.77,1,0,1,In Progress
MINE-014,Chhattisgarh Bauxite Mine 14,Central,Chhattisgarh,Underground,Bauxite,2023,5,2023-05-01,7077.42,3172486.06,2341498.72,778,146418.9,0.0483,10989.7,2558.68,181088.32,131177.29,49911.03,27.56,2301.1,9.803,0,3,1,Equipment,Open,0,,,0.91,1,0,1,Completed
MINE-025,Madhya Limestone Mine 25,Central,Madhya Pradesh,Open Cast,Limestone,2024,11,2024-11-01,5390.68,5333812.33,4326158.97,1149,208660.7,0.0258,6179.73,691.03,37251.41,40927.55,-3676.14,-9.87,2404.65,7.605,0,2,0,,,0,,,0.46,2,1,1,Pending
MINE-009,Andhra Iron Mine 9,Southern,Andhra Pradesh,Underground,Iron Ore,2017,9,2017-09-01,30685.75,7961285.52,7250249.91,1102,239984.1,0.1279,42029.08,5705.38,1750737.18,1116709.12,634028.06,36.21,9501.85,20.506,0,1,2,Operational,Under Review,3,Electrical,Serious,3.07,3,1,2,Completed
MINE-002,West Iron Mine 2,Eastern,West Bengal,Open Cast,Iron Ore,2018,12,2018-12-01,83497.32,31788526.71,28931746.68,1997,385513.9,0.2166,76595.11,5361.28,4476528.32,3481617.96,994910.36,22.23,26820.94,38.902,0,0,0,,,1,Slip/Fall,Minor,2.37,0,0,0,Completed
MINE-030,Uttar Iron Mine 30,Northern,Uttar Pradesh,Mixed,Iron Ore,2022,4,2022-04-01,24691.89,9769224.08,7713920.28,716,152730.9,0.1617,35204.22,5166.84,1275791.05,879297.96,396493.09,31.08,12572.63,21.362,0,3,1,Emergency Preparedness,Open,0,,,1.34,1,0,1,Completed
MINE-008,Telangana Iron Mine 8,Southern,Telangana,Open Cast,Iron Ore,2023,11,2023-11-01,21723.62,4242653.83,2796977.25,811,177795.5,0.1222,26162.78,7256.8,1576440.1,1073089.73,503350.37,31.93,5618.49,14.623,0,2,0,,,0,,,2.09,1,0,1,Completed
MINE-007,Gujarat Coal Mine 7,Western,Gujarat,Underground,Coal,2021,10,2021-10-01,11847.57,4595599.71,3784874.28,1571,340905.3,0.0348,17025.93,3109.45,368393.82,251860.15,116533.67,31.63,7156.42,15.59,0,1,0,,,0,,,1.74,1,0,1,Pending
MINE-029,Andhra Copper Mine 29,Southern,Andhra Pradesh,Open Cast,Copper Ore,2022,1,2022-01-01,41276.2,11305197.36,8684263.28,282,57551.8,0.7172,42850.76,8004.31,3303874.07,2017354.47,1286519.6,38.94,12250.53,19.845,0,2,2,Documentation,Under Review,0,,,2.27,2,1,1,In Progress
MINE-024,Chhattisgarh Bauxite Mine 24,Central,Chhattisgarh,Underground,Bauxite,2017,7,2017-07-01,27709.23,8763956.29,8272514.49,1027,194826.2,0.1422,35982.75,2039.5,565130.22,473756.84,91373.38,16.17,9635.3,20.406,0,1,0,,,0,,,2.2,1,0,1,Completed
MINE-003,Odisha Coal Mine 3,Eastern,Odisha,Underground,Coal,2020,1,2020-01-01,153467.94,24608205.58,19450793.38,1245,262238.9,0.5852,242668.75,2694.19,4134725.3,2486669.08,1648056.22,39.86,79284.51,118.003,0,2,0,,,2,Haulage/Transport,Moderate,2.67,0,0,0,Completed
MINE-001,Jharkhand Coal Mine 1,Eastern,Jharkhand,Underground,Coal,2022,4,2022-04-01,155964.25,15973322.74,7394397.37,2847,566682.1,0.2752,215766.29,2708.39,4224119.95,2619132.47,1604987.48,38.0,82857.52,108.955,0,1,3,Documentation,Open,0,,,1.13,3,1,2,Completed
MINE-024,Chhattisgarh Bauxite Mine 24,Central,Chhattisgarh,Underground,Bauxite,2016,9,2016-09-01,23902.55,8763956.29,8553038.82,941,194482.9,0.1229,41848.51,2239.38,535269.7,309230.13,226039.57,42.23,6063.04,23.264,0,0,0,,,0,,,1.79,0,0,0,Completed
MINE-004,Chhattisgarh Coal Mine 4,Central,Chhattisgarh,underground,Coal,2021,12,2021-12-01,7070.31,3455223.81,2769226.33,1326,271243.7,0.0261,11867.85,2413.04,170609.25,153609.79,16999.46,9.96,2462.57,6.842,0,0,1,Equipment,Open,2,Machinery,Moderate,2.38,2,0,2,Pending
MINE-026,Maharashtra Copper Mine 26,Western,Maharashtra,Underground,Copper Ore,2022,5,2022-05-01,22015.8,3439638.4,1995206.38,511,101524.6,0.2169,31338.01,6869.9,1512463.22,868569.99,643893.23,42.57,11250.44,21.299,0,4,2,Documentation,Under Review,1,Fire,Minor,2.0,2,1,1,Pending
MINE-021,Jharkhand Limestone Mine 21,Eastern,Jharkhand,Open Cast,Limestone,2021,5,2021-05-01,3709.51,1715441.24,1435887.6,315,65824.7,0.0564,4040.82,692.83,25700.41,19130.11,6570.31,25.56,693.17,3.745,0,0,0,,,1,Fire,Minor,1.64,1,0,1,In Progress
MINE-029,Andhra Copper Mine 29,Southern,Andhra Pradesh,Open Cast,Copper Ore,2018,4,2018-04-01,33066.42,11305197.36,10387903.59,265,52674.5,0.6277,26829.32,8325.24,2752859.83,1756546.43,996313.4,36.19,10178.49,15.266,0,1,1,Equipment,Closed,0,,,0.35,1,0,1,In Progress
MINE-004,Chhattisgarh Coal Mine 4,Central,Chhattisgarh,Underground,Coal,2022,1,2022-01-01,6913.73,3455223.81,2762312.6,1356,244845.3,0.0282,11106.57,2401.7,166046.89,153058.63,12988.25,7.82,3928.75,8.848,0,5,2,Equipment,Closed,2,Slip/Fall,Moderate,1.54,2,0,2,Pending
MINE-013,Odisha Coal Mine 13,Eastern,Odisha,Open Cast,Coal,2021,10,2021-10-01,50540.03,11260157.97,8491581.63,608,127277.0,0.3971,58863.33,2901.75,1466544.01,1158934.64,307609.37,20.98,11725.3,25.359,0,2,1,Environmental,Closed,1,Haulage/Transport,Minor,2.97,1,0,1,Pending
MINE-026,Maharashtra Copper Mine 26,Western,Maharashtra,Underground,Copper Ore,2018,3,2018-03-01,16667.75,3439638.4,3004262.03,473,91583.5,0.182,27108.91,7111.27,1185288.82,781947.44,403341.38,34.03,5790.13,13.766,0,3,0,,,0,,,2.44,0,0,0,Completed
MINE-018,Telangana Iron Mine 18,Southern,Telangana,Mixed,Iron Ore,2021,8,2021-08-01,9210.59,4638464.7,3846011.82,913,199752.5,0.0461,11077.54,3705.6,341307.64,255726.13,85581.51,25.07,2573.62,12.345,0,0,0,,,2,Gas/Explosion,Minor,2.43,0,0,0,Completed
MINE-006,Maharashtra Limestone Mine 6,Western,Maharashtra,Open Cast,Limestone,2020,8,2020-08-01,24208.19,4919591.78,3903129.01,764,160862.6,0.1505,140091.7782455545,1257.39,304391.08,244715.72,59675.37,19.6,8522.77,,0,1,2,Operational,Under Review,1,Slip/Fall,Moderate,2.61,2,0,2,Overdue
MINE-020,Uttar Iron Mine 20,Northern,Uttar Pradesh,Open Cast,Iron Ore,2020,10,2020-10-01,17901.22,4723977.98,3685332.54,447,95133.2,0.1882,17399.01,5303.23,949343.26,742938.16,206405.1,21.74,3648.6,10.044,0,5,0,,,2,Haulage/Transport,Moderate,0.86,0,0,0,Completed
MINE-013,Odisha Coal Mine 13,Eastern,Odisha,Open Cast,Coal,2016,1,2016-01-01,28701.11,11260157.97,11231456.86,535,108665.1,0.2641,35362.84,2327.83,668113.08,525585.77,142527.31,21.33,11107.51,22.651,0,1,1,DOCUMENTATION,Closed,1,Gas/Explosion,Minor,3.12,1,0,1,Pending
MINE-017,Gujarat Iron Mine 17,Western,Gujarat,Open Cast,Iron Ore,2023,10,2023-10-01,27957.21,13268212.21,10266988.51,441,86568.3,0.3229,27277.6,5130.75,1434415.63,831586.3,602829.33,42.03,10697.21,16.649,0,1,1,Operational,Under Review,0,,,2.25,2,1,1,In Progress
MINE-009,Andhra Iron Mine 9,Southern,Andhra Pradesh,Underground,Iron Ore,2016,9,2016-09-01,30028.35,7961285.52,7659943.6,1156,209001.0,0.1437,38076.38,5132.39,1541171.46,1110717.38,430454.09,27.93,15693.53,25.874,0,0,1,Environmental,Closed,2,Haulage/Transport,Minor,1.82,1,0,1,Completed
MINE-030,Uttar Iron Mine 30,Northern,Uttar Pradesh,Mixed,Iron Ore,2019,6,2019-06-01,30340.31,9769224.08,8580816.73,802,158854.7,0.191,35978.4,5278.92,1601640.68,905452.33,696188.35,43.47,11217.61,21.57,0,3,0,,,0,,,2.25,1,0,1,In Progress
MINE-022,West Copper Mine 22,Eastern,West Bengal,Open Cast,Copper Ore,2020,11,2020-11-01,95132.39,11657228.78,7703021.31,2267,434625.8,0.2189,98609.83,8676.23,8253903.75,4884517.33,3369386.42,40.82,22977.54,46.109,0,1,0,,,0,,,0.9,1,0,1,Overdue
MINE-015,Madhya Iron Mine 15,Central,Madhya Pradesh,Open Cast,Iron Ore,2019,1,2019-01-01,283066.69584482344,14086398.07,12377760.56,903,195008.8,0.2961,53589.75,5817.52,3359311.21,2168462.47,1190848.75,35.45,15410.24,29.5,0,2,0,,,1,Fall of Roof/Rock,Minor,2.42,0,0,0,Completed
MINE-001,Jharkhand Coal Mine 1,Eastern,Jharkhand,Underground,Coal,2019,1,2019-01-01,111788.27,15973322.74,12866477.4,2598,489226.0,0.2285,139835.9,2677.24,2992838.76,1790321.55,1202517.21,40.18,37194.29,65.413,0,1,0,,,0,,,2.47,0,0,0,Completed
MINE-026,Maharashtra Copper Mine 26,Western,Maharashtra,Underground,Copper Ore,2016,11,2016-11-01,15531.97,3439638.4,3267523.41,469,93649.8,0.1659,17848.69,7575.19,1176576.0,682757.67,493818.32,41.97,9149.36,9.989,0,1,0,,,2,Fire,Minor,1.52,1,0,1,Completed
MINE-026,Maharashtra Copper Mine 26,Western,Maharashtra,Underground,Copper Ore,2020,9,2020-09-01,20634.78,3439638.4,2442443.75,496,90569.5,0.2278,31049.78,7096.84,1464417.12,1089881.03,374536.09,25.58,10619.75,22.405,0,1,0,,,1,Haulage/Transport,Moderate,0.44,0,0,0,Completed
MINE-020,Uttar Iron Mine 20,Northern,Uttar Pradesh,Open Cast,Iron Ore,2023,8,2023-08-01,19797.88,4723977.98,2984975.35,439,94820.2,0.2088,17076.71,5041.0,998010.78,849348.04,148662.74,14.9,6022.43,14.38,0,2,0,,,0,,,0.06,1,0,1,Overdue
MINE-026,Maharashtra Copper Mine 26,Western,Maharashtra,Underground,Copper Ore,2023,4,2023-04-01,24419.55,3439638.4,1727179.21,518,104630.8,0.2334,30093.14,6521.75,1592582.09,1133057.77,459524.32,28.85,13216.41,22.233,0,1,0,,,0,,,0.46,0,0,0,Completed
MINE-010,Uttar Coal Mine 10,Northern,Uttar Pradesh,Mixed,Coal,2016,6,2016-06-01,14416.38,3804225.22,3721700.95,625,127948.9,0.1127,15752.32,2305.02,332300.38,213718.1,118582.28,35.69,4797.3,12.413,0,2,0,,,0,,,0.03,1,0,1,Overdue
MINE-015,Madhya Iron Mine 15,Central,Madhya Pradesh,Open Cast,Iron Ore,2020,12,2020-12-01,77678.84,14086398.07,10848115.99,1007,197562.7,0.3932,89873.05,6000.11,4660819.71,2761757.05,1899062.66,40.75,31273.36,48.205,0,0,0,,,0,,,0.14,0,0,0,Completed
MINE-011,Jharkhand Coal Mine 11,Eastern,Jharkhand,Underground,Coal,2019,7,2019-07-01,43904.27,4815796.69,3440060.91,438,82235.8,0.5339,49223.79,2550.6,1119823.0,862445.54,257377.46,22.98,9701.3,27.13,0,1,0,,,0,,,1.42,1,0,1,Completed
MINE-021,Jharkhand Limestone Mine 21,Eastern,Jharkhand,Open Cast,Limestone,2022,8,2022-08-01,2809.53,1715441.24,1381581.5,308,57818.2,0.0486,2389.11,719.53,20215.45,17868.44,2347.01,11.61,586.5,2.99,0,1,1,Equipment,Open,1,Fire,Minor,2.5,1,0,1,Completed
MINE-024,Chhattisgarh Bauxite Mine 24,Central,Chhattisgarh,Underground,Bauxite,2017,9,2017-09-01,28778.05,8763956.29,8216695.03,997,208514.2,0.138,37481.27,1999.66,575463.14,476984.04,98479.11,17.11,9256.02,22.049,0,0,0,,,1,Machinery,Minor,2.24,1,0,1,In Progress
MINE-018,Telangana Iron Mine 18,Southern,Telangana,Mixed,Iron Ore,2020,9,2020-09-01,10552.46,4638464.7,3955856.1,935,173373.7,0.0609,11986.43,3899.4,411482.57,342880.48,68602.09,16.67,4363.92,6.958,0,2,0,,,0,,,2.17,0,0,0,Completed
MINE-007,Gujarat Coal Mine 7,Western,Gujarat,Underground,Coal,2018,4,2018-04-01,10631.8,4595599.71,4273167.14,1529,336215.4,0.0316,13205.12,2613.52,277864.61,229168.75,48695.86,17.53,6317.59,11.663,0,4,0,,,0,,,1.09,0,0,0,Completed
MINE-007,Gujarat Coal Mine 7,Western,Gujarat,Underground,Coal,2022,9,2022-09-01,11468.25,4595599.71,3658284.96,1536,306136.8,0.0375,19777.47,3219.83,369257.76,291353.61,77904.15,21.1,5207.5,12.776,0,3,0,,,1,Haulage/Transport,Serious,0.89,0,0,0,Completed
MINE-004,Chhattisgarh Coal Mine 4,Central,Chhattisgarh,Underground,Coal,2023,5,2023-05-01,5767.24,3455223.81,2665056.04,1275,253164.4,0.0228,9157.42,2156.27,124357.21,110359.81,13997.39,11.26,2033.81,11.527,0,2,0,,,0,,,1.37,1,0,1,Overdue
MINE-015,Madhya Iron Mine 15,Central,Madhya Pradesh,Open Cast,Iron Ore,2016,5,2016-05-01,39481.47,14086398.07,13901026.25,851,176013.6,0.2243,45472.22,5621.26,2219357.66,1421350.49,798007.17,35.96,8119.91,20.602,0,0,0,,,1,Slip/Fall,Minor,2.65,0,0,0,Completed
MINE-016,Maharashtra Iron Mine 16,Western,Maharashtra,Underground,Iron Ore,2018,6,2018-06-01,16987.42,3852023.09,3398471.78,473,103110.2,0.1648,25270.1,5931.86,1007669.55,836558.05,171111.5,16.98,7674.9,15.603,0,0,0,,,1,Haulage/Transport,Minor,2.47,0,0,0,Completed
MINE-008,Telangana Iron Mine 8,Southern,Telangana,Open Cast,Iron Ore,2021,10,2021-10-01,16861.57,4242653.83,3255670.36,735,155582.9,0.1084,14142.31,7797.4,1314764.57,760536.25,554228.32,42.15,6286.68,12.878,0,1,2,Operational,Closed,0,,,0.67,2,1,1,In Progress
MINE-006,Maharashtra Limestone Mine 6,Western,Maharashtra,Open Cast,Limestone,2022,5,2022-05-01,35016.28,4919591.78,3270611.26,893,166006.5,0.2109,30041.9,1152.19,403453.15,246081.65,157371.49,39.01,9271.42,15.64,0,0,0,,,0,,,1.34,0,0,0,Completed
MINE-002,West Iron Mine 2,Eastern,West Bengal,Open Cast,Iron Ore,2016,7,2016-07-01,80514.14,31788526.71,31203952.81,2169,399594.9,0.2015,78030.5,5259.88,4234947.75,2845333.23,1389614.52,32.81,31465.85,40.029,0,2,0,,,2,Slip/Fall,Minor,2.85,0,0,0,Completed
MINE-004,Chhattisgarh Coal Mine 4,Central,Chhattisgarh,Underground,Coal,2023,10,2023-10-01,5379.67,3455223.81,2638519.37,1264,267753.4,0.0201,7639.44,2268.74,122050.74,106161.09,15889.65,13.02,3120.89,10.455,0,0,0,,,3,Fire,Moderate,1.94,0,0,0,Completed
MINE-016,Maharashtra Iron Mine 16,Western,Maharashtra,Underground,Iron Ore,2016,6,2016-06-01,15552.98,3852023.09,3759668.44,463,87450.9,0.1778,24206.8,5622.79,874511.37,680490.6,194020.77,22.19,6973.15,15.533,0,2,1,Safety,Closed,0,,,2.11,1,0,1,Overdue
MINE-025,Madhya Limestone Mine 25,Central,Madhya Pradesh,Open Cast,Limestone,2021,1,2021-01-01,8701.35,5333812.33,4642835.45,1218,259088.2,0.0336,8633.67,769.89,66990.74,66384.25,606.48,0.91,1879.24,10.932,0,2,0,,,1,Slip/Fall,Minor,1.64,0,0,0,Completed
MINE-030,Uttar Iron Mine 30,Northern,Uttar Pradesh,Mixed,Iron Ore,2021,12,2021-12-01,24500.56,9769224.08,7812594.13,745,151697.6,0.1615,25179.19,5229.08,1281154.16,1001388.43,279765.73,21.84,4261.08,12.8,0,2,0,,,1,Fall of Roof/Rock,Moderate,0.42,0,0,0,Completed
MINE-001,Jharkhand Coal Mine 1,Eastern,Jharkhand,Underground,Coal,2023,6,2023-06-01,241223.32,15973322.74,4554251.88,3371,716041.2,0.3369,322042.89,2388.78,5762285.74,4222742.24,1539543.5,26.72,99173.91,148.958,0,1,1,Environmental,Open,2,Electrical,Moderate,3.42,2,1,1,Overdue
MINE-020,Uttar Iron Mine 20,Northern,Uttar Pradesh,Open Cast,Iron Ore,2018,7,2018-07-01,18944.26,4723977.98,4189716.55,431,85916.2,0.2205,16170.15,5644.49,1069306.55,679785.43,389521.12,36.43,6355.71,10.475,0,1,1,Documentation,Closed,1,Fire,Minor,1.91,2,1,1,In Progress
MINE-007,Gujarat Coal Mine 7,Western,Gujarat,Underground,Coal,2024,10,2024-10-01,12168.84,4595599.71,3372055.06,1572,323816.5,0.0376,17111.63,2937.92,357510.52,303956.47,53554.06,14.98,2750.06,11.923,0,1,0,,,1,Machinery,Minor,0.42,1,0,1,Completed
MINE-024,Chhattisgarh Bauxite Mine 24,Central,Chhattisgarh,underground,Bauxite,2021,3,2021-03-01,53398.59,8763956.29,6521846.73,1109,233194.6,0.229,91166.8,1681.55,897922.53,646772.36,251150.18,27.97,31233.66,42.984,0,2,2,Equipment,Under Review,1,Electrical,Minor,2.31,2,1,1,In Progress
MINE-016,Maharashtra Iron Mine 16,Western,Maharashtra,Underground,Iron Ore,2016,11,2016-11-01,16329.95,3852023.09,3684485.3,496,89868.3,0.1817,19427.06,6150.95,1004447.47,781849.42,222598.05,22.16,7714.79,15.508,0,2,2,Emergency Preparedness,Closed,0,,,2.95,2,1,1,Pending
MINE-001,Jharkhand Coal Mine 1,Eastern,Jharkhand,Underground,Coal,2016,12,2016-12-01,79810.56,15973322.74,15152474.1,2431,479189.3,0.1666,119110.6,2654.51,2118581.38,1453360.49,665220.89,31.4,23196.11,52.038,0,1,0,,,1,Fall of Roof/Rock,Minor,2.16,0,0,0,Completed
MINE-023,Odisha Copper Mine 23,Eastern,Odisha,Open Cast,Copper Ore,2021,9,2021-09-01,79017.82,20545143.55,16020685.72,1624,312047.9,0.2532,93212.63,5431.67,4291989.73,2803949.23,1488040.51,34.67,17063.69,41.012,0,1,1,Environmental,Under Review,1,Machinery,Serious,1.76,1,0,1,Pending
MINE-003,Odisha Coal Mine 3,Eastern,Odisha,Underground,Coal,2021,9,2021-09-01,217425.0,24608205.58,15479487.46,1508,280844.0,0.7742,374579.86,2832.96,6159562.55,4643913.32,1515649.23,24.61,77556.57,156.909,0,4,0,,,2,Electrical,Moderate,2.68,0,0,0,Completed
MINE-010,Uttar Coal Mine 10,Northern,Uttar Pradesh,Mixed,Coal,2023,11,2023-11-01,71151.6,3804225.22,599855.36,1131,214724.4,0.3314,69074.41,3546.88,2523661.91,2078410.44,445251.47,17.64,34538.18,38.952,0,2,0,,,1,Slip/Fall,Minor,2.4,1,0,1,Overdue
MINE-012,West Iron Mine 12,Eastern,West Bengal,Open Cast,Iron Ore,2016,4,2016-04-01,64044.35,17808314.68,17573751.01,878,166505.1,0.3846,61529.39,5097.77,3264835.89,2066658.21,1198177.67,36.7,25007.85,36.978,0,3,1,Equipment,Open,0,,,2.13,1,0,1,Completed
MINE-014,Chhattisgarh Bauxite Mine 14,Central,Chhattisgarh,Underground,Bauxite,2019,1,2019-01-01,10430.32,3172486.06,2759222.12,785,146731.9,0.0711,16579.85,2663.9,277853.0,175365.94,102487.06,36.89,3157.72,9.507,0,2,0,,,0,,,2.25,0,0,0,Completed
MINE-029,Andhra Copper Mine 29,Southern,Andhra Pradesh,Open Cast,Copper Ore,2018,7,2018-07-01,33838.65,11305197.36,10281448.25,282,55757.6,0.6069,29327.4,8406.7,2844714.49,1894900.46,949814.03,33.39,14950.95,19.86,0,2,0,,,1,Machinery,Moderate,1.75,0,0,0,Completed
MINE-029,Andhra Copper Mine 29,Southern,Andhra Pradesh,Open Cast,Copper Ore,2018,6,2018-06-01,36968.28,11305197.36,10315286.91,299,53866.0,0.6863,44979.12,8440.89,3120450.16,2648229.07,472221.09,15.13,13058.99,22.082,0,2,0,,,0,,,0.39,0,0,0,Completed
MINE-026,Maharashtra Copper Mine 26,Western,Maharashtra,Underground,Copper Ore,2019,3,2019-03-01,18383.92,3439638.4,2785348.98,465,85836.1,0.2142,19976.88,6797.83,1249707.36,868420.82,381286.54,30.51,6041.3,16.411,0,1,0,,,1,Machinery,Minor,2.15,0,0,0,Completed
MINE-028,Telangana Coal Mine 28,Southern,Telangana,Open Cast,Coal,2019,1,2019-01-01,20687.71,10510635.28,9493000.32,1002,213559.6,0.0969,23265.23,2497.98,516774.15,422876.84,93897.3,18.17,3623.38,16.307,0,1,0,,,0,,,1.4,1,0,1,Pending
MINE-015,Madhya Iron Mine 15,Central,Madhya Pradesh,Open Cast,Iron Ore,2020,9,2020-09-01,74546.35,14086398.07,11070193.07,957,185303.6,0.4023,65976.98,6002.5,4474647.09,3348757.8,1125889.29,25.16,22043.33,35.111,0,1,0,,,1,Fall of Roof/Rock,Minor,2.11,0,0,0,Completed
MINE-023,Odisha Copper Mine 23,Eastern,Odisha,Open Cast,Copper Ore,2020,4,2020-04-01,76358.81,20545143.55,17343628.06,1698,333785.9,0.2288,93402.33,6842.88,5225141.96,4112066.34,1113075.62,21.3,16466.07,41.984,0,3,0,,,1,Fall of Roof/Rock,Minor,2.84,1,0,1,Overdue
MINE-026,Maharashtra Copper Mine 26,Western,Maharashtra,Underground,Copper Ore,2019,2,2019-02-01,18778.06,3439638.4,2803732.9,503,109288.1,0.1718,26284.33,6830.06,1282552.12,990679.4,291872.73,22.76,8599.41,16.293,0,2,2,Operational,Closed,1,Haulage/Transport,Minor,1.56,2,1,1,Completed
MINE-027,Gujarat Iron Mine 27,Western,Gujarat,Open Cast,Iron Ore,2016,2,2016-02-01,21906.7,6248149.8,6202952.77,748,163958.2,0.1336,19799.04,5270.55,1154603.16,835741.08,318862.08,27.62,4550.64,15.044,0,1,0,,,3,Fire,Minor,3.62,0,0,0,Completed
MINE-016,Maharashtra Iron Mine 16,Western,Maharashtra,Underground,Iron Ore,2021,8,2021-08-01,11459.94,3852023.09,2894616.37,447,96697.8,0.1185,19816.82,7158.53,820363.48,691237.7,129125.78,15.74,6341.82,16.062,0,1,0,,,0,,,0.61,0,0,0,Completed
MINE-008,Telangana Iron Mine 8,Southern,Telangana,Open Cast,Iron Ore,2023,12,2023-12-01,22398.8,4242653.83,2774578.45,862,158185.5,0.1416,26723.81,7333.55,1642626.58,1016656.85,625969.73,38.11,6295.89,11.866,0,1,0,,,1,Fire,Moderate,1.63,0,0,0,Completed
MINE-021,Jharkhand Limestone Mine 21,Eastern,Jharkhand,Open Cast,Limestone,2019,12,2019-12-01,4564.86,1715441.24,1501636.37,339,68012.7,0.0671,4363.97,747.31,34113.7,29198.03,4915.67,14.41,1849.89,4.351,0,1,0,,,0,,,0.86,0,0,0,Completed
MINE-009,Andhra Iron Mine 9,Southern,Andhra Pradesh,Underground,Iron Ore,2018,8,2018-08-01,32823.04,7961285.52,6867709.28,1122,231074.0,0.142,40779.32,5655.35,1856256.04,1087164.44,769091.6,41.43,9464.41,21.683,0,1,0,,,1,Haulage/Transport,Minor,2.47,0,0,0,Completed
MINE-005,Madhya Coal Mine 5,Central,Madhya Pradesh,Open Cast,Coal,2021,5,2021-05-01,13335.68,6162270.35,5026813.51,1052,231202.0,0.0577,16098.36,2372.89,316440.74,250554.36,65886.38,20.82,4979.22,8.394,0,1,0,,,0,,,0.36,1,0,1,Completed
MINE-022,West Copper Mine 22,Eastern,West Bengal,Open Cast,Copper Ore,2019,2,2019-02-01,74736.7,11657228.78,9518709.55,2037,387555.8,0.1928,91698.11,8057.9,6022209.07,3652192.04,2370017.03,39.35,15285.37,38.816,0,0,1,Emergency Preparedness,Closed,0,,,1.26,2,0,2,Overdue
MINE-017,Gujarat Iron Mine 17,Western,Gujarat,Open Cast,Iron Ore,2020,7,2020-07-01,27771.91,13268212.21,11391925.5,434,90796.5,0.3059,22502.06,5940.15,1649692.93,1279245.22,370447.71,22.46,9525.63,17.658,0,1,0,,,0,,,0.68,0,0,0,Completed
MINE-004,Chhattisgarh Coal Mine 4,Central,Chhattisgarh,Underground,Coal,2016,12,2016-12-01,12071.9,3455223.81,3306263.59,1474,299693.0,0.0403,16824.17,2439.53,294497.76,223362.63,71135.13,24.15,4375.44,11.618,0,2,0,,,1,Gas/Explosion,Minor,1.53,0,0,0,Completed
MINE-005,Madhya Coal Mine 5,Central,Madhya Pradesh,Open Cast,Coal,2022,12,2022-12-01,9335.26,6162270.35,4810444.31,1070,228919.7,0.0408,9085.01,2482.36,231734.59,206871.81,24862.78,10.73,3661.17,8.764,0,0,0,,,0,,,0.01,0,0,0,Completed
MINE-013,Odisha Coal Mine 13,Eastern,Odisha,Open Cast,Coal,2020,5,2020-05-01,44581.21,11260157.97,9340720.34,600,111974.0,0.3981,51211.69,2861.06,1275496.61,808397.14,467099.47,36.62,14978.51,23.792,0,2,1,Environmental,Open,1,Slip/Fall,Minor,2.76,1,0,1,Overdue
MINE-010,Uttar Coal Mine 10,Northern,Uttar Pradesh,Mixed,Coal,2019,8,2019-08-01,21577.58,3804225.22,2944990.96,715,148737.4,0.1451,26679.69,2761.53,595871.8,437013.66,158858.14,26.66,10111.24,16.457,0,2,1,Operational,Open,0,,,1.58,1,0,1,Pending
MINE-029,Andhra Copper Mine 29,Southern,Andhra Pradesh,Open Cast,Copper Ore,2019,2,2019-02-01,33899.51,11305197.36,10031875.57,269,55861.3,0.6069,31367.66,8476.32,2873431.62,2347344.68,526086.94,18.31,13551.04,23.157,0,2,0,,,0,,,1.09,0,0,0,Completed
MINE-029,Andhra Copper Mine 29,Southern,Andhra Pradesh,Open Cast,Copper Ore,2018,9,2018-09-01,33588.53,11305197.36,10216107.12,263,48542.3,0.6919,36132.85,8375.23,2813115.52,2000867.1,812248.42,28.87,5847.87,16.395,0,0,0,,,0,,,2.31,0,0,0,Completed
MINE-017,Gujarat Iron Mine 17,Western,Gujarat,Open Cast,Iron Ore,2020,6,2020-06-01,30470.59,13268212.21,11419697.41,437,85395.1,0.3568,30261.69,5866.62,1787593.53,1207939.95,579653.58,32.43,7572.9,12.986,0,2,0,,,1,Haulage/Transport,Serious,0.94,1,0,1,Overdue
MINE-024,Chhattisgarh Bauxite Mine 24,Central,Chhattisgarh,Underground,Bauxite,2023,2,2023-02-01,77527.86,8763956.29,5038367.27,1326,267951.8,0.2893,89589.0,1477.03,1145107.62,668683.51,476424.11,41.61,24695.75,39.541,0,2,1,Documentation,Under Review,0,,,2.06,1,0,1,Pending
MINE-017,Gujarat Iron Mine 17,Western,Gujarat,Open Cast,Iron Ore,2020,10,2020-10-01,30832.34,13268212.21,11303457.22,440,84647.1,0.3642,26644.36,5951.04,1834844.87,1340018.5,494826.37,26.97,11494.23,16.917,0,2,0,,,0,,,0.06,1,0,1,Pending
MINE-020,Uttar Iron Mine 20,Northern,Uttar Pradesh,Open Cast,Iron Ore,2017,7,2017-07-01,16360.25,4723977.98,4398799.42,437,80809.4,0.2025,18619.98,5429.12,888217.69,557573.79,330643.91,37.23,2489.22,7.908,0,0,0,,,1,Fall of Roof/Rock,Minor,0.91,1,0,1,In Progress
MINE-004,Chhattisgarh Coal Mine 4,Central,Chhattisgarh,Underground,Coal,2018,9,2018-09-01,9689.88,3455223.81,3079174.3,1371,286151.4,0.0339,11752.26,2304.26,223279.54,140066.81,83212.73,37.27,4102.32,11.46,0,1,0,,,0,,,2.43,1,0,1,Overdue
MINE-029,Andhra Copper Mine 29,Southern,Andhra Pradesh,Open Cast,Copper Ore,2022,11,2022-11-01,41533.73,11305197.36,8270146.85,260,54491.8,0.7622,37458.76,8250.28,3426647.43,2824869.48,601777.95,17.56,17354.94,25.224,0,2,0,,,0,,,1.34,0,0,0,Completed
MINE-013,Odisha Coal Mine 13,Eastern,Odisha,Open Cast,Coal,2017,5,2017-05-01,33517.54,11260157.97,10766042.23,545,119550.9,0.2804,31318.05,2504.89,839578.24,510513.31,329064.94,39.19,5031.99,14.269,0,2,2,Emergency Preparedness,Open,1,Gas/Explosion,Minor,1.36,2,1,1,Completed
MINE-016,Maharashtra Iron Mine 16,Western,Maharashtra,Underground,Iron Ore,2017,4,2017-04-01,14322.74,3852023.09,3605489.28,458,84815.5,0.1689,21386.92,6385.86,914630.32,525759.2,388871.12,42.52,7014.19,9.965,0,1,0,,,0,,,0.35,0,0,0,Completed
MINE-006,Maharashtra Limestone Mine 6,Western,Maharashtra,Open Cast,Limestone,2016,11,2016-11-01,11761.21,4919591.78,4778690.91,654,133656.3,0.088,13614.01,938.42,110370.04,75800.17,34569.88,31.32,4685.57,9.224,0,4,3,Equipment,Closed,1,Electrical,Serious,2.71,4,2,2,In Progress
MINE-023,Odisha Copper Mine 23,Eastern,Odisha,Open Cast,Copper Ore,2017,1,2017-01-01,60875.89,20545143.55,19883820.95,1685,325979.7,0.1867,78576.5,7570.7,4608730.26,2619987.52,1988742.75,43.15,24546.69,42.979,0,1,0,,,0,,,1.84,1,0,1,Overdue
MINE-023,Odisha Copper Mine 23,Eastern,Odisha,Open-Cast,Copper Ore,2024,8,2024-08-01,106147.38,20545143.55,12550327.54,1773,389829.2,0.2723,91956.53,6147.63,6525544.94,5357285.29,1168259.65,17.9,25414.85,46.57,0,1,0,,,1,Haulage/Transport,Minor,1.86,0,0,0,Completed
MINE-024,Chhattisgarh Bauxite Mine 24,Central,Chhattisgarh,Underground,Bauxite,2019,2,2019-02-01,39769.5,8763956.29,7642377.47,1052,223783.2,0.1777,61886.67,1619.53,644080.43,377916.11,266164.33,41.32,15284.74,32.583,0,1,0,,,0,,,1.25,0,0,0,Completed
MINE-021,Jharkhand Limestone Mine 21,Eastern,Jharkhand,Open Cast,Limestone,2024,10,2024-10-01,3226.1,1715441.24,1294096.64,313,63406.5,0.0509,3150.19,,19444.67,19878.49,-433.82,-2.23,569.36,6.198,0,1,0,,,1,Fire,Minor,2.62,1,0,1,In Progress
MINE-012,West Iron Mine 12,Eastern,West Bengal,Open Cast,Iron Ore,2019,4,2019-04-01,90927.06,17808314.68,14964843.58,1018,202138.7,0.4498,91898.75,5365.9,4879058.86,3569175.95,1309882.91,26.85,34422.53,48.642,0,2,0,,,0,,,0.09,0,0,0,Completed
MINE-028,Telangana Coal Mine 28,Southern,Telangana,Open Cast,Coal,2022,11,2022-11-01,12264.67,10510635.28,8753316.7,946,176479.3,0.0695,10256.5,2285.59,280320.03,220493.66,59826.37,21.34,5121.5,10.969,0,2,1,operational,Open,1,Fall of Roof/Rock,Moderate,2.71,1,0,1,Completed
MINE-009,Andhra Iron Mine 9,Southern,Andhra Pradesh,Underground,Iron Ore,2023,10,2023-10-01,33200.73,7961285.52,4760950.02,1143,219178.8,0.1515,49487.6,5148.41,1709308.85,1127439.49,581869.36,34.04,8633.11,20.675,0,3,1,Environmental,Under Review,0,,,1.19,1,0,1,Overdue
MINE-017,Gujarat Iron Mine 17,Western,Gujarat,Open Cast,Iron Ore,2019,10,2019-10-01,32409.42,13268212.21,11675786.53,438,95336.6,0.3399,27409.99,5811.02,1883316.94,1073066.61,810250.33,43.02,10606.3,18.527,0,2,0,,,0,,,2.27,0,0,0,Completed
MINE-020,Uttar Iron Mine 20,Northern,Uttar Pradesh,Open Cast,Iron Ore,2023,6,2023-06-01,22136.34,4723977.98,3023518.88,469,90158.0,0.2455,18836.03,5132.65,1136181.77,845379.07,290802.69,25.59,7253.75,10.374,0,0,0,,,0,,,2.32,0,0,0,Completed
MINE-010,Uttar Coal Mine 10,Northern,Uttar Pradesh,mixed,Coal,2019,1,2019-01-01,25984.2,3804225.22,3120835.22,803,169632.0,0.1532,34800.15,2797.42,726888.11,509810.12,217077.99,29.86,11342.23,22.662,0,2,0,,,0,,,1.12,0,0,0,Completed
MINE-011,Jharkhand Coal Mine 11,Eastern,Jharkhand,Underground,Coal,2017,1,2017-01-01,27626.86,4815796.69,4511896.48,403,76682.5,0.3603,44598.41,2485.79,686746.56,487950.53,198796.03,28.95,10112.49,22.892,0,0,0,,,1,Gas/Explosion,Minor,1.66,0,0,0,Completed
MINE-027,Gujarat Iron Mine 27,Western,Gujarat,Open Cast,Iron Ore,2024,10,2024-10-01,4994.03,6248149.8,5035989.46,654,119845.2,0.0417,6317.96,5814.56,290380.78,185548.79,104831.99,36.1,1993.68,9.873,0,1,0,,,1,Gas/Explosion,Minor,2.45,0,0,0,Completed
MINE-026,Maharashtra Copper Mine 26,Western,Maharashtra,Underground,Copper Ore,2019,9,2019-09-01,18607.11,3439638.4,2675203.66,503,98824.3,0.1883,32442.76,7630.27,1419772.32,1113751.82,306020.49,21.55,5821.59,15.533,0,0,0,,,0,,,2.26,0,0,0,Completed
MINE-010,Uttar Coal Mine 10,Northern,Uttar Pradesh,Mixed,Coal,2018,1,2018-01-01,21279.03,3804225.22,3389834.89,721,133558.8,0.1593,25251.62,2532.49,538889.42,372302.19,166587.23,30.91,6752.6,11.664,0,2,1,Environmental,Under Review,2,Fire,Minor,2.67,2,0,2,Completed
MINE-016,Maharashtra Iron Mine 16,Western,Maharashtra,Underground,Iron Ore,2020,12,2020-12-01,14945.56,3852023.09,2993659.08,462,98479.0,0.1518,16264.03,7390.73,1104585.94,619380.89,485205.05,43.93,5178.3,10.017,0,0,0,,,0,,,1.94,0,0,0,Completed
MINE-002,West Iron Mine 2,Eastern,West Bengal,Open Cast,Iron Ore,2019,10,2019-10-01,67614.71,31788526.71,28221962.44,1971,362297.7,0.1866,65981.89,5864.76,3965442.99,3145486.65,819956.34,20.68,13112.58,32.334,0,1,0,,,0,,,0.69,0,0,0,Completed
MINE-029,Andhra Copper Mine 29,Southern,Andhra Pradesh,Open Cast,Copper Ore,2016,11,2016-11-01,36717.3,11305197.36,10953384.94,274,54704.1,0.6712,30680.03,8291.4,3044377.57,2218189.01,826188.55,27.14,14913.11,22.593,0,4,1,Emergency Preparedness,Closed,0,,,2.37,2,1,1,Overdue
MINE-006,Maharashtra Limestone Mine 6,Western,Maharashtra,Open Cast,Limestone,2019,5,2019-05-01,19580.78,4919591.78,4254564.27,681,136168.3,0.1438,17271.85,1088.96,213226.8,178383.63,34843.17,16.34,3228.29,10.219,0,2,0,,,0,,,0.69,0,0,0,Completed
MINE-014,Chhattisgarh Bauxite Mine 14,Central,Chhattisgarh,Underground,Bauxite,2021,7,2021-07-01,7250.4,3172486.06,2501698.33,782,151030.5,0.048,9411.34,2675.76,194003.02,155875.3,38127.71,19.65,2968.11,7.112,0,0,1,Environmental,Open,0,,,2.21,1,0,1,In Progress
MINE-007,Gujarat Coal Mine 7,Western,Gujarat,Underground,Coal,2020,8,2020-08-01,10841.16,4595599.71,3951976.92,1529,334351.1,0.0324,15380.33,2932.22,317887.05,220735.37,97151.68,30.56,6570.84,15.18,0,2,0,,,0,,,1.65,0,0,0,Completed
MINE-012,West Iron Mine 12,Eastern,West Bengal,Open Cast,Iron Ore,2018,1,2018-01-01,75868.69,17808314.68,16175576.86,910,198676.0,0.3819,71790.08,5651.42,4287658.32,3401949.09,885709.23,20.66,27131.28,36.209,0,2,0,,,1,Electrical,Minor,1.96,1,0,1,Completed
MINE-009,Andhra Iron Mine 9,Southern,Andhra Pradesh,Underground,Iron Ore,2018,9,2018-09-01,29392.5,7961285.52,6838316.79,1127,241947.8,0.1215,39745.83,5603.73,1647075.69,1351544.58,295531.11,17.94,10306.46,22.49,0,1,0,,,0,,,1.9,0,0,0,Completed
MINE-005,Madhya Coal Mine 5,Central,Madhya Pradesh,Open Cast,Coal,2020,8,2020-08-01,13091.49,6162270.35,5146107.2,1027,206089.0,0.0635,14798.82,2401.67,314414.54,234492.67,79921.87,25.42,2805.96,8.847,0,0,1,Documentation,Under Review,0,,,0.41,1,0,1,Completed
MINE-006,Maharashtra Limestone Mine 6,Western,Maharashtra,Open Cast,Limestone,2017,8,2017-08-01,15786.65,4919591.78,4641063.03,687,127488.7,0.1238,13784.15,1010.43,159512.95,130125.61,29387.34,18.42,2535.54,12.65,0,1,0,,,0,,,1.8,0,0,0,Completed
MINE-011,Jharkhand Coal Mine 11,Eastern,Jharkhand,Underground,Coal,2021,2,2021-02-01,76660.99,4815796.69,2338794.78,553,112084.5,0.684,120702.9,2229.06,1708817.08,1413136.57,295680.52,17.3,24304.73,51.993,0,0,0,,,1,Machinery,Minor,0.4,1,0,1,Completed
MINE-011,Jharkhand Coal Mine 11,Eastern,Jharkhand,Underground,Coal,2019,4,2019-04-01,43631.83,4815796.69,3578702.2,444,93629.4,0.466,59042.11,2690.06,1173723.84,765145.22,408578.61,34.81,18937.48,35.117,0,1,0,,,0,,,0.16,0,0,0,Completed
MINE-005,Madhya Coal Mine 5,Central,Madhya Pradesh,Open Cast,Coal,2022,9,2022-09-01,9419.37,6162270.35,4842024.58,996,196186.2,0.048,9763.79,2617.17,246520.86,203569.69,42951.17,17.42,3381.13,11.434,0,1,0,,,0,,,1.86,0,0,0,Completed
MINE-006,Maharashtra Limestone Mine 6,Western,Maharashtra,Open Cast,Limestone,2023,10,2023-10-01,41867.14,4919591.78,2637954.0,939,177712.1,0.2356,38058.54,1046.72,438232.12,260699.81,177532.31,40.51,17407.04,24.736,0,0,0,,,0,,,2.14,0,0,0,Completed
MINE-027,Gujarat Iron Mine 27,Western,Gujarat,Open Cast,Iron Ore,2016,9,2016-09-01,17694.07,6248149.8,6060160.97,762,163379.2,0.1083,16297.99,5706.09,1009638.83,854252.84,155385.99,15.39,3403.59,6.983,0,2,0,,,1,Fire,Minor,2.35,0,0,0,Completed
MINE-016,Maharashtra Iron Mine 16,Western,Maharashtra,Underground,Iron Ore,2019,9,2019-09-01,13895.25,3852023.09,3192094.47,457,90183.1,0.1541,17258.92,6627.5,920907.09,546899.95,374007.14,40.61,3697.0,8.094,0,3,0,,,0,,,1.56,0,0,0,Completed
MINE-010,Uttar Coal Mine 10,Northern,Uttar Pradesh,Mixed,Coal,2019,5,2019-05-01,24760.36,3804225.22,3019571.53,745,135997.3,0.1821,28367.58,2824.76,699420.3,464340.18,235080.12,33.61,7297.32,12.215,0,1,0,,,0,,,2.07,2,1,1,In Progress
MINE-018,Telangana Iron Mine 18,Southern,Telangana,Mixed,Iron Ore,2023,12,2023-12-01,9316.84,4638464.7,3594646.08,929,195798.4,0.0476,13428.65,4211.09,392340.56,308549.67,83790.89,21.36,2695.64,7.367,0,3,1,Equipment,Closed,2,Gas/Explosion,Minor,2.91,1,0,1,Pending
MINE-011,Jharkhand Coal Mine 11,Eastern,Jharkhand,Underground,Coal,2021,11,2021-11-01,87033.84,4815796.69,1679585.35,560,104197.6,0.8353,126251.77,2127.93,1852021.69,1518653.77,333367.92,18.0,28693.77,57.596,0,1,0,,,0,,,2.2,0,0,0,Completed
MINE-029,Andhra Copper Mine 29,Southern,Andhra Pradesh,Open Cast,Copper Ore,2018,11,2018-11-01,37311.06,11305197.36,10141740.27,293,58034.3,0.6429,36371.63,8636.64,3222420.94,1953997.35,1268423.58,39.36,9276.21,16.345,0,0,0,,,0,,,0.14,0,0,0,Completed
MINE-002,West Iron Mine 2,Eastern,West Bengal,Open Cast,Iron Ore,2016,9,2016-09-01,77255.67,31788526.71,31051839.83,1996,372310.4,0.2075,83564.22,5286.54,4084154.01,3042197.33,1041956.68,25.51,15087.87,39.921,0,4,1,Safety,Under Review,0,,,2.25,1,0,1,Overdue
MINE-007,Gujarat Coal Mine 7,Western,Gujarat,Underground,Coal,2023,9,2023-09-01,10760.96,4595599.71,3522336.14,1501,316928.1,0.034,17372.36,3038.12,326931.39,259959.03,66972.36,20.49,2461.63,,0,1,0,,,0,,,0.74,0,0,0,Completed
MINE-028,Telangana Coal Mine 28,Southern,Telangana,Open Cast,Coal,2023,12,2023-12-01,10676.17,10510635.28,8619206.47,935,181825.9,0.0587,8569.18,2016.93,215331.12,164585.49,50745.62,23.57,3617.63,10.682,0,0,1,Equipment,Under Review,3,Haulage/Transport,Minor,2.69,1,0,1,Pending
MINE-019,Andhra Coal Mine 19,Southern,Andhra Pradesh,Open Cast,Coal,2018,7,2018-07-01,24443.73,6903354.37,6169505.41,124,24574.4,0.9947,20748.8,2493.53,609511.76,518905.05,90606.71,14.87,4068.19,14.439,0,3,1,Environmental,Open,2,Haulage/Transport,Minor,1.82,1,0,1,Completed
MINE-011,Jharkhand Coal Mine 11,Eastern,Jharkhand,Underground,Coal,2016,2,2016-02-01,20123.52,4815796.69,4775208.16,358,65250.2,0.3084,26594.57,2497.62,502608.76,322936.17,179672.59,35.75,4839.49,17.842,0,1,0,,,0,,,1.81,0,0,0,Completed
MINE-017,Gujarat Iron Mine 17,Western,Gujarat,Open Cast,Iron Ore,2022,11,2022-11-01,29476.12,13268212.21,10566430.95,435,82445.0,0.3575,23980.3,5153.37,1519012.78,924435.44,594577.34,39.14,8269.75,15.103,0,3,0,,,0,,,2.26,0,0,0,Completed
MINE-008,Telangana Iron Mine 8,Southern,Telangana,Open Cast,Iron Ore,2022,3,2022-03-01,16684.9,4242653.83,3170915.83,772,166387.5,0.1003,21349.67,7614.24,1270428.63,1068619.72,201808.9,15.89,5830.18,10.719,0,4,0,,,0,,,0.31,0,0,0,Completed
MINE-002,West Iron Mine 2,Eastern,West Bengal,Open Cast,Iron Ore,2016,12,2016-12-01,85424.31,31788526.71,30793500.18,2189,404727.7,0.2111,107898.69,5449.07,4654830.44,3746555.06,908275.39,19.51,17801.44,41.301,0,1,0,,,0,,,1.01,0,0,0,Completed
MINE-007,Gujarat Coal Mine 7,Western,Gujarat,UNDERGROUND,Coal,2016,9,2016-09-01,11267.9,4595599.71,4490767.52,1513,289880.0,0.0389,19220.99,2495.94,281239.95,250944.83,30295.12,10.77,6107.24,11.089,0,3,0,,,1,Slip/Fall,Moderate,0.55,0,0,0,Completed
MINE-030,Uttar Iron Mine 30,Northern,Uttar Pradesh,Mixed,Iron Ore,2022,3,2022-03-01,22051.5,9769224.08,7738612.16,726,132385.9,0.1666,28726.1,5134.82,1132304.46,950465.15,181839.31,16.06,6163.24,18.567,0,0,1,Documentation,Under Review,0,,,1.36,2,1,1,In Progress
MINE-029,Andhra Copper Mine 29,Southern,Andhra Pradesh,Open Cast,Copper Ore,2016,3,2016-03-01,32527.72,11305197.36,11205513.07,280,58500.4,0.556,32834.16,7676.33,2496935.91,1526738.59,970197.32,38.86,10731.59,22.999,0,3,0,,,0,,,1.29,1,0,1,In Progress
MINE-030,Uttar Iron Mine 30,Northern,Uttar Pradesh,MIXED,Iron Ore,2021,3,2021-03-01,24521.74,9769224.08,8040156.28,762,150250.7,0.1632,28194.72,5237.92,1284429.05,993456.51,290972.54,22.65,6964.38,16.039,0,1,1,Emergency Preparedness,Under Review,0,,,1.73,1,0,1,In Progress
MINE-006,Maharashtra Limestone Mine 6,Western,Maharashtra,Open Cast,Limestone,2023,12,2023-12-01,44768.56,4919591.78,2545417.88,1011,197161.6,0.2271,46364.68,999.18,447319.4,384121.93,63197.46,14.13,13995.29,27.742,0,1,0,,,0,,,1.36,0,0,0,Completed
MINE-004,Chhattisgarh Coal Mine 4,Central,Chhattisgarh,Underground,Coal,2019,10,2019-10-01,7819.74,3455223.81,2963950.34,1382,303633.8,0.0258,9297.88,2570.72,201023.84,185694.54,15329.3,7.63,3635.36,10.331,0,0,0,,,1,Fire,Minor,2.69,1,0,1,Pending
MINE-003,Odisha Coal Mine 3,Eastern,Odisha,Underground,Coal,2020,5,2020-05-01,162022.69,24608205.58,18773031.26,1350,255231.3,0.6348,264457.68,2727.97,4419926.7,3472128.12,947798.58,21.44,45194.07,107.753,0,1,1,SAFETY,Closed,1,Fall of Roof/Rock,Serious,2.31,2,1,1,Completed
MINE-026,Maharashtra Copper Mine 26,Western,Maharashtra,Underground,Copper Ore,2016,4,2016-04-01,16258.7,3439638.4,3376815.91,487,94638.0,0.1718,22714.46,7553.82,1228152.58,691244.31,536908.27,43.72,5653.26,16.138,0,0,0,,,0,,,0.23,0,0,0,Completed
MINE-001,Jharkhand Coal Mine 1,Eastern,Jharkhand,Underground,Coal,2019,11,2019-11-01,124111.79,15973322.74,11771342.47,2769,517027.8,0.24,146344.31,2511.67,3117284.42,2516878.79,600405.62,19.26,66309.94,77.8,0,2,1,Safety,Closed,1,Electrical,Minor,1.22,1,0,1,Overdue
MINE-010,Uttar Coal Mine 10,Northern,Uttar Pradesh,Mixed,Coal,2017,8,2017-08-01,14660.81,3804225.22,3488988.54,660,122986.7,0.1192,15844.66,2323.96,340711.42,250569.63,90141.79,26.46,6991.22,14.004,0,4,0,,,0,,,1.57,0,0,0,Completed
MINE-009,Andhra Iron Mine 9,Southern,Andhra Pradesh,Underground,Iron Ore,2017,1,2017-01-01,34575.74,7961285.52,7518693.55,1084,238296.9,0.1451,49217.04,5686.21,1966048.5,1638740.44,327308.06,16.65,15174.35,28.722,0,2,1,Safety,Closed,0,,,2.13,1,0,1,Completed
MINE-008,Telangana Iron Mine 8,Southern,Telangana,Open Cast,Iron Ore,2017,6,2017-06-01,13939.75,4242653.83,4021839.91,723,137909.7,0.1011,11448.31,5818.4,811069.61,508786.38,302283.23,37.27,5446.18,12.49,0,3,1,Documentation,Under Review,0,,,1.12,1,0,1,Completed
MINE-012,West Iron Mine 12,Eastern,West Bengal,Open Cast,Iron Ore,2018,8,2018-08-01,73815.66,17808314.68,15650546.38,953,179945.2,0.4102,94527.26,5637.73,4161531.39,3456378.83,705152.56,16.94,20250.47,44.354,0,1,1,Documentation,Closed,2,Fire,Minor,1.73,1,0,1,Completed
MINE-011,Jharkhand Coal Mine 11,Eastern,Jharkhand,underground,Coal,2019,11,2019-11-01,45800.39,4815796.69,3245666.36,444,80249.5,0.5707,69340.68,2509.25,1149245.17,795294.64,353950.52,30.8,11775.36,27.1,0,2,1,Safety,Open,2,Machinery,Minor,1.99,1,0,1,Completed
MINE-001,Jharkhand Coal Mine 1,Eastern,Jharkhand,Underground,Coal,2016,5,2016-05-01,65303.03,15973322.74,15649169.92,2319,497260.3,0.1313,76350.3,2597.96,1696544.6,1011832.33,684712.28,40.36,15458.52,38.122,0,0,1,Operational,Closed,3,Electrical,Minor,3.04,1,0,1,In Progress
MINE-015,Madhya Iron Mine 15,Central,Madhya Pradesh,Open Cast,Iron Ore,2022,12,2022-12-01,108902.16,14086398.07,8728035.14,1111,211962.8,0.5138,139509.12,6156.59,6704657.44,3883428.38,2821229.05,42.08,40941.49,67.535,0,2,0,,,0,,,1.92,0,0,0,Completed
MINE-022,West Copper Mine 22,Eastern,West Bengal,open cast,Copper Ore,2019,8,2019-08-01,77200.47,11657228.78,9059706.13,2005,381747.1,0.2022,63079.03,7577.02,5849496.82,3419779.8,2429717.02,41.54,33826.56,40.802,0,0,0,,,1,Slip/Fall,Moderate,1.79,0,0,0,Completed
MINE-029,Andhra Copper Mine 29,Southern,Andhra Pradesh,Open Cast,Copper Ore,2024,8,2024-08-01,40235.45,11305197.36,7355525.71,281,51460.3,0.7819,34423.73,7690.21,3094192.04,2562345.43,531846.61,17.19,15035.56,24.089,0,2,0,,,0,,,1.34,0,0,0,Completed
MINE-024,Chhattisgarh Bauxite Mine 24,Central,Chhattisgarh,Underground,Bauxite,2016,8,2016-08-01,22377.72,8763956.29,8576941.37,935,183627.7,0.1219,28885.11,2191.37,490377.93,338242.08,152135.86,31.02,4533.58,16.474,0,0,0,,,2,Electrical,Moderate,2.43,1,0,1,Pending
MINE-010,Uttar Coal Mine 10,Northern,Uttar Pradesh,Mixed,Coal,2024,10,2024-10-01,82745.73,3804225.22,0.0,1231,268211.9,0.3085,95945.21,3438.86,2845513.35,1904167.68,941345.67,33.08,37002.18,48.051,0,2,2,operational,Closed,0,,,2.21,2,1,1,Completed
MINE-008,Telangana Iron Mine 8,Southern,Telangana,Open Cast,Iron Ore,2022,10,2022-10-01,17918.59,4242653.83,3046431.02,716,156996.6,0.1141,14980.13,7819.47,1401138.89,954436.0,446702.89,31.88,5622.48,11.849,0,2,0,,,1,Gas/Explosion,Minor,2.31,0,0,0,Completed
MINE-007,Gujarat Coal Mine 7,Western,Gujarat,Underground,Coal,2018,10,2018-10-01,12379.25,4595599.71,4202500.95,1494,309352.2,0.04,13996.92,2575.38,318812.99,210311.17,108501.82,34.03,3089.44,7.325,0,1,0,,,0,,,0.59,0,0,0,Completed
MINE-016,Maharashtra Iron Mine 16,Western,Maharashtra,Underground,Iron Ore,2023,12,2023-12-01,10094.3,3852023.09,2574902.19,449,81745.9,0.1235,13589.29,7736.48,780943.21,632863.9,148079.31,18.96,5393.44,12.829,0,2,0,,,0,,,2.06,0,0,0,Completed
MINE-022,West Copper Mine 22,Eastern,West Bengal,Open Cast,Copper Ore,2023,1,2023-01-01,156739.3,11657228.78,4431330.92,2613,519956.1,0.3014,149882.11,10098.51,15828338.77,11545061.37,4283277.39,27.06,60613.59,77.138,0,1,1,Documentation,Open,1,Fire,Minor,1.95,1,0,1,Overdue
MINE-025,Madhya Limestone Mine 25,Central,Madhya Pradesh,Open Cast,Limestone,2018,2,2018-02-01,11915.2,5333812.33,4991776.68,1173,241954.2,0.0492,12080.27,900.86,107339.8,95215.31,12124.48,11.3,4836.11,12.33,0,3,1,Safety,Closed,1,Haulage/Transport,Moderate,1.13,2,0,2,In Progress
MINE-022,West Copper Mine 22,Eastern,West Bengal,Open Cast,Copper Ore,2023,10,2023-10-01,165261.83,11657228.78,3019148.45,2616,545417.6,0.303,158210.29,10220.85,16891164.89,12562006.23,4329158.66,25.63,26239.55,66.632,0,0,0,,,0,,,2.3,0,0,0,Completed
MINE-021,Jharkhand Limestone Mine 21,Eastern,Jharkhand,Open Cast,Limestone,2019,2,2019-02-01,4307.1,1715441.24,1540994.23,346,70589.3,0.061,4832.14,778.59,33534.81,31714.43,1820.37,5.43,1615.83,5.814,0,4,1,Environmental,Closed,1,Fall of Roof/Rock,Serious,2.74,1,0,1,Pending
MINE-011,Jharkhand Coal Mine 11,Eastern,Jharkhand,Underground,Coal,2021,9,2021-09-01,75905.01,4815796.69,1848388.0,548,119106.6,0.6373,114966.33,2111.5,1602732.31,1109628.94,493103.36,30.77,40964.08,60.447,0,1,1,Environmental,Under Review,0,,,1.86,3,2,1,Pending
MINE-006,Maharashtra Limestone Mine 6,Western,Maharashtra,Open Cast,Limestone,2018,11,2018-11-01,20304.66,4919591.78,4376580.24,739,134057.1,0.1515,23564.11,1014.93,206077.92,153854.37,52223.55,25.34,5097.65,11.526,0,2,0,,,0,,,0.13,0,0,0,Completed
MINE-001,Jharkhand Coal Mine 1,Eastern,Jharkhand,UNDERGROUND,Coal,2020,3,2020-03-01,128377.72,15973322.74,11247913.15,2648,567761.1,0.2261,166411.94,2501.61,3211516.22,1847392.67,1364123.55,42.48,39764.6,74.69,0,0,2,Equipment,Under Review,0,,,2.15,2,1,1,Completed
MINE-008,Telangana Iron Mine 8,Southern,Telangana,Open Cast,Iron Ore,2024,2,2024-02-01,18844.62,4242653.83,2734756.71,762,161419.2,0.1167,20568.64,7209.45,1358594.46,1109470.55,249123.91,18.34,3825.19,9.646,0,3,0,,,1,Slip/Fall,Minor,1.56,0,0,0,Completed
MINE-019,Andhra Coal Mine 19,Southern,Andhra Pradesh,Open Cast,Coal,2019,3,2019-03-01,24597.49,6903354.37,5954453.69,130,26881.4,0.915,21812.96,2549.22,627043.62,454810.38,172233.24,27.47,6618.09,17.377,0,1,0,,,0,,,2.08,0,0,0,Completed
MINE-026,Maharashtra Copper Mine 26,Western,Maharashtra,Underground,Copper Ore,2022,3,2022-03-01,22475.13,3439638.4,2039241.81,483,96375.4,0.2332,25980.26,6761.31,1519612.33,998446.87,521165.46,34.3,8564.09,17.22,0,3,0,,,1,Gas/Explosion,Minor,1.72,0,0,0,Completed
MINE-017,Gujarat Iron Mine 17,Western,Gujarat,Open Cast,Iron Ore,2023,12,2023-12-01,27294.85,13268212.21,10209852.67,412,79722.3,0.3424,35009.41,4967.75,1355939.75,825876.52,530063.23,39.09,8026.31,21.925,0,1,0,,,2,Fire,Minor,2.17,0,0,0,Completed
MINE-008,Telangana Iron Mine 8,Southern,Telangana,Open Cast,Iron Ore,2022,6,2022-06-01,17972.44,4242653.83,3118410.97,769,158550.4,0.1134,16181.54,8177.57,1469709.92,879409.1,590300.82,40.16,5841.71,12.861,0,0,0,,,0,,,1.52,1,0,1,Completed
MINE-011,Jharkhand Coal Mine 11,Eastern,Jharkhand,Underground,Coal,2018,12,2018-12-01,45731.96,4815796.69,3749408.59,450,89944.2,0.5084,74555.72,2621.07,1198666.03,840854.01,357812.02,29.85,13834.64,31.128,0,2,1,Emergency Preparedness,Closed,0,,,0.9,1,0,1,In Progress
MINE-011,Jharkhand Coal Mine 11,Eastern,Jharkhand,Underground,Coal,2023,3,2023-03-01,108317.54,4815796.69,176958.12,640,121184.1,0.8938,141679.97,2259.47,2447404.81,1638489.83,808914.97,33.05,59178.46,75.316,0,2,2,Operational,Open,0,,,2.62,2,1,1,Completed
MINE-024,Chhattisgarh Bauxite Mine 24,Central,Chhattisgarh,Underground,Bauxite,2018,11,2018-11-01,39041.08,8763956.29,7758457.96,1053,197020.0,0.1982,64371.55,1766.08,689497.52,530668.4,158829.12,23.04,13887.24,31.527,0,2,0,,,0,,,1.79,0,0,0,Completed
MINE-018,Telangana Iron Mine 18,Southern,Telangana,Mixed,Iron Ore,2021,11,2021-11-01,9833.44,4638464.7,3816929.95,909,166946.1,0.0589,9831.74,3746.24,368384.18,242563.09,125821.09,34.15,3247.54,6.343,0,1,0,,,1,Gas/Explosion,Moderate,1.01,0,0,0,Completed
MINE-009,Andhra Iron Mine 9,Southern,Andhra Pradesh,Underground,Iron Ore,2024,12,2024-12-01,36553.75,7961285.52,4266433.42,1127,241212.7,0.1515,49304.23,5016.49,1833714.38,1047114.74,786599.64,42.9,9920.25,23.968,0,0,0,,,2,Haulage/Transport,Minor,2.5,0,0,0,Completed
MINE-026,Maharashtra Copper Mine 26,Western,Maharashtra,Underground,Copper Ore,2016,2,2016-02-01,15911.14,3439638.4,3407454.3,482,89368.3,0.178,17440.18,7436.4,1183215.91,658821.98,524393.94,44.32,4318.77,9.515,0,3,0,,,0,,,0.27,0,0,0,Completed
MINE-004,Chhattisgarh Coal Mine 4,Central,Chhattisgarh,Underground,Coal,2022,4,2022-04-01,6662.72,3455223.81,2743899.71,1380,257802.6,0.0258,9042.44,2388.91,159166.68,129435.74,29730.94,18.68,1914.01,9.392,0,3,1,Documentation,Under Review,2,Haulage/Transport,Moderate,3.3,1,0,1,Pending
MINE-024,Chhattisgarh Bauxite Mine 24,Central,Chhattisgarh,Underground,Bauxite,2022,4,2022-04-01,68266.7,8763956.29,5737378.74,1288,231926.6,0.2943,105192.85,1637.04,1117553.1,741308.85,376244.24,33.67,30794.64,53.135,0,1,0,,,0,,,2.03,0,0,0,Completed
MINE-022,West Copper Mine 22,Eastern,West Bengal,Open Cast,Copper Ore,2024,5,2024-05-01,192111.14,11657228.78,1726476.6,2949,620900.2,0.3094,188315.59,11102.9,21329914.65,12578232.0,8751682.65,41.03,85236.95,103.697,0,0,1,Operational,Open,1,Gas/Explosion,Minor,2.97,1,0,1,Pending
MINE-001,Jharkhand Coal Mine 1,Eastern,Jharkhand,Underground,Coal,2017,8,2017-08-01,79323.24,15973322.74,14504753.43,2295,480979.8,0.1649,128550.32,2659.16,2109332.97,1336897.74,772435.23,36.62,43631.01,60.417,0,2,0,,,2,Haulage/Transport,Minor,2.93,0,0,0,Completed
MINE-007,Gujarat Coal Mine 7,Western,Gujarat,Underground,Coal,2019,1,2019-01-01,11019.66,4595599.71,4166678.68,1623,295689.0,0.0373,15618.69,2635.26,290397.09,203545.23,86851.87,29.91,2574.08,7.642,0,1,0,,,2,Slip/Fall,Minor,2.28,0,0,0,Completed
MINE-001,Jharkhand Coal Mine 1,Eastern,Jharkhand,Underground,Coal,2018,12,2018-12-01,114121.25,15973322.74,12978265.67,2520,525192.7,0.2173,188830.82,2627.82,2998901.43,2151528.08,847373.35,28.26,34423.83,75.151,0,4,0,,,1,Haulage/Transport,Minor,2.78,0,0,0,Completed
MINE-029,Andhra Copper Mine 29,Southern,Andhra Pradesh,Open Cast,Copper Ore,2020,11,2020-11-01,38230.71,11305197.36,9245890.77,278,54335.9,0.7036,43523.91,7513.25,2872367.83,1752013.77,1120354.06,39.0,9307.25,24.616,0,1,1,Equipment,Under Review,1,Gas/Explosion,Minor,1.59,1,0,1,Pending
MINE-005,Madhya Coal Mine 5,Central,Madhya Pradesh,Open Cast,Coal,2023,9,2023-09-01,9000.62,6162270.35,4723108.91,1008,207049.5,0.0435,7779.43,2518.84,226710.88,204815.65,21895.24,9.66,2033.84,6.951,0,4,1,Equipment,Under Review,0,,,0.43,1,0,1,Overdue
MINE-023,Odisha Copper Mine 23,Eastern,Odisha,Open Cast,Copper Ore,2022,8,2022-08-01,86614.95,20545143.55,15045967.07,1708,357366.3,0.2424,83151.65,5358.49,4641251.18,2706330.78,1934920.4,41.69,36473.93,44.496,0,2,0,,,0,,,1.88,0,0,0,Completed
MINE-009,Andhra Iron Mine 9,Southern,Andhra Pradesh,Underground,Iron Ore,2020,9,2020-09-01,33200.62,7961285.52,6038964.1,1135,222220.9,0.1494,56054.49,5029.27,1669749.02,1313689.4,356059.62,21.32,14127.21,26.359,0,0,1,Documentation,Open,3,Gas/Explosion,Moderate,1.76,2,1,1,Overdue
MINE-018,Telangana Iron Mine 18,Southern,Telangana,Mixed,Iron Ore,2016,6,2016-06-01,13592.81,4638464.7,4556886.89,1010,209575.6,0.0649,18694.27,5003.21,680076.94,469764.84,210312.1,30.92,2831.96,13.637,0,2,1,Equipment,Open,0,,,2.07,1,0,1,Completed
MINE-018,Telangana Iron Mine 18,Southern,Telangana,Mixed,Iron Ore,2020,7,2020-07-01,9933.56,4638464.7,3975657.28,947,190575.1,0.0521,10037.53,4045.8,401892.04,246837.24,155054.79,38.58,2964.9,7.044,0,4,0,,,1,Fall of Roof/Rock,Minor,0.78,0,0,0,Completed
MINE-005,Madhya Coal Mine 5,Central,Madhya Pradesh,Open Cast,Coal,2024,10,2024-10-01,7748.38,6162270.35,4608533.94,998,180743.7,0.0429,9369.92,2482.55,192357.51,147056.83,45300.68,23.55,3104.45,7.761,0,0,0,,,0,,,1.7,0,0,0,Completed
MINE-026,Maharashtra Copper Mine 26,Western,Maharashtra,Underground,Copper Ore,2024,11,2024-11-01,28263.65,3439638.4,1231728.62,527,111334.6,0.2539,33295.21,6338.21,1791408.72,1325774.71,465634.0,25.99,10096.18,21.072,0,3,2,Equipment,Open,0,,,2.48,2,1,1,Pending
MINE-016,Maharashtra Iron Mine 16,Western,Maharashtra,Underground,Iron Ore,2023,2,2023-02-01,10026.19,3852023.09,2680360.69,478,99831.4,0.1004,15832.6,7137.2,715589.67,498765.09,216824.59,30.3,5564.81,10.131,0,0,0,,,0,,,1.06,0,0,0,Completed
MINE-030,Uttar Iron Mine 30,Northern,Uttar Pradesh,Mixed,Iron Ore,2021,2,2021-02-01,25227.75,9769224.08,8064678.03,771,147087.2,0.1715,23944.95,5275.21,1330816.29,949466.6,381349.69,28.66,5243.01,17.089,0,2,1,Environmental,Closed,0,,,2.53,1,0,1,Overdue
MINE-003,Odisha Coal Mine 3,Eastern,Odisha,Underground,Coal,2018,6,2018-06-01,112188.2,24608205.58,22041169.37,1118,217379.6,0.5161,175280.83,2664.2,2988912.67,1799287.68,1189624.99,39.8,33790.77,71.365,0,0,0,,,0,,,1.55,0,0,0,Completed
MINE-008,Telangana Iron Mine 8,Southern,Telangana,Open Cast,Iron Ore,2018,5,2018-05-01,15258.22,4242653.83,3878007.56,734,157191.2,0.0971,16436.87,6190.98,944634.0,792200.03,152433.97,16.14,3503.1,14.371,0,1,0,,,0,,,1.72,0,0,0,Completed
MINE-014,Chhattisgarh Bauxite Mine 14,Central,Chhattisgarh,UNDERGROUND,Bauxite,2016,6,2016-06-01,12730.31,3172486.06,3096111.76,826,174113.8,0.0731,15498.33,2047.91,260705.0,207052.57,53652.43,20.58,7379.96,15.288,0,2,1,Documentation,Under Review,0,,,0.4,1,0,1,Overdue
MINE-024,Chhattisgarh Bauxite Mine 24,Central,Chhattisgarh,Underground,Bauxite,2020,6,2020-06-01,52515.07,8763956.29,6963454.44,1109,213788.8,0.2456,68754.94,1703.25,894461.83,666250.72,228211.11,25.51,17612.29,36.264,0,3,0,,,0,,,1.23,0,0,0,Completed
MINE-002,West Iron Mine 2,Eastern,West Bengal,Open Cast,Iron Ore,2019,11,2019-11-01,80689.62,31788526.71,28141272.82,2073,440125.6,0.1833,91872.23,5913.85,4771864.78,3575910.84,1195953.93,25.06,22738.74,39.828,0,1,0,,,0,,,2.39,0,0,0,Completed
MINE-016,Maharashtra Iron Mine 16,Western,Maharashtra,Underground,Iron Ore,2021,7,2021-07-01,12582.49,3852023.09,2906076.31,434,79807.6,0.1577,20263.73,7335.13,922941.93,641493.14,281448.78,30.49,6460.99,10.226,0,6,2,ENVIRONMENTAL,Closed,0,,,2.59,3,2,1,Completed
MINE-006,Maharashtra Limestone Mine 6,Western,Maharashtra,Open Cast,Limestone,2023,2,2023-02-01,34604.78,4919591.78,2946197.17,860,187083.9,0.185,31806.24,1143.96,395864.3,342989.49,52874.82,13.36,10707.19,16.27,0,4,0,,,0,,,2.25,0,0,0,Completed
MINE-026,Maharashtra Copper Mine 26,Western,Maharashtra,Underground,Copper Ore,2018,10,2018-10-01,19652.41,3439638.4,2882772.12,510,101674.9,0.1933,24556.08,6535.95,1284472.19,1056821.24,227650.95,17.72,9604.02,15.434,0,2,2,Environmental,Open,0,,,1.86,2,1,1,Pending
MINE-029,Andhra Copper Mine 29,Southern,Andhra Pradesh,OPEN CAST,Copper Ore,2024,12,2024-12-01,48343.1,11305197.36,7164333.58,301,60722.2,0.7961,41966.53,8316.79,4020593.17,2775462.36,1245130.81,30.97,7463.62,22.239,0,4,0,,,1,Fall of Roof/Rock,Minor,0.78,0,0,0,Completed
MINE-013,Odisha Coal Mine 13,Eastern,Odisha,Open Cast,Coal,2020,3,2020-03-01,44216.77,11260157.97,9431298.88,601,119260.8,0.3708,35784.55,2790.08,1233682.72,724927.01,508755.71,41.24,16085.32,26.774,0,0,0,,,0,,,1.96,0,0,0,Completed
MINE-006,Maharashtra Limestone Mine 6,Western,Maharashtra,Open Cast,Limestone,2018,6,2018-06-01,20839.57,4919591.78,4467501.51,750,142335.1,0.1464,21653.65,1083.53,225803.06,148147.67,77655.39,34.39,4258.81,11.235,0,0,0,,,0,,,1.84,0,0,0,Completed
MINE-030,Uttar Iron Mine 30,Northern,Uttar Pradesh,Mixed,Iron Ore,2021,4,2021-04-01,25973.5,9769224.08,8014182.79,745,147258.5,0.1764,27064.32,5309.53,1379069.47,783590.36,595479.1,43.18,9470.77,18.19,0,3,1,Equipment,Open,0,,,0.86,2,1,1,In Progress
MINE-017,Gujarat Iron Mine 17,Western,Gujarat,Open Cast,Iron Ore,2018,7,2018-07-01,29665.12,13268212.21,12166751.71,433,89786.3,0.3304,32607.56,5374.89,1594465.91,899633.28,694832.63,43.58,8797.59,15.996,0,1,0,,,0,,,0.72,0,0,0,Completed
MINE-017,Gujarat Iron Mine 17,Western,Gujarat,OPEN CAST,Iron Ore,2023,5,2023-05-01,24589.54,13268212.21,10403724.35,439,81240.2,0.3027,21125.47,5272.98,1296600.97,934295.94,362305.03,27.94,5811.65,9.687,0,1,1,Environmental,Closed,0,,,2.21,2,1,1,Pending
MINE-020,Uttar Iron Mine 20,Northern,Uttar Pradesh,Open Cast,Iron Ore,2017,2,2017-02-01,18511.05,4723977.98,4486774.13,428,90020.3,0.2056,17307.53,5292.66,979727.35,615161.57,364565.78,37.21,4883.02,15.308,0,2,1,Equipment,Under Review,0,,,1.65,1,0,1,Overdue
MINE-002,West Iron Mine 2,Eastern,West Bengal,Open Cast,Iron Ore,2017,8,2017-08-01,70016.49,31788526.71,30151579.54,1992,417588.2,0.1677,83484.47,5654.11,3958808.77,2673017.88,1285790.88,32.48,10559.34,32.715,0,1,0,,,0,,,0.45,0,0,0,Completed
MINE-013,Odisha Coal Mine 13,Eastern,Odisha,Open Cast,Coal,2019,7,2019-07-01,40086.16,11260157.97,9785705.59,616,129754.0,0.3089,44785.17,2861.46,1147047.48,940366.6,206680.87,18.02,6166.75,22.065,0,0,0,,,0,,,0.6,1,0,1,Completed
MINE-019,Andhra Coal Mine 19,Southern,Andhra Pradesh,Open Cast,Coal,2021,3,2021-03-01,32263.88,6903354.37,5229449.71,131,27247.9,1.1841,37004.1,2471.02,797246.21,564364.2,232882.01,29.21,13642.06,25.809,0,0,0,,,0,,,0.28,0,0,0,Completed
MINE-010,Uttar Coal Mine 10,Northern,Uttar Pradesh,Mixed,Coal,2016,9,2016-09-01,15350.22,3804225.22,3677110.24,687,125662.1,0.1222,17419.75,2385.63,366199.07,233771.95,132427.12,36.16,3863.5,13.883,0,1,0,,,0,,,1.1,1,0,1,Pending
MINE-003,Odisha Coal Mine 3,Eastern,Odisha,Underground,Coal,2024,10,2024-10-01,424465.24,24608205.58,2766017.72,1981,429072.1,0.9893,552109.43,3070.26,13032181.3,10624842.06,2407339.24,18.47,92956.6,219.653,0,0,0,,,1,Fire,Minor,2.28,0,0,0,Completed
MINE-002,West Iron Mine 2,Eastern,West Bengal,Open Cast,Iron Ore,2022,11,2022-11-01,52588.28,31788526.71,25788393.5,1892,370837.0,0.1418,45580.78,6109.84,3213061.46,1931229.08,1281832.38,39.89,19008.67,27.421,0,2,1,Documentation,Under Review,0,,,1.49,2,1,1,Completed
MINE-011,Jharkhand Coal Mine 11,Eastern,Jharkhand,Underground,Coal,2020,12,2020-12-01,65303.12,4815796.69,2478860.53,509,108005.7,0.6046,71199.6,2241.93,1464051.05,1131077.27,332973.79,22.74,35469.86,41.486,0,2,0,,,0,,,0.3,0,0,0,Completed
MINE-010,Uttar Coal Mine 10,Northern,Uttar Pradesh,Mixed,Coal,2017,9,2017-09-01,18952.96,3804225.22,3470035.58,681,139699.6,0.1357,22184.01,2362.9,447839.26,320445.57,127393.69,28.45,7225.21,12.748,0,1,0,,,0,,,2.41,0,0,0,Completed
MINE-007,Gujarat Coal Mine 7,Western,Gujarat,Underground,Coal,2020,4,2020-04-01,11366.87,4595599.71,3999556.7,1512,308346.3,0.0369,17108.95,2847.89,323715.88,253126.9,70588.98,21.81,6259.55,11.801,0,0,0,,,1,Fire,Minor,1.12,1,0,1,Overdue
MINE-006,Maharashtra Limestone Mine 6,Western,Maharashtra,Open Cast,Limestone,2021,7,2021-07-01,31910.2,4919591.78,3587527.69,800,160578.1,0.1987,31170.43,1299.2,414578.16,358647.33,55930.84,13.49,7230.61,14.854,0,4,1,equipment,Closed,0,,,2.8,2,1,1,Overdue
MINE-002,West Iron Mine 2,Eastern,West Bengal,Open Cast,Iron Ore,2022,1,2022-01-01,69833.63,31788526.71,26404987.16,1970,366664.3,0.1905,67434.03,6042.83,4219927.66,2902653.69,1317273.97,31.22,28651.3,40.623,0,7,1,Documentation,Under Review,0,,,2.35,1,0,1,In Progress
MINE-003,Odisha Coal Mine 3,Eastern,Odisha,Underground,Coal,2023,2,2023-02-01,332809.45,24608205.58,10745545.13,1729,317842.9,1.0471,539236.0,2993.14,9961467.7,6218592.26,3742875.45,37.57,165686.72,245.145,0,0,0,,,1,Fire,Minor,2.0,0,0,0,Completed
MINE-024,Chhattisgarh Bauxite Mine 24,Central,Chhattisgarh,Underground,Bauxite,2021,1,2021-01-01,52668.82,8763956.29,6630198.49,1175,231564.7,0.2274,61711.28,1644.89,866342.6,519001.06,347341.54,40.09,22979.3,37.566,0,1,0,,,0,,,0.6,0,0,0,Completed
MINE-029,Andhra Copper Mine 29,Southern,Andhra Pradesh,Open Cast,Copper Ore,2016,4,2016-04-01,31072.25,11305197.36,11174440.82,266,57489.3,0.5405,29754.15,8090.08,2513770.22,1722439.1,791331.12,31.48,9155.88,20.385,0,1,0,,,0,,,0.5,0,0,0,Completed
MINE-010,Uttar Coal Mine 10,Northern,Uttar Pradesh,Mixed,Coal,2023,5,2023-05-01,66167.95,3804225.22,995648.67,1087,209658.5,0.3156,95456.37,3631.72,2403037.17,1831874.74,571162.42,23.77,13816.65,36.79,0,4,1,Environmental,Open,1,Electrical,Minor,1.21,1,0,1,Overdue
MINE-029,Andhra Copper Mine 29,Southern,Andhra Pradesh,Open Cast,Copper Ore,2020,1,2020-01-01,38150.15,11305197.36,9628797.6,276,55158.1,0.6917,35005.95,7773.14,2965463.76,1896097.59,1069366.17,36.06,16484.46,20.888,0,2,1,Equipment,Open,0,,,0.48,1,0,1,Overdue
MINE-030,Uttar Iron Mine 30,Northern,Uttar Pradesh,Mixed,Iron Ore,2016,2,2016-02-01,27727.8,9769224.08,9712222.4,758,144419.9,0.192,32304.55,4988.23,1383125.13,1021527.32,361597.8,26.14,8381.93,21.435,0,0,0,,,0,,,1.39,0,0,0,Completed
MINE-024,Chhattisgarh Bauxite Mine 24,Central,Chhattisgarh,Underground,Bauxite,2022,10,2022-10-01,64531.19,8763956.29,5340234.23,1239,244089.4,0.2644,83546.53,1521.01,981523.95,714710.9,266813.05,27.18,13296.01,37.867,0,0,1,Equipment,Under Review,0,,,2.7,1,0,1,Overdue
MINE-010,Uttar Coal Mine 10,Northern,Uttar Pradesh,Mixed,Coal,2024,2,2024-02-01,70105.55,3804225.22,387846.24,1139,210676.7,0.3328,93099.86,3451.15,2419449.21,1694285.52,725163.69,29.97,31060.27,50.023,0,2,0,,,0,,,1.24,0,0,0,Completed
MINE-024,Chhattisgarh Bauxite Mine 24,Central,Chhattisgarh,Underground,Bauxite,2019,5,2019-05-01,38406.47,8763956.29,7530469.49,1056,218338.3,0.1759,44683.26,1701.14,653349.16,373066.6,280282.56,42.9,15921.45,28.599,0,1,0,,,0,,,1.17,0,0,0,Completed
MINE-021,Jharkhand Limestone Mine 21,Eastern,Jharkhand,Open Cast,Limestone,2019,10,2019-10-01,3662.35,1715441.24,1510052.69,346,70591.8,0.0519,4514.03,733.34,26857.41,21625.7,5231.71,19.48,1326.55,9.622,0,2,1,Operational,Open,1,Slip/Fall,Minor,0.92,1,0,1,Pending
MINE-012,West Iron Mine 12,Eastern,West Bengal,Open Cast,Iron Ore,2020,8,2020-08-01,94035.1,17808314.68,13399911.86,932,169817.0,0.5537,120730.44,5860.52,5510950.18,3541454.67,1969495.51,35.74,34846.38,55.408,0,2,0,,,0,,,0.8,0,0,0,Completed
MINE-001,Jharkhand Coal Mine 1,Eastern,Jharkhand,Underground,Coal,2017,5,2017-05-01,86361.32,15973322.74,14748263.7,2424,483110.2,0.1788,138076.52,2640.04,2279975.85,1634085.72,645890.13,28.33,38023.61,67.237,0,1,0,,,0,,,1.0,1,0,1,In Progress
MINE-021,Jharkhand Limestone Mine 21,Eastern,Jharkhand,Open Cast,Limestone,2016,4,2016-04-01,4535.21,1715441.24,1696019.29,336,63499.4,0.0714,5278.79,1006.27,45636.38,39109.31,6527.07,14.3,892.82,9.114,0,2,0,,,0,,,1.16,0,0,0,Completed
MINE-006,Maharashtra Limestone Mine 6,Western,Maharashtra,Open Cast,Limestone,2016,7,2016-07-01,10974.69,4919591.78,4829686.27,666,137929.2,0.0796,8909.59,918.33,100783.42,92163.64,8619.78,8.55,3608.35,9.733,0,4,1,Environmental,Closed,1,Fire,Minor,1.16,1,0,1,Pending
MINE-007,Gujarat Coal Mine 7,Western,Gujarat,Underground,Coal,2016,11,2016-11-01,12021.03,4595599.71,4467803.42,1561,295963.6,0.0406,17320.41,2631.83,316373.61,217909.35,98464.26,31.12,4413.6,15.145,0,1,0,,,2,Fire,Moderate,2.26,0,0,0,Completed
MINE-030,Uttar Iron Mine 30,Northern,Uttar Pradesh,Mixed,Iron Ore,2022,7,2022-07-01,23325.17,9769224.08,7638156.76,753,,0.1593,21958.46,4706.19,1097727.74,767588.51,330139.23,30.07,8382.28,11.579,0,3,0,,,0,,,1.35,0,0,0,Completed
MINE-028,Telangana Coal Mine 28,Southern,Telangana,Open Cast,Coal,2021,4,2021-04-01,14983.3,10510635.28,9003363.87,921,199066.3,0.0753,18908.99,2298.45,344384.13,279837.94,64546.19,18.74,2774.43,12.662,0,0,0,,,0,,,0.59,0,0,0,Completed
MINE-014,Chhattisgarh Bauxite Mine 14,Central,Chhattisgarh,Underground,Bauxite,2024,5,2024-05-01,6332.98,3172486.06,2265298.99,732,148776.5,0.0426,10704.73,2536.87,160659.31,102114.38,58544.94,36.44,1283.85,5.781,0,3,2,Safety,Closed,1,Fall of Roof/Rock,Minor,3.35,3,1,2,Overdue
MINE-009,Andhra Iron Mine 9,Southern,Andhra Pradesh,underground,Iron Ore,2023,12,2023-12-01,34953.67,7961285.52,4685991.16,1134,227269.7,0.1538,59070.86,4973.52,1738426.32,1014153.73,724272.59,41.66,14191.75,25.198,0,1,0,,,0,,,1.22,0,0,0,Completed
MINE-022,West Copper Mine 22,Eastern,West Bengal,Open Cast,Copper Ore,2021,4,2021-04-01,111603.59,11657228.78,7164649.13,2261,480143.4,0.2324,98681.76,8923.86,9959351.75,6829482.69,3129869.07,31.43,19269.95,46.094,0,0,0,,,0,,,1.44,0,0,0,Completed
MINE-008,Telangana Iron Mine 8,Southern,Telangana,Open Cast,Iron Ore,2019,6,2019-06-01,15473.35,4242653.83,3693490.98,736,159613.5,0.0969,17952.22,7417.44,1147726.95,787368.93,360358.01,31.4,2487.29,9.914,0,1,1,Documentation,Under Review,2,Fire,Minor,2.99,2,0,2,Pending
MINE-003,Odisha Coal Mine 3,Eastern,Odisha,Underground,Coal,2016,10,2016-10-01,70456.61,24608205.58,23916931.64,1083,195010.6,0.3613,108230.53,2523.52,1777983.29,1390358.55,387624.75,21.8,34929.81,50.13,0,2,0,,,0,,,1.65,0,0,0,Completed
MINE-020,Uttar Iron Mine 20,Northern,Uttar Pradesh,Open Cast,Iron Ore,2017,11,2017-11-01,15522.24,4723977.98,4333450.55,424,76560.1,0.2027,19923.74,5221.38,810475.54,625121.19,185354.35,22.87,6369.04,10.53,0,1,1,Safety,Under Review,0,,,0.91,2,1,1,Overdue
MINE-017,Gujarat Iron Mine 17,Western,Gujarat,Open Cast,Iron Ore,2021,12,2021-12-01,29473.17,13268212.21,10878443.72,418,82053.1,0.3592,32230.91,5245.72,1546080.49,916603.27,629477.22,40.71,13096.31,16.686,0,3,0,,,0,,,2.35,0,0,0,Completed
MINE-024,Chhattisgarh Bauxite Mine 24,Central,Chhattisgarh,Underground,Bauxite,2016,2,2016-02-01,21645.12,8763956.29,8720507.4,989,188966.0,0.1145,31330.88,2234.38,483634.88,322762.47,160872.41,33.26,8052.2,16.603,0,0,0,,,1,Electrical,Minor,1.95,1,0,1,In Progress
MINE-030,Uttar Iron Mine 30,Northern,Uttar Pradesh,Mixed,Iron Ore,2024,2,2024-02-01,22532.1,9769224.08,7178361.4,731,137443.8,0.1639,28137.42,4830.56,1088426.4,922762.58,165663.82,15.22,6420.72,12.891,0,0,0,,,0,,,0.45,0,0,0,Completed
MINE-022,West Copper Mine 22,Eastern,West Bengal,OPEN CAST,Copper Ore,2016,10,2016-10-01,48996.52,11657228.78,11202224.01,1805,336538.2,0.1456,51605.28,7500.17,3674820.23,2200601.14,1474219.09,40.12,9384.24,23.592,0,1,0,,,0,,,0.7,0,0,0,Completed
MINE-020,Uttar Iron Mine 20,Northern,Uttar Pradesh,Open Cast,Iron Ore,2018,10,2018-10-01,17111.83,4723977.98,4137439.37,433,86745.9,0.1973,20997.7,5319.75,910307.01,670501.76,239805.25,26.34,5851.79,12.773,0,2,0,,,1,Machinery,Minor,1.47,0,0,0,Completed
MINE-016,Maharashtra Iron Mine 16,Western,Maharashtra,Underground,Iron Ore,2022,2,2022-02-01,11934.49,3852023.09,2819971.08,469,89031.4,0.134,15973.63,7403.45,883563.69,685555.62,198008.08,22.41,4491.23,8.638,0,1,1,Operational,Under Review,0,,,2.33,2,1,1,Overdue
MINE-026,Maharashtra Copper Mine 26,Western,Maharashtra,Underground,Copper Ore,2024,2,2024-02-01,26566.45,3439638.4,1471027.0,541,113025.5,0.235,44446.94,6105.41,1621989.69,1168201.97,453787.72,27.98,8859.34,23.751,0,3,0,,,2,Machinery,Minor,2.34,0,0,0,Completed
MINE-010,Uttar Coal Mine 10,Northern,Uttar Pradesh,Mixed,Coal,2022,2,2022-02-01,50190.84,3804225.22,1840785.8,964,193088.2,0.2599,50648.53,3239.83,1626099.19,934904.06,691195.14,42.51,22381.03,33.505,0,0,1,Documentation,Closed,1,Machinery,Moderate,1.93,1,0,1,Completed
MINE-005,Madhya Coal Mine 5,Central,Madhya Pradesh,Open Cast,Coal,2019,2,2019-02-01,13045.77,6162270.35,5418001.19,1034,191832.2,0.068,13310.65,2397.97,312833.54,262181.13,50652.41,16.19,2763.69,10.061,0,2,0,,,1,Fire,Minor,2.77,0,0,0,Completed
MINE-009,Andhra Iron Mine 9,Southern,Andhra Pradesh,Underground,Iron Ore,2023,7,2023-07-01,31644.22,7961285.52,4856945.42,1124,206597.5,0.1532,34283.26,5051.59,1598535.49,1040452.19,558083.3,34.91,9393.07,15.483,0,0,0,,,0,,,0.37,0,0,0,Completed
MINE-010,Uttar Coal Mine 10,Northern,Uttar Pradesh,Mixed,Coal,2021,11,2021-11-01,45905.94,3804225.22,1982317.68,898,189606.4,0.2421,45563.25,3363.93,1544245.45,942410.76,601834.69,38.97,21168.88,24.744,0,2,0,,,0,,,2.08,0,0,0,Completed
MINE-026,Maharashtra Copper Mine 26,Western,Maharashtra,Underground,Copper Ore,2018,12,2018-12-01,19301.5,3439638.4,2843104.59,516,105022.0,0.1838,28294.29,6746.44,1302163.99,775141.49,527022.49,40.47,5703.28,16.561,0,1,0,,,0,,,0.95,0,0,0,Completed
MINE-006,Maharashtra Limestone Mine 6,Western,Maharashtra,Open Cast,Limestone,2024,4,2024-04-01,49434.74,4919591.78,2368757.88,995,187223.0,0.264,58207.66,999.6,494150.88,416106.47,78044.41,15.79,19991.72,32.928,0,0,0,,,0,,,0.4,0,0,0,Completed
MINE-029,Andhra Copper Mine 29,Southern,Andhra Pradesh,Open Cast,Copper Ore,2016,7,2016-07-01,30450.13,11305197.36,11081311.28,274,52841.7,0.5763,33373.87,8425.16,2565473.76,2087519.3,477954.46,18.63,5114.9,16.832,0,3,1,Emergency Preparedness,Open,0,,,0.44,1,0,1,Completed
MINE-012,West Iron Mine 12,Eastern,West Bengal,Open Cast,Iron Ore,2018,7,2018-07-01,71252.93,17808314.68,15724362.04,925,174678.2,0.4079,60212.08,5554.4,3957673.74,3340136.28,617537.45,15.6,25077.81,36.143,0,0,0,,,0,,,2.33,0,0,0,Completed
MINE-011,Jharkhand Coal Mine 11,Eastern,Jharkhand,Underground,Coal,2022,7,2022-07-01,81309.01,4815796.69,982515.15,549,115610.3,0.7033,111425.04,2222.47,1807064.62,1333484.85,473579.77,26.21,34034.27,52.08,0,0,0,,,0,,,1.89,0,0,0,Completed
MINE-014,Chhattisgarh Bauxite Mine 14,Central,Chhattisgarh,underground,Bauxite,2016,12,2016-12-01,10524.39,3172486.06,3026548.66,832,166659.7,0.0631,11749.96,2090.25,219986.23,162322.8,57663.43,26.21,2791.33,5.185,0,1,0,,,1,Fall of Roof/Rock,Minor,0.68,0,0,0,Completed
MINE-028,Telangana Coal Mine 28,Southern,Telangana,Open Cast,Coal,2019,5,2019-05-01,22002.03,10510635.28,9407746.61,999,197561.3,0.1114,23081.41,2470.56,543573.9,457841.62,85732.28,15.77,8556.38,12.44,0,6,0,,,1,Fall of Roof/Rock,Minor,1.85,0,0,0,Completed
MINE-015,Madhya Iron Mine 15,Central,Madhya Pradesh,Open Cast,Iron Ore,2017,4,2017-04-01,42462.84,14086398.07,13451742.52,857,168575.1,0.2519,46698.11,5252.08,2230183.93,1410894.95,819288.98,36.74,18573.63,27.775,0,3,0,,,0,,,1.13,1,0,1,Pending
MINE-030,Uttar Iron Mine 30,Northern,Uttar Pradesh,Mixed,Iron Ore,2020,4,2020-04-01,27789.67,9769224.08,8315747.01,768,152523.5,0.1822,26319.28,5459.94,1517300.44,1000759.61,516540.83,34.04,12936.3,18.56,0,1,0,,,0,,,2.34,0,0,0,Completed
MINE-013,Odisha Coal Mine 13,Eastern,Odisha,Open Cast,Coal,2016,5,2016-05-01,28633.83,11260157.97,11123822.11,537,109815.0,0.2607,26260.67,2340.25,670102.01,480634.73,189467.28,28.27,6903.51,13.076,0,3,1,Operational,Under Review,2,Fall of Roof/Rock,Moderate,2.93,1,0,1,Completed
MINE-029,Andhra Copper Mine 29,Southern,Andhra Pradesh,Open Cast,Copper Ore,2024,2,2024-02-01,43088.73,11305197.36,7616905.88,293,56252.2,0.766,49319.23,7791.06,3357069.91,2252742.21,1104327.71,32.9,15340.68,23.098,0,2,1,Safety,Under Review,1,Gas/Explosion,Moderate,1.19,1,0,1,Completed
MINE-027,Gujarat Iron Mine 27,Western,Gujarat,Open Cast,Iron Ore,2019,5,2019-05-01,11978.83,6248149.8,5551301.36,713,150150.8,0.0798,15042.52,6225.35,745724.15,528112.07,217612.09,29.18,4490.72,10.214,0,1,0,,,0,,,0.88,0,0,0,Completed
MINE-015,Madhya Iron Mine 15,Central,Madhya Pradesh,Open Cast,Iron Ore,2023,8,2023-08-01,103020.11,14086398.07,7859715.11,1127,231907.3,0.4442,86217.64,6302.21,6492544.47,3745317.48,2747226.99,42.31,34684.2,47.199,0,2,0,,,0,,,0.38,0,0,0,Completed
MINE-002,West Iron Mine 2,Eastern,West Bengal,Open Cast,Iron Ore,2020,5,2020-05-01,71844.09,31788526.71,27726727.48,2090,418541.2,0.1717,65487.18,6076.9,4365894.82,2778493.65,1587401.17,36.36,16007.02,30.583,0,1,1,Emergency Preparedness,Closed,0,,,2.35,1,0,1,In Progress
MINE-016,Maharashtra Iron Mine 16,Western,Maharashtra,Underground,Iron Ore,2023,1,2023-01-01,13677.41,3852023.09,2690386.88,457,87417.7,0.1565,19699.56,7239.01,990108.95,629704.05,360404.9,36.4,6467.7,14.586,0,1,0,,,1,Haulage/Transport,Minor,2.73,0,0,0,Completed
MINE-009,Andhra Iron Mine 9,Southern,Andhra Pradesh,Underground,Iron Ore,2023,9,2023-09-01,31196.39,7961285.52,4794150.76,1102,224248.8,0.1391,42048.85,5122.36,1597991.55,1097157.12,500834.42,31.34,8634.77,23.373,0,0,1,Environmental,Open,1,Fall of Roof/Rock,Moderate,2.72,1,0,1,Pending
MINE-027,Gujarat Iron Mine 27,Western,Gujarat,Open Cast,Iron Ore,2021,2,2021-02-01,9520.0,6248149.8,5328092.08,714,142001.5,0.067,12216.76,5628.17,535802.09,311472.21,224329.87,41.87,4141.6,11.393,0,2,0,,,1,Machinery,Minor,1.73,0,0,0,Completed
MINE-030,Uttar Iron Mine 30,Northern,Uttar Pradesh,Mixed,Iron Ore,2019,10,2019-10-01,26400.14,9769224.08,8478864.74,759,159990.3,0.165,39261.68,5199.33,1372629.88,1073855.57,298774.31,21.77,7963.82,23.157,0,2,1,Environmental,Open,1,Slip/Fall,Minor,1.62,2,1,1,Completed
MINE-009,Andhra Iron Mine 9,Southern,Andhra Pradesh,Underground,Iron Ore,2017,2,2017-02-01,36908.24,7961285.52,7481785.32,1167,222111.9,0.1662,49154.45,5580.31,2059593.85,1523253.39,536340.46,26.04,20355.26,25.164,0,1,1,EQUIPMENT,Closed,1,Electrical,Minor,1.04,1,0,1,Overdue
MINE-018,Telangana Iron Mine 18,Southern,Telangana,MIXED,Iron Ore,2022,12,2022-12-01,9570.58,4638464.7,3698585.48,906,189430.9,0.0505,10055.48,4577.21,438065.74,358448.92,79616.82,18.17,2028.26,9.414,0,0,0,,,0,,,0.94,0,0,0,Completed
MINE-018,Telangana Iron Mine 18,Southern,Telangana,Mixed,Iron Ore,2020,1,2020-01-01,9926.33,4638464.7,4039052.15,965,201224.1,0.0493,14202.5,4072.68,404267.39,260498.05,143769.34,35.56,4594.22,10.99,0,0,0,,,0,,,2.3,0,0,0,Completed
MINE-021,Jharkhand Limestone Mine 21,Eastern,Jharkhand,Open Cast,Limestone,2019,5,2019-05-01,3893.57,1715441.24,1529182.92,329,62120.1,0.0627,3385.53,728.76,28374.7,25040.96,3333.74,11.75,757.42,7.734,0,0,0,,,0,,,0.07,0,0,0,Completed
MINE-001,Jharkhand Coal Mine 1,Eastern,Jharkhand,Underground,Coal,2024,3,2024-03-01,255134.07,15973322.74,2404769.95,3353,729217.3,0.3499,429630.92,2519.6,6428353.39,4199630.95,2228722.44,34.67,125861.53,195.361,0,0,0,,,2,Machinery,Minor,3.11,0,0,0,Completed
MINE-029,Andhra Copper Mine 29,Southern,Andhra Pradesh,Open Cast,Copper Ore,2020,9,2020-09-01,35260.61,11305197.36,9325074.25,281,54704.4,0.6446,29202.51,7417.19,2615345.13,1498865.47,1116479.66,42.69,10241.42,20.928,0,5,1,Safety,Under Review,1,Electrical,Minor,1.61,1,0,1,Pending
MINE-024,Chhattisgarh Bauxite Mine 24,Central,Chhattisgarh,Underground,Bauxite,2022,2,2022-02-01,63575.97,8763956.29,5868722.03,1274,242770.9,0.2619,111525.84,1653.89,1051476.16,705969.51,345506.65,32.86,36816.09,57.162,0,2,0,,,0,,,2.27,0,0,0,Completed
MINE-003,Odisha Coal Mine 3,Eastern,Odisha,Underground,Coal,2019,2,2019-02-01,131509.7,24608205.58,21058082.77,1256,268114.9,0.4905,905896.3206302102,2531.58,3329271.08,2601827.33,727443.76,21.85,32846.52,71.017,0,2,0,,,0,,,1.08,0,0,0,Completed
MINE-001,Jharkhand Coal Mine 1,Eastern,Jharkhand,Underground,Coal,2024,8,2024-08-01,248411.03,15973322.74,1143125.47,3389,637104.2,0.3899,317297.97,2543.97,6319506.2,4859936.7,1459569.5,23.1,81252.65,138.209,0,0,0,,,0,,,0.01,0,0,0,Completed
MINE-014,Chhattisgarh Bauxite Mine 14,Central,Chhattisgarh,Underground,Bauxite,2019,6,2019-06-01,9755.83,3172486.06,2711998.09,804,151513.6,0.0644,14670.19,2694.96,262916.17,161920.86,100995.31,38.41,5411.02,10.619,0,0,0,,,1,Haulage/Transport,Minor,1.25,1,0,1,Completed
MINE-014,Chhattisgarh Bauxite Mine 14,Central,Chhattisgarh,Underground,Bauxite,2019,4,2019-04-01,9851.21,3172486.06,2731813.81,787,164763.7,0.0598,14114.55,2653.26,261378.31,157994.63,103383.68,39.55,5279.03,11.975,0,0,0,,,0,,,0.64,0,0,0,Completed
MINE-016,Maharashtra Iron Mine 16,Western,Maharashtra,Underground,Iron Ore,2018,5,2018-05-01,12613.35,3852023.09,3415459.2,433,90825.6,0.1389,20174.0,5914.96,746074.79,567722.74,178352.05,23.91,3020.77,9.005,0,2,0,,,0,,,1.02,0,0,0,Completed
MINE-006,Maharashtra Limestone Mine 6,Western,Maharashtra,Open Cast,Limestone,2019,11,2019-11-01,21827.65,4919591.78,4126550.42,738,161499.8,0.1352,25405.76,1149.11,250824.18,177486.42,73337.77,29.24,7138.92,12.643,0,1,0,,,1,Electrical,Minor,1.81,0,0,0,Completed
MINE-006,Maharashtra Limestone Mine 6,Western,Maharashtra,Open Cast,Limestone,2023,4,2023-04-01,36100.08,4919591.78,2872790.5,893,188022.2,0.192,29863.75,1080.98,390235.16,267214.86,123020.3,31.52,9472.44,14.445,0,3,0,,,1,Fire,Minor,2.02,0,0,0,Completed
MINE-016,Maharashtra Iron Mine 16,Western,Maharashtra,Underground,Iron Ore,2022,5,2022-05-01,11871.42,3852023.09,2784457.01,439,80760.7,0.147,16970.04,7522.06,892975.62,578225.2,314750.41,35.25,2963.03,7.473,0,0,0,,,1,Haulage/Transport,Moderate,0.87,0,0,0,Completed
MINE-020,Uttar Iron Mine 20,Northern,Uttar Pradesh,Open Cast,Iron Ore,2020,2,2020-02-01,18710.31,4723977.98,3838320.38,443,92060.2,0.2032,17874.2,5244.07,981182.06,655499.55,325682.51,33.19,8329.86,16.664,0,3,0,,,0,,,1.13,1,0,1,In Progress
MINE-021,Jharkhand Limestone Mine 21,Eastern,Jharkhand,Open Cast,Limestone,2019,4,2019-04-01,4168.21,1715441.24,1533076.49,326,63996.4,0.0651,3842.12,740.62,30870.58,22129.42,8741.15,28.32,1526.08,4.841,0,1,0,,,0,,,0.26,1,0,1,Completed
MINE-004,Chhattisgarh Coal Mine 4,Central,Chhattisgarh,Underground,Coal,2022,8,2022-08-01,5660.03,3455223.81,2719114.41,1290,268861.8,0.0211,6859.26,2224.91,125930.37,96824.55,29105.82,23.11,2747.37,8.302,0,3,1,Emergency Preparedness,Open,1,Haulage/Transport,Moderate,1.51,1,0,1,Pending
MINE-011,Jharkhand Coal Mine 11,Eastern,Jharkhand,Underground,Coal,2022,3,2022-03-01,82336.14,4815796.69,1342660.87,552,118256.5,0.6963,130701.35,2109.5,1736883.39,1277756.19,459127.2,26.43,30584.65,61.323,0,3,0,,,0,,,0.12,0,0,0,Completed
MINE-021,Jharkhand Limestone Mine 21,Eastern,Jharkhand,Open Cast,Limestone,2023,12,2023-12-01,3902.11,1715441.24,1326610.93,333,72526.8,0.0538,3898.38,642.52,25071.67,24260.19,811.48,3.24,1261.22,8.443,0,2,1,Environmental,Under Review,1,Gas/Explosion,Minor,2.43,2,1,1,Overdue
MINE-027,Gujarat Iron Mine 27,Western,Gujarat,Open Cast,Iron Ore,2020,8,2020-08-01,8773.67,6248149.8,5384751.14,697,135053.6,0.065,7355.07,6001.63,526562.97,341778.85,184784.11,35.09,2035.42,6.712,0,1,0,,,0,,,0.65,0,0,0,Completed
MINE-016,Maharashtra Iron Mine 16,Western,Maharashtra,Underground,Iron Ore,2021,3,2021-03-01,12851.54,3852023.09,2955416.15,429,86802.2,0.1481,16313.29,7589.64,975385.14,831029.16,144355.99,14.8,4136.52,9.733,0,2,0,,,0,,,0.45,0,0,0,Completed
MINE-020,Uttar Iron Mine 20,Northern,Uttar Pradesh,Open Cast,Iron Ore,2016,5,2016-05-01,16180.83,4723977.98,4641956.01,415,80258.7,0.2016,19064.45,5166.28,835946.62,599897.0,236049.62,28.24,5655.47,13.861,0,3,0,,,9,Gas/Explosion,Serious,2.81,1,0,1,Pending
MINE-029,Andhra Copper Mine 29,Southern,Andhra Pradesh,Open Cast,Copper Ore,2022,3,2022-03-01,40975.37,11305197.36,8602857.59,281,59258.8,0.6915,49168.76,7898.25,3236338.13,1986438.58,1249899.55,38.62,10998.28,26.226,0,3,0,,,0,,,0.86,0,0,0,Completed
MINE-005,Madhya Coal Mine 5,Central,Madhya Pradesh,Open Cast,Coal,2017,9,2017-09-01,18194.95,6162270.35,5725524.89,1088,205528.6,0.0885,16580.35,2418.3,440008.35,314596.02,125412.34,28.5,5767.65,15.619,0,1,0,,,3,Electrical,Minor,3.23,0,0,0,Completed
MINE-022,West Copper Mine 22,Eastern,West Bengal,Open Cast,Copper Ore,2018,10,2018-10-01,69324.4,11657228.78,9814610.22,1979,358189.5,0.1935,78795.47,7555.32,5237680.77,2962698.07,2274982.7,43.43,22505.25,39.304,0,0,0,,,0,,,1.19,1,0,1,Overdue
MINE-013,Odisha Coal Mine 13,Eastern,Odisha,Open Cast,Coal,2018,8,2018-08-01,37340.8,11260157.97,10238430.78,588,124166.5,0.3007,30014.48,2605.23,972814.83,833957.2,138857.63,14.27,12622.59,22.527,0,0,1,Environmental,Under Review,2,Electrical,Serious,3.01,1,0,1,Pending
MINE-028,Telangana Coal Mine 28,Southern,Telangana,Open Cast,Coal,2018,5,2018-05-01,24571.56,10510635.28,9674161.26,1033,202573.6,0.1213,28026.18,2508.36,616343.08,431717.03,184626.05,29.96,9081.89,19.643,0,0,0,,,1,Fire,Minor,2.41,0,0,0,Completed
MINE-019,Andhra Coal Mine 19,Southern,Andhra Pradesh,Open Cast,Coal,2024,10,2024-10-01,41337.48,6903354.37,3614940.16,137,25852.1,1.599,43609.16,2188.81,904798.01,617914.6,286883.41,31.71,17028.58,26.558,0,0,0,,,1,Fire,Minor,2.6,0,0,0,Completed
MINE-009,Andhra Iron Mine 9,Southern,Andhra Pradesh,Underground,Iron Ore,2017,5,2017-05-01,35690.84,7961285.52,7382749.35,1159,252233.6,0.1415,57682.98,5688.32,2030209.37,1670594.52,359614.85,17.71,17999.46,30.44,0,0,1,EQUIPMENT,Open,0,,,0.88,1,0,1,Completed
MINE-030,Uttar Iron Mine 30,Northern,Uttar Pradesh,Mixed,Iron Ore,2020,1,2020-01-01,27532.39,9769224.08,8395917.89,786,156244.4,0.1762,30970.53,5285.66,1455268.21,1112657.82,342610.39,23.54,7349.95,15.563,0,0,0,,,0,,,2.44,1,0,1,Overdue
MINE-006,Maharashtra Limestone Mine 6,Western,Maharashtra,Open Cast,Limestone,2022,12,2022-12-01,40651.03,4919591.78,3022362.0,951,203845.4,0.1994,41929.86,1102.29,448090.52,270413.19,177677.32,39.65,10939.78,19.494,0,1,0,,,0,,,0.67,0,0,0,Completed
MINE-023,Odisha Copper Mine 23,Eastern,Odisha,Open Cast,Copper Ore,2017,6,2017-06-01,55892.56,20545143.55,19606546.18,1639,306341.9,0.1825,61418.53,7620.69,4259397.42,3125968.05,1133429.36,26.61,22389.09,30.026,0,2,0,,,0,,,2.44,1,0,1,Pending
MINE-028,Telangana Coal Mine 28,Southern,Telangana,Open Cast,Coal,2024,11,2024-11-01,9018.6,10510635.28,8520665.51,947,206947.1,0.0436,9297.77,1930.44,174098.91,107138.08,66960.83,38.46,2020.71,11.422,0,0,0,,,0,,,0.16,0,0,0,Completed
MINE-017,Gujarat Iron Mine 17,Western,Gujarat,Open Cast,Iron Ore,2020,12,2020-12-01,31092.87,13268212.21,11242516.78,418,77131.0,0.4031,31335.69,5795.77,1802072.61,1160954.11,641118.5,35.58,7813.87,18.311,0,3,1,Equipment,Closed,1,Slip/Fall,Minor,1.43,2,0,2,Overdue
MINE-003,Odisha Coal Mine 3,Eastern,Odisha,Underground,Coal,2019,11,2019-11-01,152395.67,24608205.58,19773521.17,1233,238319.2,0.6395,210708.58,2749.29,4189805.53,3160683.61,1029121.92,24.56,66873.49,104.581,0,0,0,,,1,Electrical,Minor,0.43,0,0,0,Completed
MINE-016,Maharashtra Iron Mine 16,Western,Maharashtra,Underground,Iron Ore,2017,3,2017-03-01,15288.03,3852023.09,3619812.01,469,101615.0,0.1505,25914.68,6386.61,976386.26,795054.1,181332.15,18.57,5304.63,14.921,0,0,0,,,1,Fall of Roof/Rock,Minor,2.06,1,0,1,Completed
MINE-014,Chhattisgarh Bauxite Mine 14,Central,Chhattisgarh,Underground,Bauxite,2018,11,2018-11-01,10481.61,3172486.06,2780087.3,783,155105.6,0.0676,15434.03,2631.03,275774.46,189353.96,86420.5,31.34,5906.56,10.503,0,1,0,,,0,,,2.11,0,0,0,Completed
MINE-021,Jharkhand Limestone Mine 21,Eastern,Jharkhand,Open Cast,Limestone,2019,3,2019-03-01,3749.53,1715441.24,1537244.7,319,62082.1,0.0604,3907.33,759.76,28487.27,26168.75,2318.53,8.14,830.5,3.302,0,2,1,Emergency Preparedness,Under Review,0,,,2.33,2,1,1,Completed
MINE-019,Andhra Coal Mine 19,Southern,Andhra Pradesh,Open Cast,Coal,2018,2,2018-02-01,23168.17,6903354.37,6294073.09,129,26438.5,0.8763,26252.61,2496.6,578417.51,388936.59,189480.92,32.76,4434.03,14.175,0,2,0,,,3,Haulage/Transport,Minor,2.62,0,0,0,Completed
MINE-024,Chhattisgarh Bauxite Mine 24,Central,Chhattisgarh,Underground,Bauxite,2019,1,2019-01-01,37178.69,8763956.29,7682146.97,1087,211183.2,0.176,64675.86,1688.28,627679.04,405571.76,222107.28,35.39,8603.74,31.118,0,2,0,,,2,Fall of Roof/Rock,Moderate,1.0,1,0,1,Overdue
MINE-017,Gujarat Iron Mine 17,Western,Gujarat,Open Cast,Iron Ore,2022,3,2022-03-01,27319.35,13268212.21,10793266.96,420,80971.5,0.3374,30525.83,5315.24,1452088.9,879087.68,573001.22,39.46,5143.54,15.815,0,3,0,,,0,,,0.33,0,0,0,Completed
MINE-006,Maharashtra Limestone Mine 6,Western,Maharashtra,Open Cast,Limestone,2024,5,2024-05-01,54305.24,4919591.78,2314452.64,1070,234708.6,0.2314,63052.92,1005.74,546170.09,439281.9,106888.19,19.57,23454.96,35.314,0,1,0,,,0,,,0.84,0,0,0,Completed
MINE-007,Gujarat Coal Mine 7,Western,Gujarat,Underground,Coal,2017,6,2017-06-01,13249.28,4595599.71,4386782.08,1588,310621.2,0.0427,19099.58,2887.95,382631.98,251919.54,130712.44,34.16,4730.44,8.376,0,0,0,,,1,Fire,Moderate,1.25,0,0,0,Completed
MINE-023,Odisha Copper Mine 23,Eastern,Odisha,Open Cast,Copper Ore,2016,10,2016-10-01,54514.84,20545143.55,20049878.37,1526,326559.6,0.1669,49404.95,7916.04,4315417.35,3507920.32,807497.03,18.71,16598.21,23.774,0,2,0,,,0,,,1.87,0,0,0,Completed
MINE-025,Madhya Limestone Mine 25,Central,Madhya Pradesh,Open Cast,Limestone,2016,7,2016-07-01,13900.14,5333812.33,5234685.3,1209,254718.5,0.0546,17300.39,856.91,119112.03,96852.37,22259.66,18.69,4259.64,14.335,0,2,0,,,1,Slip/Fall,Minor,2.32,0,0,0,Completed
MINE-029,Andhra Copper Mine 29,Southern,Andhra Pradesh,Open Cast,Copper Ore,2020,12,2020-12-01,42216.09,11305197.36,9203674.68,280,57283.5,0.737,41796.55,7631.23,3221608.1,2061852.92,1159755.18,36.0,13712.21,21.601,0,0,1,Operational,Open,0,,,2.28,1,0,1,Completed
MINE-019,Andhra Coal Mine 19,Southern,Andhra Pradesh,Open Cast,Coal,2017,4,2017-04-01,22466.34,6903354.37,6537447.46,124,23833.7,0.9426,26101.04,2635.72,592149.23,395520.04,196629.18,33.21,8675.75,17.026,0,1,0,,,3,Haulage/Transport,Serious,3.09,0,0,0,Completed
MINE-028,Telangana Coal Mine 28,Southern,Telangana,Open Cast,Coal,2021,1,2021-01-01,14869.57,10510635.28,9046460.33,1017,194739.5,0.0764,12131.53,2341.26,348135.72,283427.56,64708.16,18.59,5652.46,8.202,0,4,0,,,1,Fire,Fatal,1.77,0,0,0,Completed
MINE-005,Madhya Coal Mine 5,Central,Madhya Pradesh,Open Cast,Coal,2020,9,2020-09-01,12985.84,6162270.35,5133121.35,1032,188161.1,0.069,13009.6,2432.52,315883.31,244538.69,71344.62,22.59,4796.99,8.096,0,2,0,,,1,Fire,Moderate,0.54,1,0,1,Pending
MINE-018,Telangana Iron Mine 18,Southern,Telangana,Mixed,Iron Ore,2016,8,2016-08-01,11620.57,4638464.7,4532970.77,943,176379.6,0.0659,16534.41,5082.64,590631.96,510899.66,79732.3,13.5,5947.74,13.946,0,0,0,,,1,Electrical,Moderate,1.43,0,0,0,Completed
MINE-017,Gujarat Iron Mine 17,Western,Gujarat,Open Cast,Iron Ore,2016,7,2016-07-01,35433.08,13268212.21,13003881.65,454,98660.7,0.3591,35276.77,4827.82,1710644.52,1222770.89,487873.63,28.52,14893.63,21.482,0,1,0,,,0,,,0.38,0,0,0,Completed
MINE-027,Gujarat Iron Mine 27,Western,Gujarat,Open Cast,Iron Ore,2024,8,2024-08-01,4173.94,6248149.8,5045409.51,663,125888.5,0.0332,4337.16,5879.46,245404.91,168603.55,76801.36,31.3,1609.47,8.014,0,3,0,,,1,Machinery,Moderate,1.69,0,0,0,Completed
MINE-002,West Iron Mine 2,Eastern,West Bengal,Open Cast,Iron Ore,2019,3,2019-03-01,64277.29,31788526.71,28719727.88,1973,381774.7,0.1684,71057.21,5622.84,3614209.5,2296487.71,1317721.79,36.46,11838.09,32.511,0,2,0,,,0,,,1.37,1,0,1,Completed
MINE-015,Madhya Iron Mine 15,Central,Madhya Pradesh,Open Cast,Iron Ore,2017,11,2017-11-01,46113.07,14086398.07,13133190.32,869,161503.0,0.2855,56332.08,5523.54,2547073.03,2004259.76,542813.27,21.31,10868.36,22.475,0,0,0,,,1,Haulage/Transport,Minor,1.01,1,0,1,Overdue
MINE-019,Andhra Coal Mine 19,Southern,Andhra Pradesh,open cast,Coal,2019,7,2019-07-01,26082.8,6903354.37,5842642.66,128,24578.2,1.0612,28838.45,2549.57,664997.91,530416.19,134581.71,20.24,10043.22,16.101,0,1,0,,,3,Electrical,Minor,2.77,0,0,0,Completed
MINE-013,Odisha Coal Mine 13,Eastern,Odisha,Open Cast,Coal,2022,2,2022-02-01,59486.9,11260157.97,8267193.8,692,152237.5,0.3908,70924.88,2959.66,1760608.46,1341796.06,418812.4,23.79,9115.45,26.018,0,1,1,Equipment,Open,0,,,2.24,1,0,1,Overdue
MINE-023,Odisha Copper Mine 23,Eastern,Odisha,Open Cast,Copper Ore,2022,3,2022-03-01,87484.97,20545143.55,15499902.12,1674,353066.6,0.2478,79908.51,5754.88,5034651.0,3122030.56,1912620.44,37.99,36253.77,43.656,0,0,0,,,0,,,1.55,0,0,0,Completed
MINE-030,Uttar Iron Mine 30,Northern,Uttar Pradesh,Mixed,Iron Ore,2021,8,2021-08-01,22476.74,9769224.08,7912168.55,767,159219.4,0.1412,30170.5,5114.22,1149511.16,788794.29,360716.87,31.38,11468.26,19.263,0,1,0,,,0,,,2.32,0,0,0,Completed
MINE-028,Telangana Coal Mine 28,Southern,Telangana,Open Cast,Coal,2023,3,2023-03-01,10377.72,10510635.28,8708828.51,963,183244.6,0.0566,8792.28,2190.15,227287.31,153218.84,74068.47,32.59,3222.54,12.212,0,1,0,,,0,,,1.19,0,0,0,Completed
MINE-027,Gujarat Iron Mine 27,Western,Gujarat,Open Cast,Iron Ore,2016,4,2016-04-01,22649.82,6248149.8,6159868.54,793,165872.5,0.1365,21120.94,5208.14,1179633.38,721296.0,458337.38,38.85,8455.73,10.871,0,0,1,Environmental,Closed,2,Gas/Explosion,Moderate,3.58,1,0,1,In Progress
MINE-007,Gujarat Coal Mine 7,Western,Gujarat,Underground,Coal,2016,12,2016-12-01,11435.28,4595599.71,4456368.14,1542,301924.4,0.0379,18748.07,2768.79,316619.31,190463.73,126155.59,39.84,5417.99,12.333,0,0,1,Safety,Open,2,Haulage/Transport,Serious,1.19,1,0,1,In Progress
MINE-017,Gujarat Iron Mine 17,Western,Gujarat,Open Cast,Iron Ore,2021,7,2021-07-01,28633.27,13268212.21,11024611.23,415,77132.8,0.3712,33524.37,5455.73,1562152.88,1177561.25,384591.62,24.62,7520.13,18.454,0,1,0,,,0,,,0.62,0,0,0,Completed
MINE-024,Chhattisgarh Bauxite Mine 24,Central,Chhattisgarh,Underground,Bauxite,2018,4,2018-04-01,32311.93,8763956.29,7996434.68,990,216534.1,0.1492,39274.8,1940.72,627082.82,412085.79,214997.03,34.29,14361.03,26.342,0,1,0,,,0,,,2.49,0,0,0,Completed
MINE-002,West Iron Mine 2,Eastern,West Bengal,Open Cast,Iron Ore,2022,7,2022-07-01,57480.59,31788526.71,26025897.75,1932,403628.3,0.1424,61647.45,5826.83,3349298.56,2199635.62,1149662.95,34.33,19388.7,31.996,0,2,0,,,0,,,1.71,0,0,0,Completed
MINE-011,Jharkhand Coal Mine 11,Eastern,Jharkhand,Underground,Coal,2021,8,2021-08-01,65320.48,4815796.69,1924293.02,535,102582.0,0.6368,92165.66,2155.48,1407971.49,1149313.99,258657.5,18.37,22159.82,45.425,0,0,0,,,0,,,1.98,0,0,0,Completed
MINE-006,Maharashtra Limestone Mine 6,Western,Maharashtra,Open Cast,Limestone,2021,9,2021-09-01,27553.84,4919591.78,3529522.54,803,146774.9,0.1877,33119.19,1231.91,339439.2,199222.42,140216.78,41.31,9935.71,19.739,0,1,1,Equipment,Open,0,,,1.4,2,1,1,Overdue
MINE-021,Jharkhand Limestone Mine 21,Eastern,Jharkhand,Open Cast,Limestone,2018,8,2018-08-01,4068.26,1715441.24,1567157.6,345,74706.2,0.0545,3964.29,823.76,33512.55,25947.68,7564.87,22.57,1351.13,2.353,0,0,0,,,0,,,1.51,0,0,0,Completed
MINE-026,Maharashtra Copper Mine 26,Western,Maharashtra,Underground,Copper Ore,2024,4,2024-04-01,25865.03,3439638.4,1421357.01,532,108930.0,0.2374,42048.52,6009.95,1554474.45,1145798.89,408675.56,26.29,12061.78,26.54,0,3,0,,,1,Gas/Explosion,Moderate,2.0,0,0,0,Completed
MINE-018,Telangana Iron Mine 18,Southern,Telangana,Mixed,Iron Ore,2023,11,2023-11-01,8663.4,4638464.7,3603962.92,882,165766.6,0.0523,8278.71,4107.93,355886.11,260567.32,95318.79,26.78,3173.1,11.118,0,1,0,,,0,,,2.01,2,1,1,Overdue
MINE-002,West Iron Mine 2,Eastern,West Bengal,Open Cast,Iron Ore,2023,6,2023-06-01,56525.98,31788526.71,25388406.87,1872,351440.7,0.1608,54120.19,5911.51,3341541.34,2663659.68,677881.66,20.29,19534.74,31.307,0,2,0,,,0,,,1.37,0,0,0,Completed
MINE-028,Telangana Coal Mine 28,Southern,Telangana,Open Cast,Coal,2017,4,2017-04-01,25534.12,10510635.28,10020185.88,1057,212328.8,0.1203,32328.39,2431.07,620753.38,420428.78,200324.6,32.27,11208.2,23.104,0,3,0,,,1,Machinery,Minor,2.58,0,0,0,Completed
MINE-022,West Copper Mine 22,Eastern,West Bengal,Open Cast,Copper Ore,2020,12,2020-12-01,112092.81,11657228.78,7590928.5,2373,434471.7,0.258,136636.31,8741.33,9798404.25,8279408.35,1518995.9,15.5,48639.53,70.93,0,3,2,Operational,Under Review,0,,,3.09,2,0,2,Pending
MINE-003,Odisha Coal Mine 3,Eastern,Odisha,Underground,Coal,2022,6,2022-06-01,316247.17,24608205.58,13192109.79,1750,369402.6,0.8561,527007.29,3094.65,9786754.13,6764287.4,3022466.73,30.88,159697.65,240.37,0,1,1,Equipment,Under Review,2,Gas/Explosion,Minor,2.48,1,0,1,Completed
MINE-008,Telangana Iron Mine 8,Southern,Telangana,Open Cast,Iron Ore,2016,11,2016-11-01,13688.97,4242653.83,4111336.93,714,153342.4,0.0893,11331.65,5761.75,788724.49,630883.31,157841.18,20.01,5430.48,6.917,0,3,0,,,4,Fire,Moderate,3.77,0,0,0,Completed
MINE-004,Chhattisgarh Coal Mine 4,Central,Chhattisgarh,Underground,Coal,2022,5,2022-05-01,6863.59,3455223.81,2737036.12,1342,291985.0,0.0235,8138.18,2387.76,163885.97,122355.97,41530.0,25.34,4115.23,7.894,0,1,0,,,2,Electrical,Serious,3.27,0,0,0,Completed
MINE-002,West Iron Mine 2,Eastern,West Bengal,Open Cast,Iron Ore,2017,3,2017-03-01,81611.72,31788526.71,30548202.94,2153,463994.0,0.1759,91003.27,5515.85,4501578.89,3078894.84,1422684.05,31.6,17365.6,42.567,0,0,1,Emergency Preparedness,Closed,1,Electrical,Moderate,2.7,1,0,1,Overdue
MINE-002,West Iron Mine 2,Eastern,West Bengal,Open Cast,Iron Ore,2023,11,2023-11-01,62709.06,31788526.71,25101422.14,1963,392624.8,0.1597,74243.06,5873.2,3683025.64,2704606.67,978418.97,26.57,15388.51,33.836,0,5,0,,,0,,,2.0,1,0,1,Completed
MINE-008,Telangana Iron Mine 8,Southern,Telangana,Open Cast,Iron Ore,2022,8,2022-08-01,16908.71,4242653.83,3082831.73,725,145631.1,0.1161,21328.53,8046.31,1360527.14,886361.48,474165.65,34.85,4879.24,11.381,0,0,0,,,1,Fall of Roof/Rock,Minor,2.01,1,0,1,Pending
MINE-022,West Copper Mine 22,Eastern,West Bengal,Open Cast,Copper Ore,2018,3,2018-03-01,58853.36,11657228.78,10274888.99,1935,406034.5,0.1449,52934.66,7280.21,4284645.44,2608381.31,1676264.12,39.12,14946.35,27.594,0,1,0,,,0,,,0.39,1,0,1,Completed
MINE-014,Chhattisgarh Bauxite Mine 14,Central,Chhattisgarh,Underground,Bauxite,2018,12,2018-12-01,10434.86,3172486.06,2769652.43,794,144766.8,0.0721,15441.03,2644.24,275923.21,187852.14,88071.07,31.92,5457.13,14.431,0,1,0,,,0,,,0.93,0,0,0,Completed
MINE-017,Gujarat Iron Mine 17,Western,Gujarat,Open Cast,Iron Ore,2016,6,2016-06-01,39096.83,13268212.21,13039314.73,461,84254.6,0.464,35556.54,4768.21,1864219.77,1071891.53,792328.24,42.5,13302.6,24.97,0,3,0,,,0,,,0.1,0,0,0,Completed
MINE-016,Maharashtra Iron Mine 16,Western,Maharashtra,Underground,Iron Ore,2022,4,2022-04-01,12437.46,3852023.09,2796328.43,459,94373.4,0.1318,16371.37,7553.51,939465.17,754447.37,185017.8,19.69,5977.54,12.502,0,1,1,Equipment,Under Review,0,,,2.1,1,0,1,Overdue
MINE-030,Uttar Iron Mine 30,Northern,Uttar Pradesh,Mixed,Iron Ore,2020,11,2020-11-01,26094.56,9769224.08,8142183.42,752,141691.8,0.1842,26003.04,5159.17,1346261.95,1048289.62,297972.33,22.13,10711.11,13.976,0,1,1,Documentation,Under Review,0,,,0.84,2,1,1,In Progress
MINE-016,Maharashtra Iron Mine 16,Western,Maharashtra,Underground,Iron Ore,2023,4,2023-04-01,10216.88,3852023.09,2659852.98,456,90950.2,0.1123,17832.06,7575.33,773961.99,466904.39,307057.6,39.67,5393.85,14.149,0,3,0,,,0,,,1.31,0,0,0,Completed
MINE-030,Uttar Iron Mine 30,Northern,Uttar Pradesh,Mixed,Iron Ore,2019,8,2019-08-01,25985.61,9769224.08,8528533.82,747,161574.6,0.1608,27200.02,5325.57,1383881.53,776296.41,607585.12,43.9,7576.3,13.366,0,0,0,,,0,,,2.27,2,1,1,Completed
MINE-011,Jharkhand Coal Mine 11,Eastern,Jharkhand,Underground,Coal,2022,2,2022-02-01,85185.01,4815796.69,1424997.01,563,115616.0,0.7368,115024.16,2114.37,1801123.15,1414690.74,386432.41,21.46,26639.28,51.582,0,4,1,Emergency Preparedness,Open,0,,,0.56,1,0,1,Completed
MINE-016,Maharashtra Iron Mine 16,Western,Maharashtra,Underground,Iron Ore,2019,6,2019-06-01,14882.39,3852023.09,3231522.13,468,95666.2,0.1556,18853.38,6612.48,984095.82,619971.07,364124.75,37.0,8161.98,10.391,0,5,0,,,0,,,1.12,1,0,1,Completed
MINE-023,Odisha Copper Mine 23,Eastern,Odisha,Open Cast,Copper Ore,2020,9,2020-09-01,81310.02,20545143.55,16968755.25,1676,307576.8,0.2644,74167.75,6333.47,5149747.54,2905805.83,2243941.71,43.57,32797.02,44.102,0,2,1,EMERGENCY PREPAREDNESS,Under Review,0,,,2.25,1,0,1,Pending
MINE-017,Gujarat Iron Mine 17,Western,Gujarat,Open Cast,Iron Ore,2018,8,2018-08-01,27323.69,13268212.21,12139428.03,440,91648.3,0.2981,35224.4,5361.95,1465083.6,1238797.08,226286.51,15.45,11484.03,20.6,0,2,2,Environmental,Closed,0,,,2.32,2,1,1,In Progress
MINE-008,Telangana Iron Mine 8,Southern,Telangana,Open Cast,Iron Ore,2024,3,2024-03-01,19277.48,4242653.83,2715479.23,751,149016.8,0.1294,20682.2,7470.46,1440116.41,867188.6,572927.81,39.78,4484.53,13.479,0,1,0,,,0,,,0.39,0,0,0,Completed
MINE-015,Madhya Iron Mine 15,Central,Madhya Pradesh,Open Cast,Iron Ore,2022,6,2022-06-01,103534.52,14086398.07,9314929.8,1124,219477.2,0.4717,103018.02,5789.15,5993764.33,4125027.82,1868736.52,31.18,24542.95,44.21,0,2,0,,,0,,,0.45,0,0,0,Completed
MINE-021,Jharkhand Limestone Mine 21,Eastern,Jharkhand,Open Cast,Limestone,2024,12,2024-12-01,3428.1,1715441.24,1287313.81,339,63366.8,0.0541,3257.76,614.81,21076.39,19638.86,1437.54,6.82,757.02,6.195,0,1,0,,,2,Gas/Explosion,Minor,3.29,0,0,0,Completed
MINE-006,Maharashtra Limestone Mine 6,Western,Maharashtra,Open Cast,Limestone,2024,6,2024-06-01,46050.78,4919591.78,2268401.86,926,191368.9,0.2406,37059.89,1015.25,467530.4,341451.81,126078.59,26.97,14774.59,22.637,0,1,0,,,1,Slip/Fall,Minor,0.88,0,0,0,Completed
MINE-001,Jharkhand Coal Mine 1,Eastern,Jharkhand,Underground,Coal,2016,2,2016-02-01,67658.65,15973322.74,15847764.89,2310,442108.1,0.153,80086.8,2509.56,1697932.71,964011.11,733921.6,43.22,18486.36,33.696,0,2,0,,,2,Fire,Minor,1.39,0,0,0,Completed
MINE-021,Jharkhand Limestone Mine 21,Eastern,Jharkhand,Open Cast,Limestone,2016,1,2016-01-01,4916.49,1715441.24,1710524.76,347,65111.4,0.0755,4842.2,971.57,47767.02,40496.23,7270.79,15.22,1220.38,2.138,0,1,0,,,0,,,2.45,0,0,0,Completed
MINE-007,Gujarat Coal Mine 7,Western,Gujarat,Underground,Coal,2020,3,2020-03-01,10475.22,4595599.71,4010923.57,1425,286423.2,0.0366,12991.88,2715.88,284494.67,240144.71,44349.96,15.59,6331.44,10.738,0,1,1,ENVIRONMENTAL,Closed,1,Haulage/Transport,Moderate,1.98,1,0,1,Overdue
MINE-028,Telangana Coal Mine 28,Southern,Telangana,Open Cast,Coal,2022,12,2022-12-01,11407.65,10510635.28,8741909.05,995,182839.0,0.0624,14454.19,2306.56,263124.33,218961.51,44162.82,16.78,4349.38,8.768,0,5,2,Documentation,Closed,0,,,1.5,2,1,1,Overdue
MINE-016,Maharashtra Iron Mine 16,Western,Maharashtra,Underground,Iron Ore,2017,5,2017-05-01,16656.4,3852023.09,3588832.88,460,88922.2,0.1873,22651.79,6448.89,1074153.34,864813.69,209339.65,19.49,4234.08,15.964,0,0,1,Safety,Open,0,,,2.71,1,0,1,Overdue
MINE-012,West Iron Mine 12,Eastern,West Bengal,Open Cast,Iron Ore,2024,8,2024-08-01,196072.74,17808314.68,6401628.71,1319,237541.3,0.8254,169650.65,5534.03,10850727.63,8104998.28,2745729.35,25.3,36366.41,76.931,0,0,0,,,1,Gas/Explosion,Minor,2.83,0,0,0,Completed
MINE-029,Andhra Copper Mine 29,Southern,Andhra Pradesh,Open Cast,Copper Ore,2023,3,2023-03-01,47699.3,11305197.36,8088244.09,307,65535.1,0.7278,55415.59,7917.01,3776360.74,3142797.33,633563.41,16.78,13120.06,31.173,0,1,0,,,0,,,0.91,1,0,1,In Progress
MINE-024,Chhattisgarh Bauxite Mine 24,Central,Chhattisgarh,Underground,Bauxite,2016,6,2016-06-01,23637.3,8763956.29,8622636.37,934,174286.9,0.1356,27381.11,2198.21,519597.39,379339.86,140257.54,26.99,11911.18,19.479,0,1,0,,,0,,,0.76,1,0,1,Completed
MINE-015,Madhya Iron Mine 15,Central,Madhya Pradesh,Open Cast,Iron Ore,2016,9,2016-09-01,37723.6,14086398.07,13747612.67,849,183420.7,0.2057,30503.62,5141.06,1939392.25,1589686.47,349705.77,18.03,8690.26,14.88,0,2,0,,,2,Haulage/Transport,Fatal,1.72,0,0,0,Completed
MINE-018,Telangana Iron Mine 18,Southern,Telangana,Mixed,Iron Ore,2017,6,2017-06-01,13903.19,4638464.7,4400877.85,980,214633.7,0.0648,12836.28,4698.24,653205.02,507555.4,145649.62,22.3,2959.79,11.522,0,1,0,,,2,Machinery,Minor,2.08,0,0,0,Completed
MINE-011,Jharkhand Coal Mine 11,Eastern,Jharkhand,Underground,Coal,2020,9,2020-09-01,60032.98,4815796.69,2684237.24,480,102164.5,0.5876,81134.5,2264.93,1359706.3,987772.76,371933.54,27.35,35864.38,49.7,0,0,1,Documentation,Open,1,Slip/Fall,Moderate,1.99,1,0,1,Overdue
MINE-030,Uttar Iron Mine 30,Northern,Uttar Pradesh,Mixed,Iron Ore,2018,4,2018-04-01,28978.52,9769224.08,8978608.74,763,149727.0,0.1935,32276.77,5098.75,1477540.94,933085.15,544455.79,36.85,11784.09,17.596,0,1,1,operational,Under Review,1,Gas/Explosion,Moderate,2.34,1,0,1,Pending
MINE-016,Maharashtra Iron Mine 16,Western,Maharashtra,Underground,Iron Ore,2016,12,2016-12-01,17580.64,3852023.09,3666904.66,469,94522.1,0.186,26215.33,6251.73,1099094.65,872087.89,227006.77,20.65,8593.14,16.352,0,3,1,Documentation,Closed,1,Fall of Roof/Rock,Minor,2.12,1,0,1,Pending
MINE-019,Andhra Coal Mine 19,Southern,Andhra Pradesh,Open Cast,Coal,2020,7,2020-07-01,124016.86582205721,6903354.37,5489600.75,130,27492.9,0.9202,30250.52,2357.54,596434.8,351765.27,244669.53,41.02,10595.76,19.046,0,1,0,,,0,,,0.86,0,0,0,Completed
MINE-007,Gujarat Coal Mine 7,Western,Gujarat,Underground,Coal,2017,4,2017-04-01,11360.1,4595599.71,4412160.0,1553,297026.7,0.0382,14135.66,2801.6,318264.65,245896.76,72367.89,22.74,4838.2,9.096,0,3,0,,,2,Machinery,Moderate,1.16,0,0,0,Completed
MINE-007,Gujarat Coal Mine 7,Western,Gujarat,Underground,Coal,2018,12,2018-12-01,12752.53,4595599.71,4177698.35,1587,338662.2,0.0377,17251.26,2584.58,329599.31,289144.52,40454.78,12.27,7152.46,9.248,0,2,0,,,0,,,1.42,0,0,0,Completed
MINE-012,West Iron Mine 12,Eastern,West Bengal,Open Cast,Iron Ore,2021,10,2021-10-01,124177.19,17808314.68,11720608.1,1075,224122.1,0.5541,119835.56,5692.5,7068785.39,4535314.58,2533470.81,35.84,49830.04,67.881,0,1,1,Equipment,Under Review,0,,,2.7,1,0,1,Overdue
MINE-003,Odisha Coal Mine 3,Eastern,Odisha,Underground,Coal,2024,6,2024-06-01,513855.16,24608205.58,4481991.43,2373,499142.0,1.0295,705499.06,2817.29,14476775.24,10304247.32,4172527.92,28.82,197658.83,312.102,0,2,0,,,1,Slip/Fall,Minor,1.39,0,0,0,Completed
MINE-007,Gujarat Coal Mine 7,Western,Gujarat,Underground,Coal,2016,1,2016-01-01,12802.45,4595599.71,4582797.26,1583,291746.2,0.0439,16643.45,2443.98,312889.02,239379.79,73509.23,23.49,6198.21,8.318,0,1,0,,,0,,,1.17,0,0,0,Completed
MINE-014,Chhattisgarh Bauxite Mine 14,Central,Chhattisgarh,Underground,Bauxite,2018,7,2018-07-01,9316.98,3172486.06,2818319.16,812,173659.2,0.0537,15693.03,2562.45,238743.33,205680.75,33062.58,13.85,3549.06,7.681,0,2,0,,,1,Machinery,Minor,2.9,0,0,0,Completed
MINE-014,Chhattisgarh Bauxite Mine 14,Central,Chhattisgarh,Underground,Bauxite,2022,4,2022-04-01,7253.14,3172486.06,2435707.28,753,140174.5,0.0517,7855.12,2700.45,195867.07,119323.36,76543.71,39.08,3023.96,11.309,0,4,1,Safety,Closed,0,,,0.88,1,0,1,Pending
MINE-007,Gujarat Coal Mine 7,Western,Gujarat,Underground,Coal,2021,2,2021-02-01,11155.82,4595599.71,3878809.12,1563,325442.8,0.0343,16475.17,2938.89,327857.34,253643.51,74213.83,22.64,4415.8,13.251,0,2,0,,,2,Fire,Minor,0.95,0,0,0,Completed
MINE-012,West Iron Mine 12,Eastern,West Bengal,Open Cast,Iron Ore,2023,11,2023-11-01,188994.14,17808314.68,8049585.12,1266,261276.2,0.7234,181919.73,5510.72,10414933.37,6475576.6,3939356.77,37.82,41197.88,80.602,0,4,0,,,1,Slip/Fall,Minor,2.77,0,0,0,Completed
MINE-017,Gujarat Iron Mine 17,Western,Gujarat,Open Cast,Iron Ore,2019,5,2019-05-01,36178.06,13268212.21,11837597.44,442,88442.6,0.4091,36157.3,5465.6,1977346.23,1506886.26,470459.97,23.79,14205.37,23.56,0,3,0,,,0,,,2.13,0,0,0,Completed
MINE-010,Uttar Coal Mine 10,Northern,Uttar Pradesh,Mixed,Coal,2016,1,2016-01-01,13857.42,3804225.22,3790367.81,667,125105.4,0.1108,14306.06,2323.36,321958.09,244232.56,77725.53,24.14,4142.13,13.349,0,3,0,,,0,,,2.17,0,0,0,Completed
MINE-025,Madhya Limestone Mine 25,Central,Madhya Pradesh,Open Cast,Limestone,2022,12,2022-12-01,7243.51,5333812.33,4469069.27,1126,234937.1,0.0308,7695.05,726.65,52635.16,46795.19,5839.97,11.1,2941.53,7.151,0,0,1,Operational,Closed,0,,,1.24,1,0,1,Completed
MINE-025,Madhya Limestone Mine 25,Central,Madhya Pradesh,Open Cast,Limestone,2023,5,2023-05-01,6118.71,5333812.33,4436741.66,1073,235096.0,0.026,7630.34,698.95,42766.53,33620.31,9146.22,21.39,1349.36,8.858,0,2,0,,,1,Fire,Moderate,1.62,0,0,0,Completed
MINE-013,Odisha Coal Mine 13,Eastern,Odisha,Open Cast,Coal,2016,11,2016-11-01,31939.35,11260157.97,10952109.4,538,114553.1,0.2788,28851.17,2528.9,807714.73,638998.86,168715.87,20.89,9196.66,21.191,0,1,0,,,0,,,1.79,0,0,0,Completed
MINE-013,Odisha Coal Mine 13,Eastern,Odisha,open cast,Coal,2024,9,2024-09-01,78544.65,11260157.97,6112735.38,711,141394.7,0.5555,,2714.25,2131896.67,1313758.41,818138.26,38.38,30020.12,42.909,0,2,0,,,0,,,2.0,0,0,0,Completed
MINE-014,Chhattisgarh Bauxite Mine 14,Central,Chhattisgarh,Underground,Bauxite,2016,5,2016-05-01,12295.74,3172486.06,3108842.07,815,174005.8,0.0707,16546.87,2050.92,252176.07,190953.98,61222.08,24.28,2779.04,12.054,0,5,0,,,2,Machinery,Minor,1.18,0,0,0,Completed
MINE-021,Jharkhand Limestone Mine 21,Eastern,Jharkhand,Open Cast,Limestone,2022,6,2022-06-01,3788.59,1715441.24,1387817.27,343,72115.0,0.0525,3660.73,740.89,28069.42,20235.55,7833.87,27.91,1607.05,2.248,0,1,0,,,0,,,0.86,0,0,0,Completed
MINE-014,Chhattisgarh Bauxite Mine 14,Central,Chhattisgarh,Underground,Bauxite,2023,9,2023-09-01,6566.16,3172486.06,2315225.4,720,149773.9,0.0438,11063.99,2537.88,166641.25,134961.65,31679.6,19.01,2150.04,10.79,0,2,0,,,0,,,2.17,0,0,0,Completed
MINE-019,Andhra Coal Mine 19,Southern,Andhra Pradesh,Open Cast,Coal,2023,11,2023-11-01,41589.53,6903354.37,4079810.94,138,28704.5,1.4489,50485.63,2305.55,958866.6,752802.71,206063.89,21.49,10689.18,23.054,0,0,0,,,0,,,0.63,0,0,0,Completed
MINE-015,Madhya Iron Mine 15,Central,Madhya Pradesh,Open Cast,Iron Ore,2017,6,2017-06-01,43889.93,14086398.07,13363325.68,860,176199.9,0.2491,53673.29,5153.56,2261894.1,1365675.73,896218.36,39.62,12314.01,24.543,0,0,0,,,0,,,1.67,0,0,0,Completed
MINE-016,Maharashtra Iron Mine 16,Western,Maharashtra,Underground,Iron Ore,2019,8,2019-08-01,11586.47,3852023.09,3205989.72,456,97151.1,0.1193,20206.93,6632.93,768522.31,488217.18,280305.12,36.47,2507.98,11.673,0,3,2,Documentation,Open,0,,,2.28,2,1,1,Overdue
MINE-013,Odisha Coal Mine 13,Eastern,Odisha,Open Cast,Coal,2020,11,2020-11-01,54515.58,11260157.97,9054866.0,655,128518.3,0.4242,50165.58,2787.27,1519494.01,1066860.71,452633.3,29.79,8247.25,24.011,0,0,0,,,2,Electrical,Moderate,1.71,0,0,0,Completed
MINE-030,Uttar Iron Mine 30,Northern,Uttar Pradesh,Mixed,Iron Ore,2020,7,2020-07-01,25222.91,9769224.08,8238622.23,746,147337.0,0.1712,31011.49,5434.92,1370845.83,838586.7,532259.12,38.83,7271.79,19.362,0,1,0,,,0,,,0.53,0,0,0,Completed
MINE-030,Uttar Iron Mine 30,Northern,Uttar Pradesh,Mixed,Iron Ore,2022,6,2022-06-01,24605.58,9769224.08,7661481.93,753,145800.2,0.1688,35025.96,4958.33,1220025.15,868066.15,351959.0,28.85,6251.16,17.34,0,2,0,,,0,,,0.56,0,0,0,Completed
MINE-016,Maharashtra Iron Mine 16,Western,Maharashtra,Underground,Iron Ore,2017,12,2017-12-01,16684.56,3852023.09,3485745.78,466,91679.2,0.182,28920.82,6070.6,1012852.18,723457.94,289394.24,28.57,5139.23,17.48,0,0,0,,,0,,,2.29,0,0,0,Completed
MINE-010,Uttar Coal Mine 10,Northern,Uttar Pradesh,MIXED,Coal,2022,8,2022-08-01,54072.28,3804225.22,1530319.2,970,188627.3,0.2867,54667.47,3271.99,1769240.4,1469766.05,299474.35,16.93,23849.17,35.22,0,3,0,,,2,Slip/Fall,Minor,2.64,1,0,1,Overdue
MINE-008,Telangana Iron Mine 8,Southern,Telangana,Open Cast,Iron Ore,2019,4,2019-04-01,14583.89,4242653.83,3725490.4,720,135822.7,0.1074,16648.43,7062.33,1029962.37,746416.52,283545.84,27.53,3233.63,10.774,0,0,0,,,0,,,1.01,0,0,0,Completed
MINE-025,Madhya Limestone Mine 25,Central,Madhya Pradesh,Open Cast,Limestone,2024,6,2024-06-01,6466.53,5333812.33,4353675.32,1154,219101.8,0.0295,6354.39,663.29,42891.66,42152.52,739.14,1.72,2625.86,8.379,0,1,1,Documentation,Open,0,,,2.52,1,0,1,In Progress
MINE-029,Andhra Copper Mine 29,Southern,Andhra Pradesh,Open Cast,Copper Ore,2019,1,2019-01-01,36216.04,11305197.36,10065775.08,282,53151.4,0.6814,41785.03,8475.56,3069513.8,2158738.91,910774.9,29.67,6970.8,21.314,0,1,1,Equipment,Under Review,1,Slip/Fall,Minor,2.7,1,0,1,In Progress
MINE-015,Madhya Iron Mine 15,Central,Madhya Pradesh,Open Cast,Iron Ore,2023,2,2023-02-01,105751.17,14086398.07,8516079.74,1051,197635.4,0.5351,107701.55,5870.95,6208598.04,3650142.35,2558455.69,41.21,36967.83,55.394,0,1,1,Documentation,Under Review,0,,,1.07,1,0,1,Overdue
MINE-025,Madhya Limestone Mine 25,Central,Madhya Pradesh,Open Cast,Limestone,2017,1,2017-01-01,12922.02,5333812.33,5155112.07,1270,278364.8,0.0464,11728.4,890.67,115092.62,101720.91,13371.71,11.62,5769.75,14.206,0,2,0,,,0,,,2.07,0,0,0,Completed
MINE-026,Maharashtra Copper Mine 26,Western,Maharashtra,Underground,Copper Ore,2018,6,2018-06-01,17822.56,3439638.4,2954756.9,491,89554.4,0.199,24512.66,7014.23,1250114.34,979223.1,270891.24,21.67,9710.82,17.279,0,1,0,,,0,,,1.02,1,0,1,Completed
MINE-025,Madhya Limestone Mine 25,Central,Madhya Pradesh,Open Cast,Limestone,2018,10,2018-10-01,10961.99,5333812.33,4903593.39,1177,250424.2,0.0438,9611.53,903.28,99017.84,76655.3,22362.54,22.58,2271.54,6.59,0,2,1,Operational,Open,0,,,0.7,1,0,1,Overdue
MINE-017,Gujarat Iron Mine 17,Western,Gujarat,Open Cast,Iron Ore,2023,8,2023-08-01,26687.71,13268212.21,10320609.16,430,79310.3,0.3365,30072.92,5149.57,1374302.3,884607.17,489695.14,35.63,9806.4,18.459,0,1,0,,,0,,,1.19,0,0,0,Completed
MINE-016,Maharashtra Iron Mine 16,Western,Maharashtra,Underground,Iron Ore,2024,7,2024-07-01,9408.1,3852023.09,2500324.93,427,78209.9,0.1203,11166.61,8069.68,759204.08,528526.26,230677.82,30.38,2332.01,9.043,0,1,0,,,0,,,0.46,0,0,0,Completed
MINE-011,Jharkhand Coal Mine 11,Eastern,Jharkhand,Underground,Coal,2024,8,2024-08-01,144637.24,4815796.69,0.0,783,158008.6,0.9154,205524.75,2630.21,3804259.69,2121976.29,1682283.41,44.22,30985.68,80.389,0,1,1,Operational,Closed,0,,,0.54,1,0,1,Completed
MINE-024,Chhattisgarh Bauxite Mine 24,Central,Chhattisgarh,Underground,Bauxite,2023,5,2023-05-01,78065.84,8763956.29,4798635.91,1428,268367.2,0.2909,125482.43,1394.0,1088241.6,782459.68,305781.92,28.1,29992.42,54.473,0,0,2,Environmental,Under Review,0,,,1.16,2,1,1,Pending
MINE-010,Uttar Coal Mine 10,Northern,Uttar Pradesh,MIXED,Coal,2023,4,2023-04-01,58568.64,3804225.22,1061816.62,993,187916.8,0.3117,70653.29,3653.13,2139586.96,1750481.95,389105.01,18.19,17150.25,34.665,0,2,0,,,0,,,2.43,0,0,0,Completed
MINE-006,Maharashtra Limestone Mine 6,Western,Maharashtra,Open Cast,Limestone,2016,1,2016-01-01,13036.32,4919591.78,4906555.45,665,134573.4,0.0969,11623.33,915.25,119315.18,108636.9,10678.28,8.95,2353.57,6.66,0,1,0,,,1,Haulage/Transport,Minor,2.74,0,0,0,Completed
MINE-016,Maharashtra Iron Mine 16,Western,Maharashtra,Underground,Iron Ore,2020,11,2020-11-01,12849.71,3852023.09,3008604.63,465,99403.2,0.1293,17268.09,7269.89,934160.44,643842.62,290317.82,31.08,7009.68,10.116,0,1,0,,,0,,,0.97,1,0,1,Pending
MINE-026,Maharashtra Copper Mine 26,Western,Maharashtra,Underground,Copper Ore,2024,1,2024-01-01,29648.4,3439638.4,1497593.45,552,113142.8,0.262,35465.73,6097.39,1807777.73,1325845.91,481931.81,26.66,17609.02,26.877,0,1,1,Emergency Preparedness,Open,1,Fall of Roof/Rock,Moderate,2.32,2,1,1,Overdue
MINE-030,Uttar Iron Mine 30,Northern,Uttar Pradesh,Mixed,Iron Ore,2017,5,2017-05-01,28396.5,9769224.08,9290692.62,723,153009.6,0.1856,37237.95,5275.88,1498165.56,1196157.39,302008.17,20.16,5405.8,14.433,0,2,1,Documentation,Under Review,0,,,0.41,2,0,2,Completed
MINE-024,Chhattisgarh Bauxite Mine 24,Central,Chhattisgarh,Underground,Bauxite,2020,1,2020-01-01,44451.63,8763956.29,7193368.94,1061,212627.2,0.2091,60107.98,1640.2,729095.19,508605.55,220489.64,30.24,24458.71,31.963,0,1,0,,,0,,,0.15,0,0,0,Completed
MINE-017,Gujarat Iron Mine 17,Western,Gujarat,Open Cast,Iron Ore,2018,6,2018-06-01,38959.84,13268212.21,12196416.83,478,101068.3,0.3855,45618.8,5536.99,2157203.28,1420999.33,736203.95,34.13,15032.6,23.696,0,2,0,,,0,,,0.72,0,0,0,Completed
MINE-018,Telangana Iron Mine 18,Southern,Telangana,Mixed,Iron Ore,2023,4,2023-04-01,8114.26,4638464.7,3664384.76,927,172398.4,0.0471,8861.87,4547.25,368976.27,283379.75,85596.52,23.2,2854.53,7.641,0,2,0,,,1,Gas/Explosion,Moderate,1.53,1,0,1,In Progress
MINE-001,Jharkhand Coal Mine 1,Eastern,Jharkhand,Underground,Coal,2023,12,2023-12-01,278380.41,15973322.74,3168244.16,3612,663635.8,0.4195,423960.84,2519.26,7013119.81,5526743.46,1486376.36,21.19,124290.21,196.188,0,0,0,,,0,,,0.11,0,0,0,Completed
MINE-010,Uttar Coal Mine 10,Northern,Uttar Pradesh,Mixed,Coal,2020,1,2020-01-01,28853.13,3804225.22,2799410.73,775,165922.2,0.1739,33048.59,2897.03,835883.71,513014.94,322868.76,38.63,12117.83,21.975,0,2,0,,,3,Slip/Fall,Minor,3.5,0,0,0,Completed
MINE-006,Maharashtra Limestone Mine 6,Western,Maharashtra,Open Cast,Limestone,2017,12,2017-12-01,14816.17,4919591.78,4579002.05,682,124851.8,0.1187,15415.53,1009.45,149562.09,100255.72,49306.36,32.97,5411.98,12.723,0,1,1,Documentation,Under Review,1,Electrical,Minor,2.59,1,0,1,Completed
MINE-026,Maharashtra Copper Mine 26,Western,Maharashtra,Underground,Copper Ore,2023,7,2023-07-01,24931.62,3439638.4,1647028.5,539,101632.9,0.2453,30651.13,6102.22,1521383.38,1126808.5,394574.88,25.94,7496.93,18.766,0,1,0,,,1,Gas/Explosion,Moderate,1.94,0,0,0,Completed
MINE-008,Telangana Iron Mine 8,Southern,Telangana,Open Cast,Iron Ore,2024,12,2024-12-01,22921.65,4242653.83,2528510.77,791,170720.0,0.1343,19329.42,8011.1,1836277.19,1104094.53,732182.66,39.87,5895.67,10.397,0,0,0,,,3,Fall of Roof/Rock,Minor,2.53,1,0,1,Completed
MINE-014,Chhattisgarh Bauxite Mine 14,Central,Chhattisgarh,Underground,Bauxite,2022,9,2022-09-01,7612.2,3172486.06,2398531.03,744,150300.5,0.0506,8379.38,2562.52,195064.09,129902.05,65162.03,33.41,1668.21,10.908,0,2,0,,,0,,,0.95,0,0,0,Completed
MINE-028,Telangana Coal Mine 28,Southern,Telangana,Open Cast,Coal,2017,12,2017-12-01,28056.67,10510635.28,9802858.07,1080,229125.5,0.1225,26485.67,2576.05,722754.04,484535.76,238218.28,32.96,5150.16,14.669,0,2,0,,,1,Gas/Explosion,Moderate,1.86,0,0,0,Completed
MINE-018,Telangana Iron Mine 18,Southern,Telangana,MIXED,Iron Ore,2019,10,2019-10-01,11293.88,4638464.7,4071731.2,961,177077.9,0.0638,12192.16,4038.66,456121.69,289366.24,166755.45,36.56,3565.49,5.549,0,2,0,,,0,,,1.14,1,0,1,In Progress
MINE-010,Uttar Coal Mine 10,Northern,Uttar Pradesh,Mixed,Coal,2021,7,2021-07-01,39419.35,3804225.22,2153917.5,865,159734.0,0.2468,55076.01,3396.63,1338927.78,939624.63,399303.14,29.82,13385.47,25.935,0,3,1,Safety,Open,1,Fire,Minor,2.98,2,1,1,Pending
MINE-002,West Iron Mine 2,Eastern,West Bengal,Open Cast,Iron Ore,2024,3,2024-03-01,58054.19,31788526.71,24867136.75,1962,408050.8,0.1423,60501.63,5733.1,3328304.58,2653310.94,674993.64,20.28,11040.44,24.228,0,1,1,Operational,Closed,0,,,1.6,1,0,1,Overdue
MINE-004,Chhattisgarh Coal Mine 4,Central,Chhattisgarh,Underground,Coal,2021,9,2021-09-01,6362.02,3455223.81,2789702.36,1381,287586.7,0.0221,9701.39,2506.56,159467.6,143323.94,16143.66,10.12,1674.0,6.815,0,2,1,Safety,Closed,4,Haulage/Transport,Minor,3.97,1,0,1,Overdue
MINE-027,Gujarat Iron Mine 27,Western,Gujarat,Open Cast,Iron Ore,2018,11,2018-11-01,14851.44,6248149.8,5628889.11,727,137113.0,0.1083,16887.78,6441.97,956725.24,604934.53,351790.71,36.77,6422.59,16.043,0,2,0,,,0,,,0.31,1,0,1,Pending
MINE-009,Andhra Iron Mine 9,Southern,Andhra Pradesh,Underground,Iron Ore,2016,7,2016-07-01,33153.46,7961285.52,7721610.32,1093,220427.4,0.1504,43640.04,5039.75,1670850.19,1412050.44,258799.75,15.49,8663.52,23.302,0,2,0,,,2,Electrical,Moderate,1.76,0,0,0,Completed
MINE-004,Chhattisgarh Coal Mine 4,Central,Chhattisgarh,Underground,Coal,2022,2,2022-02-01,5908.59,3455223.81,2756404.01,1360,275227.1,0.0215,9961.7,2407.19,142231.11,97599.79,44631.32,31.38,2877.27,8.791,0,5,0,,,0,,,0.6,0,0,0,Completed
MINE-027,Gujarat Iron Mine 27,Western,Gujarat,Open Cast,Iron Ore,2016,7,2016-07-01,19647.65,6248149.8,6095251.9,748,144753.7,0.1357,20451.29,5541.87,1088846.32,732119.24,356727.08,32.76,4353.42,9.811,0,1,1,Safety,Open,1,Machinery,Minor,3.11,1,0,1,In Progress
MINE-030,Uttar Iron Mine 30,Northern,Uttar Pradesh,Mixed,Iron Ore,2016,6,2016-06-01,28855.84,9769224.08,9600120.41,825,179775.9,0.1605,35908.24,5061.33,1460489.23,1029158.12,431331.11,29.53,10320.85,21.823,0,1,0,,,0,,,1.71,0,0,0,Completed
MINE-010,Uttar Coal Mine 10,Northern,Uttar Pradesh,Mixed,Coal,2020,9,2020-09-01,31200.2,3804225.22,2547303.38,792,147035.1,0.2122,41993.73,3271.57,1020736.34,646054.31,374682.03,36.71,9851.22,22.624,0,2,0,,,1,Electrical,Minor,0.96,0,0,0,Completed
MINE-025,Madhya Limestone Mine 25,Central,Madhya Pradesh,Open Cast,Limestone,2024,3,2024-03-01,5360.56,5333812.33,4372875.97,1133,232595.5,0.023,5849.23,665.07,35651.26,45421.53,-9770.26,-27.41,1851.99,9.944,0,1,0,,,0,,,0.35,1,0,1,Completed
MINE-014,Chhattisgarh Bauxite Mine 14,Central,Chhattisgarh,Underground,Bauxite,2022,10,2022-10-01,7076.77,3172486.06,2391454.26,734,134659.2,0.0526,10547.55,2628.78,186032.61,145097.28,40935.33,22.0,3507.63,11.67,0,0,0,,,0,,,0.4,0,0,0,Completed
MINE-025,Madhya Limestone Mine 25,Central,Madhya Pradesh,Open-Cast,Limestone,2021,9,2021-09-01,7217.66,5333812.33,4577617.64,1089,220523.3,0.0327,6884.98,768.62,55476.41,47554.96,7921.46,14.28,2929.55,10.185,0,3,0,,,0,,,0.54,0,0,0,Completed
MINE-009,Andhra Iron Mine 9,Southern,Andhra Pradesh,Underground,Iron Ore,2024,1,2024-01-01,35087.41,7961285.52,4650903.76,1062,208932.4,0.1679,51060.39,4998.11,1753707.97,1472314.15,281393.82,16.05,8579.46,23.038,0,1,2,Emergency Preparedness,Closed,0,,,1.94,2,1,1,Pending
MINE-015,Madhya Iron Mine 15,Central,Madhya Pradesh,Open Cast,Iron Ore,2020,11,2020-11-01,72806.2,14086398.07,10925794.83,956,191702.1,0.3798,75124.23,5763.28,4196023.34,2591843.29,1604180.05,38.23,13702.31,36.927,0,0,0,,,0,,,0.12,0,0,0,Completed
MINE-026,Maharashtra Copper Mine 26,Western,Maharashtra,Underground,Copper Ore,2022,2,2022-02-01,24844.02,3439638.4,2061716.94,529,114973.7,0.2161,43553.77,6642.99,1650384.7,976287.24,674097.46,40.84,10922.79,18.874,0,2,0,,,3,Gas/Explosion,Serious,2.77,0,0,0,Completed
MINE-018,Telangana Iron Mine 18,Southern,Telangana,Mixed,Iron Ore,2020,12,2020-12-01,10173.1,4638464.7,3924829.7,916,198712.7,0.0512,81796.39763925601,3886.78,395406.34,276221.39,119184.94,30.14,4095.89,14.171,0,2,1,Equipment,Closed,2,Gas/Explosion,Minor,1.24,1,0,1,Overdue
MINE-026,Maharashtra Copper Mine 26,Western,Maharashtra,Underground,Copper Ore,2018,8,2018-08-01,17505.62,3439638.4,2920020.29,490,95455.7,0.1834,22167.11,6672.37,1168039.18,860527.22,307511.96,26.33,4190.62,9.412,0,2,0,,,1,Fall of Roof/Rock,Serious,0.49,0,0,0,Completed
MINE-020,Uttar Iron Mine 20,Northern,Uttar Pradesh,Open Cast,Iron Ore,2023,11,2023-11-01,25140.57,4723977.98,2915365.75,449,94009.1,0.2674,32135.55,5078.15,1276676.44,1071155.06,205521.38,16.1,5931.18,19.315,0,0,0,,,1,Slip/Fall,Minor,1.01,0,0,0,Completed
MINE-008,Telangana Iron Mine 8,Southern,Telangana,Open Cast,Iron Ore,2020,1,2020-01-01,16989.41,4242653.83,3591043.32,751,155458.2,0.1093,14599.34,7520.6,1277704.43,1033702.45,244001.97,19.1,7592.29,12.823,0,1,0,,,1,Machinery,Minor,2.9,0,0,0,Completed
MINE-017,Gujarat Iron Mine 17,Western,Gujarat,Open Cast,Iron Ore,2017,12,2017-12-01,35866.73,13268212.21,12404826.63,432,89694.8,0.3999,40675.45,5327.07,1910643.93,1561770.3,348873.63,18.26,15406.4,20.434,0,2,1,Operational,Closed,0,,,1.69,1,0,1,Overdue
MINE-023,Odisha Copper Mine 23,Eastern,Odisha,Open Cast,Copper Ore,2022,7,2022-07-01,88234.79,20545143.55,15132582.02,1751,377439.4,0.2338,102613.21,5269.78,4649783.4,2669589.5,1980193.9,42.59,26559.32,46.123,0,2,0,,,0,,,2.01,0,0,0,Completed
MINE-005,Madhya Coal Mine 5,Central,Madhya Pradesh,Open Cast,Coal,2021,11,2021-11-01,11981.22,6162270.35,4952569.3,1065,231075.1,0.0518,11959.56,2520.97,302042.44,195427.72,106614.72,35.3,3683.37,12.688,0,2,1,Equipment,Open,2,Slip/Fall,Minor,3.49,1,0,1,Completed
MINE-029,Andhra Copper Mine 29,Southern,Andhra Pradesh,Open Cast,Copper Ore,2023,12,2023-12-01,42361.95,11305197.36,7702724.41,283,52511.4,0.8067,53114.46,8048.23,3409387.27,2249033.6,1160353.67,34.03,16761.68,26.725,0,2,0,,,0,,,0.55,0,0,0,Completed
MINE-029,Andhra Copper Mine 29,Southern,Andhra Pradesh,Open Cast,Copper Ore,2022,9,2022-09-01,40235.12,11305197.36,8355065.52,286,52771.6,0.7624,52120.43,8126.95,3269888.95,2754205.51,515683.45,15.77,6815.38,23.104,0,0,1,Safety,Closed,0,,,0.58,1,0,1,In Progress
MINE-028,Telangana Coal Mine 28,Southern,Telangana,Open Cast,Coal,2021,2,2021-02-01,14909.04,10510635.28,9031551.29,1012,195247.8,0.0764,12798.8,2298.12,342627.36,229221.25,113406.11,33.1,2334.27,5.207,0,1,0,,,1,Gas/Explosion,Minor,0.79,1,0,1,Pending
MINE-008,Telangana Iron Mine 8,Southern,Telangana,Open Cast,Iron Ore,2017,12,2017-12-01,13624.03,4242653.83,3944384.91,723,135588.5,0.1005,11644.16,6045.83,823685.66,483188.08,340497.58,41.34,2545.75,6.373,0,1,0,,,1,Electrical,Moderate,2.0,0,0,0,Completed
MINE-018,Telangana Iron Mine 18,Southern,Telangana,Mixed,Iron Ore,2018,4,2018-04-01,12057.88,4638464.7,4276182.86,1026,186135.6,0.0648,17026.96,4574.21,551552.26,332438.1,219114.16,39.73,5188.09,8.27,0,2,0,,,1,Slip/Fall,Minor,1.24,0,0,0,Completed
MINE-002,West Iron Mine 2,Eastern,West Bengal,Open Cast,Iron Ore,2023,9,2023-09-01,55261.38,31788526.71,25216932.95,1930,391711.6,0.1411,48526.16,5581.1,3084191.87,2057305.88,1026885.99,33.3,20379.37,27.225,0,3,0,,,0,,,0.25,0,0,0,Completed
MINE-021,Jharkhand Limestone Mine 21,Eastern,Jharkhand,Open Cast,Limestone,2017,11,2017-11-01,4297.14,1715441.24,1606846.08,363,65458.8,0.0656,5487.88,916.48,39382.39,27337.21,12045.18,30.59,914.03,9.815,0,4,0,,,0,,,1.1,1,0,1,In Progress
MINE-029,Andhra Copper Mine 29,Southern,Andhra Pradesh,Open Cast,Copper Ore,2022,4,2022-04-01,39847.63,11305197.36,8563009.96,270,48648.6,0.8191,36341.9,8075.08,3217727.35,2337298.21,880429.14,27.36,15629.36,24.744,0,1,1,Documentation,Under Review,0,,,1.71,1,0,1,In Progress
MINE-020,Uttar Iron Mine 20,Northern,Uttar Pradesh,Open Cast,Iron Ore,2019,1,2019-01-01,18152.14,4723977.98,4083547.16,440,91007.2,0.1995,23282.57,5421.85,984182.2,637134.02,347048.18,35.26,4916.23,13.296,0,1,1,Equipment,Open,2,Electrical,Serious,2.01,1,0,1,In Progress
MINE-029,Andhra Copper Mine 29,Southern,Andhra Pradesh,Open Cast,Copper Ore,2019,6,2019-06-01,36005.12,11305197.36,9890040.48,288,56571.0,0.6365,32775.84,7965.46,2867974.31,1764594.0,1103380.31,38.47,6338.94,18.412,0,2,1,Emergency Preparedness,Closed,2,Fire,Minor,1.2,1,0,1,Overdue
MINE-022,West Copper Mine 22,Eastern,West Bengal,Open Cast,Copper Ore,2016,11,2016-11-01,229286.2020975932,11657228.78,11155450.31,1876,397481.3,0.1177,45366.5,7485.91,3501438.63,2194756.38,1306682.25,37.32,14182.89,21.989,0,1,0,,,1,Slip/Fall,Moderate,2.65,0,0,0,Completed
MINE-017,Gujarat Iron Mine 17,Western,Gujarat,Open Cast,Iron Ore,2021,9,2021-09-01,26630.66,13268212.21,10970695.11,415,89003.5,0.2992,24443.12,5372.12,1430630.82,1060890.32,369740.5,25.84,11976.39,15.531,0,0,0,,,0,,,0.97,0,0,0,Completed
MINE-004,Chhattisgarh Coal Mine 4,Central,Chhattisgarh,Underground,Coal,2020,7,2020-07-01,7686.95,3455223.81,2889425.76,1347,264186.6,0.0291,12499.2,2585.67,198759.04,167775.85,30983.19,15.59,4185.89,8.402,0,1,0,,,1,Haulage/Transport,Serious,2.65,0,0,0,Completed
MINE-022,West Copper Mine 22,Eastern,West Bengal,Open Cast,Copper Ore,2021,9,2021-09-01,119131.77,11657228.78,6589831.55,2286,488695.3,0.2438,131457.93,9028.04,10755268.53,8485048.38,2270220.15,21.11,24575.74,56.173,0,0,0,,,0,,,2.09,0,0,0,Completed
MINE-004,Chhattisgarh Coal Mine 4,Central,Chhattisgarh,Underground,Coal,2023,11,2023-11-01,5636.66,3455223.81,2632882.71,1277,246916.3,0.0228,6443.46,2292.57,129224.24,119826.08,9398.15,7.27,3348.24,6.349,0,2,1,Environmental,Open,0,,,2.51,1,0,1,In Progress
MINE-016,Maharashtra Iron Mine 16,Western,Maharashtra,Underground,Iron Ore,2022,7,2022-07-01,10560.74,3852023.09,2760797.71,451,88299.4,0.1196,17916.09,7452.78,787068.06,472768.06,314300.0,39.93,2970.14,10.521,0,4,1,Emergency Preparedness,Open,0,,,1.73,1,0,1,Completed
MINE-004,Chhattisgarh Coal Mine 4,Central,Chhattisgarh,Underground,Coal,2021,8,2021-08-01,6095.9,3455223.81,2796064.38,1313,272800.3,0.0223,6721.13,2532.43,154374.65,108279.42,46095.23,29.86,2572.4,4.292,0,4,0,,,0,,,1.77,0,0,0,Completed
MINE-025,Madhya Limestone Mine 25,Central,Madhya Pradesh,Open Cast,Limestone,2020,1,2020-01-01,10206.51,5333812.33,4747605.42,1125,214404.1,0.0476,9770.32,849.77,86732.36,69993.24,16739.13,19.3,2896.19,7.835,0,3,1,Documentation,Open,0,,,0.33,1,0,1,Overdue
MINE-015,Madhya Iron Mine 15,Central,Madhya Pradesh,Open Cast,Iron Ore,2016,11,2016-11-01,38530.22,14086398.07,13672549.14,850,157705.3,0.2443,41433.37,5115.24,1970912.71,1469312.42,501600.29,25.45,15108.74,21.905,0,1,0,,,2,Electrical,Minor,0.92,0,0,0,Completed
MINE-011,Jharkhand Coal Mine 11,Eastern,Jharkhand,Underground,Coal,2022,11,2022-11-01,104511.51,4815796.69,611042.53,608,110713.2,0.944,143141.59,2343.75,2449487.34,2056351.3,393136.05,16.05,41872.3,66.883,0,0,0,,,1,Haulage/Transport,Moderate,0.41,1,0,1,Pending
MINE-030,Uttar Iron Mine 30,Northern,Uttar Pradesh,Mixed,Iron Ore,2016,3,2016-03-01,27220.08,9769224.08,9685002.31,788,145888.5,0.1866,30668.17,5118.86,1393357.86,787944.36,605413.49,43.45,4839.34,18.912,0,0,0,,,0,,,0.06,0,0,0,Completed
MINE-014,Chhattisgarh Bauxite Mine 14,Central,Chhattisgarh,Underground,Bauxite,2023,8,2023-08-01,5789.12,3172486.06,2321791.56,725,141410.7,0.0409,9394.71,2571.17,148848.05,120374.99,28473.06,19.13,2208.46,5.73,0,0,0,,,1,Gas/Explosion,Minor,1.72,0,0,0,Completed
MINE-025,Madhya Limestone Mine 25,Central,Madhya Pradesh,Open Cast,Limestone,2024,8,2024-08-01,5436.05,5333812.33,4342417.49,1088,208250.3,0.0261,4951.86,680.11,36971.13,40308.98,-3337.85,-9.03,1905.56,2.471,0,1,0,,,0,,,0.83,0,0,0,Completed
MINE-019,Andhra Coal Mine 19,Southern,Andhra Pradesh,Open Cast,Coal,2022,12,2022-12-01,39063.16,6903354.37,4493487.75,136,25655.0,1.5226,33321.54,2226.19,869619.47,622787.27,246832.2,28.38,13023.21,17.963,0,0,1,Environmental,Open,0,,,2.59,2,1,1,Pending
MINE-011,Jharkhand Coal Mine 11,Eastern,Jharkhand,Underground,Coal,2022,1,2022-01-01,87524.8,4815796.69,1510182.01,576,114539.5,0.7641,137092.22,2111.58,1848152.87,1046615.63,801537.24,43.37,40267.21,61.947,0,1,1,Documentation,Open,1,Gas/Explosion,Moderate,2.14,1,0,1,In Progress
MINE-013,Odisha Coal Mine 13,Eastern,Odisha,Open Cast,Coal,2021,12,2021-12-01,53573.05,11260157.97,8381321.42,643,132995.7,0.4028,49087.41,2842.61,1522873.65,1290824.77,232048.87,15.24,11610.27,23.401,0,0,0,,,0,,,0.84,0,0,0,Completed
MINE-024,Chhattisgarh Bauxite Mine 24,Central,Chhattisgarh,Underground,Bauxite,2023,1,2023-01-01,71062.05,8763956.29,5115895.13,1358,273616.8,0.2597,95427.32,1525.49,1084043.16,808173.29,275869.87,25.45,24404.63,47.611,0,3,0,,,1,Haulage/Transport,Minor,0.75,0,0,0,Completed
MINE-001,Jharkhand Coal Mine 1,Eastern,Jharkhand,Underground,Coal,2021,5,2021-05-01,170656.42,15973322.74,9217883.42,2797,519954.0,0.3282,215806.14,2780.01,4744257.28,2823639.96,1920617.33,40.48,83286.55,106.945,0,3,0,,,1,Machinery,Minor,0.84,0,0,0,Completed
MINE-020,Uttar Iron Mine 20,Northern,Uttar Pradesh,Open Cast,Iron Ore,2016,11,2016-11-01,16664.11,4723977.98,4542217.39,431,78717.5,0.2117,16714.56,5236.1,872549.6,682548.87,190000.72,21.78,4091.81,13.524,0,0,1,OPERATIONAL,Under Review,3,Machinery,Minor,2.91,1,0,1,Overdue
MINE-011,Jharkhand Coal Mine 11,Eastern,Jharkhand,Underground,Coal,2024,5,2024-05-01,138227.13,4815796.69,0.0,721,146592.5,0.9429,186269.32,2585.67,3574101.28,2384292.65,1189808.63,33.29,48064.86,81.006,0,2,1,Documentation,Under Review,0,,,2.63,1,0,1,Completed
MINE-029,Andhra Copper Mine 29,Southern,Andhra Pradesh,Open Cast,Copper Ore,2023,5,2023-05-01,42979.17,11305197.36,8001108.43,278,60443.5,0.7111,37104.68,8328.7,3579607.46,1983655.19,1595952.28,44.58,7609.32,19.763,0,1,0,,,1,Slip/Fall,Minor,2.19,0,0,0,Completed
MINE-005,Madhya Coal Mine 5,Central,Madhya Pradesh,Open Cast,Coal,2021,1,2021-01-01,13038.02,6162270.35,5077550.14,1064,219466.5,0.0594,12058.45,2437.69,317827.03,223590.73,94236.3,29.65,5327.17,7.683,0,1,0,,,1,Gas/Explosion,Minor,2.56,0,0,0,Completed
MINE-004,Chhattisgarh Coal Mine 4,Central,Chhattisgarh,Underground,Coal,2020,8,2020-08-01,7047.59,3455223.81,2882378.17,1392,299944.3,0.0235,10356.14,2644.29,186358.96,118619.59,67739.36,36.35,4136.51,9.756,0,1,1,Equipment,Under Review,1,Fire,Minor,1.49,1,0,1,Completed
MINE-021,Jharkhand Limestone Mine 21,Eastern,Jharkhand,Open Cast,Limestone,2022,4,2022-04-01,3511.48,1715441.24,1395479.79,330,64560.9,0.0544,4467.96,733.31,25749.99,26092.04,-342.05,-1.33,631.81,7.212,0,3,1,Safety,Closed,0,,,1.33,2,1,1,Pending
MINE-008,Telangana Iron Mine 8,Southern,Telangana,Open Cast,Iron Ore,2016,8,2016-08-01,10409.8,4242653.83,4148943.03,696,143153.6,0.0727,12811.44,6151.67,640376.67,524917.07,115459.6,18.03,3042.25,12.149,0,1,0,,,0,,,1.93,1,0,1,Overdue
MINE-021,Jharkhand Limestone Mine 21,Eastern,Jharkhand,Open Cast,Limestone,2024,9,2024-09-01,2971.81,1715441.24,1297322.74,318,60176.3,0.0494,3106.87,591.78,17586.52,14373.53,3212.99,18.27,679.15,2.077,0,1,0,,,0,,,1.16,1,0,1,Pending
MINE-008,Telangana Iron Mine 8,Southern,Telangana,Open Cast,Iron Ore,2018,12,2018-12-01,14843.57,4242653.83,3781483.85,747,153076.4,0.097,15034.3,6820.07,1012342.47,758948.12,253394.35,25.03,4185.98,12.987,0,1,2,Emergency Preparedness,Under Review,1,Gas/Explosion,Minor,2.47,3,1,2,In Progress
MINE-010,Uttar Coal Mine 10,Northern,Uttar Pradesh,Mixed,Coal,2024,9,2024-09-01,82515.91,3804225.22,0.0,1188,257382.4,0.3206,121257.55,3337.1,2753634.69,1753967.62,999667.07,36.3,16781.3,48.379,0,2,0,,,1,Fall of Roof/Rock,Moderate,1.95,0,0,0,Completed
MINE-009,Andhra Iron Mine 9,Southern,Andhra Pradesh,Underground,Iron Ore,2017,3,2017-03-01,33076.07,7961285.52,7448709.25,1176,219066.4,0.151,55096.16,5482.05,1813245.45,1143115.19,670130.26,36.96,18843.68,,0,0,0,,,0,,,0.53,1,0,1,Pending
MINE-004,Chhattisgarh Coal Mine 4,Central,Chhattisgarh,Underground,Coal,2017,2,2017-02-01,11852.33,3455223.81,3283253.31,1472,311361.7,0.0381,14144.06,2406.35,285207.96,198658.17,86549.8,30.35,4808.86,8.186,0,1,0,,,3,Fire,Minor,2.6,0,0,0,Completed
MINE-026,Maharashtra Copper Mine 26,Western,Maharashtra,Underground,Copper Ore,2021,8,2021-08-01,18856.42,3439638.4,2203136.55,483,99805.1,0.1889,29386.14,7103.26,1339419.82,914153.01,425266.8,31.75,6154.93,12.463,0,1,0,,,1,Machinery,Minor,2.1,1,0,1,In Progress
MINE-022,West Copper Mine 22,Eastern,West Bengal,Open Cast,Copper Ore,2022,4,2022-04-01,135232.06,11657228.78,5690960.51,2516,516471.9,0.2618,120878.54,9476.53,12815310.34,8039623.76,4775686.58,37.27,57772.57,66.463,0,3,1,Equipment,Closed,2,Machinery,Minor,3.57,1,0,1,Pending
MINE-010,Uttar Coal Mine 10,Northern,Uttar Pradesh,Mixed,Coal,2019,9,2019-09-01,25523.31,3804225.22,2919467.65,763,140304.5,0.1819,26018.14,2810.43,717313.47,552968.74,164344.74,22.91,6722.22,11.808,0,1,1,Safety,Closed,0,,,1.94,2,1,1,Pending
MINE-012,West Iron Mine 12,Eastern,West Bengal,Open Cast,Iron Ore,2023,4,2023-04-01,154507.28,17808314.68,9141073.64,1177,237001.2,0.6519,132091.53,5277.95,8154817.01,5826359.33,2328457.68,28.55,58852.66,69.356,0,2,0,,,0,,,1.83,0,0,0,Completed
MINE-005,Madhya Coal Mine 5,Central,Madhya Pradesh,Open Cast,Coal,2017,12,2017-12-01,21402.55,6162270.35,5662097.95,1163,225416.5,0.0949,20868.82,2493.22,533612.33,462274.82,71337.51,13.37,9081.7,14.494,0,0,0,,,1,Haulage/Transport,Moderate,2.1,0,0,0,Completed
MINE-008,Telangana Iron Mine 8,Southern,Telangana,Open Cast,Iron Ore,2020,12,2020-12-01,15608.24,4242653.83,3422979.01,737,134898.6,0.1157,20133.21,7232.24,1128826.07,700875.87,427950.19,37.91,2739.06,9.507,0,0,0,,,1,Gas/Explosion,Minor,0.92,1,0,1,In Progress
MINE-022,West Copper Mine 22,Eastern,West Bengal,Open Cast,Copper Ore,2020,2,2020-02-01,89620.45,11657228.78,8557018.88,2250,414984.9,0.216,106635.45,8432.35,7557110.49,6302815.77,1254294.72,16.6,16226.55,44.977,0,1,0,,,1,Slip/Fall,Minor,0.77,0,0,0,Completed
MINE-010,Uttar Coal Mine 10,Northern,Uttar Pradesh,Mixed,Coal,2017,12,2017-12-01,19739.05,3804225.22,3411113.91,698,144717.2,0.1364,23105.57,2493.69,492231.71,338366.95,153864.75,31.26,7750.56,17.05,0,0,1,DOCUMENTATION,Under Review,0,,,2.53,1,0,1,In Progress
MINE-019,Andhra Coal Mine 19,Southern,Andhra Pradesh,Open Cast,Coal,2019,2,2019-02-01,28361.62,6903354.37,5979051.18,121,24107.3,1.1765,30082.48,2524.68,716039.85,424890.75,291149.1,40.66,7467.3,19.138,0,3,0,,,1,Haulage/Transport,Moderate,0.83,0,0,0,Completed
MINE-002,West Iron Mine 2,Eastern,West Bengal,Open Cast,Iron Ore,2023,10,2023-10-01,52801.75,31788526.71,25164131.2,1956,377367.7,0.1399,57846.37,5831.0,3078870.4,2355748.55,723121.85,23.49,12593.85,28.921,0,1,1,Safety,Under Review,0,,,2.59,1,0,1,In Progress
MINE-002,West Iron Mine 2,Eastern,West Bengal,Open Cast,Iron Ore,2020,6,2020-06-01,70833.64,31788526.71,27655893.85,1967,400451.7,0.1769,84074.2,6055.33,4289211.79,2418693.98,1870517.82,43.61,11447.9,33.578,0,1,0,,,0,,,1.69,0,0,0,Completed
MINE-015,Madhya Iron Mine 15,Central,Madhya Pradesh,Open Cast,Iron Ore,2021,8,2021-08-01,79623.73,14086398.07,10210348.05,974,193150.0,0.4122,88753.71,5326.73,4241342.53,3162306.67,1079035.86,25.44,22989.41,41.441,0,2,1,Environmental,Open,0,,,0.83,1,0,1,Completed
MINE-026,Maharashtra Copper Mine 26,Western,Maharashtra,Underground,Copper Ore,2022,6,2022-06-01,26951.66,3439638.4,1968254.72,522,99492.8,0.2709,44717.29,6512.77,1755299.48,992657.57,762641.91,43.45,12597.02,26.753,0,2,0,,,1,Fire,Minor,0.63,0,0,0,Completed
MINE-023,Odisha Copper Mine 23,Eastern,Odisha,Open Cast,Copper Ore,2022,2,2022-02-01,74258.63,20545143.55,15587387.09,1640,357026.0,0.208,59490.49,5701.17,4233607.45,2504190.49,1729416.96,40.85,22090.61,31.223,0,1,1,Environmental,Under Review,0,,,0.44,1,0,1,Overdue
MINE-007,Gujarat Coal Mine 7,Western,Gujarat,Underground,Coal,2020,7,2020-07-01,11170.05,4595599.71,3962818.08,1523,298002.8,0.0375,13365.67,2900.6,323998.83,229394.52,94604.31,29.2,2780.35,9.85,0,1,0,,,0,,,1.52,1,0,1,Overdue
MINE-014,Chhattisgarh Bauxite Mine 14,Central,Chhattisgarh,Underground,Bauxite,2024,1,2024-01-01,6802.09,3172486.06,2290082.67,811,160332.1,0.0424,11358.39,2485.48,169064.77,108021.82,61042.95,36.11,4061.44,11.037,0,1,0,,,1,Fall of Roof/Rock,Moderate,2.43,0,0,0,Completed
MINE-011,Jharkhand Coal Mine 11,Eastern,Jharkhand,Underground,Coal,2020,2,2020-02-01,48937.11,4815796.69,3092825.33,450,92314.3,0.5301,60423.58,2534.93,1240521.76,754045.18,486476.58,39.22,12615.53,27.139,0,0,1,Operational,Open,0,,,0.36,1,0,1,Overdue
MINE-025,Madhya Limestone Mine 25,Central,Madhya Pradesh,Open Cast,Limestone,2017,10,2017-10-01,12607.74,5333812.33,5041399.33,1213,241763.6,0.0521,10675.46,957.03,120660.0,81924.93,38735.08,32.1,4109.89,8.082,0,0,1,Environmental,Open,0,,,0.45,1,0,1,Pending
MINE-010,Uttar Coal Mine 10,Northern,Uttar Pradesh,Mixed,Coal,2020,2,2020-02-01,27856.35,3804225.22,2771554.38,764,144858.1,0.1923,27259.69,3012.84,839268.13,710929.09,128339.05,15.29,6175.51,16.413,0,0,0,,,0,,,1.22,0,0,0,Completed
MINE-029,Andhra Copper Mine 29,Southern,Andhra Pradesh,Open Cast,Copper Ore,2020,2,2020-02-01,36045.34,11305197.36,9592752.26,274,56437.9,0.6387,44212.21,7669.91,2764644.39,1765460.93,999183.46,36.14,16183.81,21.515,0,0,0,,,0,,,1.7,0,0,0,Completed
MINE-015,Madhya Iron Mine 15,Central,Madhya Pradesh,Open Cast,Iron Ore,2022,2,2022-02-01,92084.02,14086398.07,9683955.95,1104,235638.1,0.3908,79752.64,5508.17,5072144.18,2862348.6,2209795.58,43.57,20502.38,41.62,0,2,0,,,0,,,0.22,0,0,0,Completed
MINE-019,Andhra Coal Mine 19,Southern,Andhra Pradesh,Open Cast,Coal,2016,12,2016-12-01,25898.71,6903354.37,6636090.98,128,25502.3,1.0155,31952.98,2648.1,685824.31,555055.32,130768.99,19.07,6574.72,14.532,0,0,0,,,2,Machinery,Minor,2.43,0,0,0,Completed
MINE-030,Uttar Iron Mine 30,Northern,Uttar Pradesh,Mixed,Iron Ore,2017,9,2017-09-01,25355.16,9769224.08,9183564.42,749,153354.3,0.1653,24464.78,5254.26,1332227.09,762501.48,569725.61,42.76,12808.1,14.93,0,3,1,Emergency Preparedness,Under Review,0,,,1.76,1,0,1,Pending
MINE-021,Jharkhand Limestone Mine 21,Eastern,Jharkhand,Open Cast,Limestone,2023,10,2023-10-01,3290.2,1715441.24,1333722.65,320,69933.7,0.047,2956.29,693.89,22830.37,19342.21,3488.16,15.28,890.23,1.778,0,0,1,Documentation,Under Review,0,,,1.98,1,0,1,Pending
MINE-001,Jharkhand Coal Mine 1,Eastern,Jharkhand,Underground,Coal,2018,11,2018-11-01,101398.71,15973322.74,13092386.92,2447,456640.7,0.2221,126844.45,2554.44,2590170.57,2116172.71,473997.86,18.3,50722.41,65.783,0,1,1,Safety,Open,1,Machinery,Minor,1.36,2,1,1,Overdue
MINE-008,Telangana Iron Mine 8,Southern,Telangana,Open Cast,Iron Ore,2017,8,2017-08-01,11845.95,4242653.83,3998154.85,683,134845.4,0.0878,14058.24,5801.2,687207.68,487602.36,199605.32,29.05,4075.63,11.698,0,2,0,,,1,Electrical,Moderate,2.04,1,0,1,Overdue
MINE-024,Chhattisgarh Bauxite Mine 24,Central,Chhattisgarh,Underground,Bauxite,2022,1,2022-01-01,65672.0,8763956.29,5932298.0,1255,271068.0,0.2423,93908.83,1626.13,1067913.99,770273.65,297640.35,27.87,39195.49,47.791,0,1,0,,,0,,,0.35,0,0,0,Completed
MINE-014,Chhattisgarh Bauxite Mine 14,Central,Chhattisgarh,Underground,Bauxite,2022,3,2022-03-01,7298.13,3172486.06,2442960.42,773,167543.0,0.0436,9070.7,2691.34,196417.84,120970.56,75447.28,38.41,2030.28,10.138,0,1,0,,,0,,,1.08,0,0,0,Completed
MINE-028,Telangana Coal Mine 28,Southern,Telangana,Open Cast,Coal,2023,4,2023-04-01,9118.27,10510635.28,8699710.24,948,185771.9,0.0491,9391.15,2216.84,202137.2,165424.47,36712.73,18.16,2203.68,5.118,0,3,0,,,0,,,2.41,1,0,1,Overdue
MINE-013,Odisha Coal Mine 13,Eastern,Odisha,Open Cast,Coal,2023,11,2023-11-01,73920.92,11260157.97,6903625.57,752,141058.4,0.524,92484.62,2716.17,2007821.33,1555481.89,452339.44,22.53,31453.6,47.698,0,1,0,,,0,,,0.09,0,0,0,Completed
MINE-020,Uttar Iron Mine 20,Northern,Uttar Pradesh,Open Cast,Iron Ore,2023,4,2023-04-01,20185.23,4723977.98,3071306.2,422,76519.5,0.2638,24300.58,5136.49,1036812.61,706578.18,330234.42,31.85,5016.24,16.346,0,1,0,,,0,,,0.96,0,0,0,Completed
MINE-013,Odisha Coal Mine 13,Eastern,Odisha,Open Cast,Coal,2021,8,2021-08-01,48901.44,11260157.97,8593256.52,639,122236.4,0.4001,45134.07,2835.74,1386718.52,1078102.14,308616.38,22.26,11394.82,20.277,0,0,0,,,0,,,1.98,1,0,1,Pending
MINE-028,Telangana Coal Mine 28,Southern,Telangana,Open Cast,Coal,2018,6,2018-06-01,26589.25,10510635.28,9647572.01,1062,214146.6,0.1242,31633.43,2434.12,647214.99,389562.5,257652.49,39.81,9432.47,15.013,0,2,0,,,2,Gas/Explosion,Minor,1.33,0,0,0,Completed
MINE-025,Madhya Limestone Mine 25,Central,Madhya Pradesh,Open Cast,Limestone,2017,9,2017-09-01,11599.39,5333812.33,5054007.07,1204,236636.8,0.049,10961.71,958.77,111211.64,103903.78,7307.85,6.57,3124.96,9.757,0,2,0,,,0,,,0.08,0,0,0,Completed
MINE-027,Gujarat Iron Mine 27,Western,Gujarat,Open Cast,Iron Ore,2017,5,2017-05-01,18329.02,6248149.8,5906935.2,754,142406.9,0.1287,17821.09,6320.53,1158491.24,706894.29,451596.95,38.98,7296.7,10.924,0,2,0,,,0,,,2.4,0,0,0,Completed
MINE-019,Andhra Coal Mine 19,Southern,Andhra Pradesh,Open Cast,Coal,2024,2,2024-02-01,47524.74,6903354.37,3945421.95,153,28185.4,1.6861,52239.04,2222.62,1056296.09,638985.3,417310.79,39.51,10524.6,22.512,0,3,0,,,3,Slip/Fall,Moderate,1.48,0,0,0,Completed
MINE-003,Odisha Coal Mine 3,Eastern,Odisha,Underground,Coal,2018,2,2018-02-01,119736.19,24608205.58,22469481.04,1223,249337.3,0.4802,178023.59,2681.72,3210985.37,2611353.7,599631.67,18.67,29534.97,73.735,0,2,0,,,0,,,1.73,0,0,0,Completed
MINE-020,Uttar Iron Mine 20,Northern,Uttar Pradesh,Open Cast,Iron Ore,2016,10,2016-10-01,18928.59,4723977.98,4558881.5,470,99644.7,0.19,24291.06,5224.42,988909.88,659188.64,329721.24,33.34,8497.62,14.44,0,3,0,,,2,Fall of Roof/Rock,Minor,2.89,0,0,0,Completed
MINE-022,West Copper Mine 22,Eastern,West Bengal,Open Cast,Copper Ore,2023,12,2023-12-01,166136.85,11657228.78,2673956.78,2666,537080.3,0.3093,165864.87,10659.12,17708727.7,10122683.24,7586044.46,42.84,74735.72,91.46,0,1,0,,,0,,,1.46,1,0,1,Pending
MINE-006,Maharashtra Limestone Mine 6,Western,Maharashtra,Open Cast,Limestone,2021,1,2021-01-01,29083.12,4919591.78,3766272.47,811,151292.8,0.1922,28248.58,1274.49,370660.67,258368.48,112292.18,30.3,5245.48,14.484,0,1,0,,,1,Slip/Fall,Minor,1.92,1,0,1,Overdue
MINE-023,Odisha Copper Mine 23,Eastern,Odisha,Open Cast,Copper Ore,2020,12,2020-12-01,81901.79,20545143.55,16732320.37,1638,354486.1,0.231,72552.61,5753.09,4711883.26,2808486.75,1903396.52,40.4,22723.38,40.405,0,0,0,,,0,,,2.26,2,1,1,Pending
MINE-013,Odisha Coal Mine 13,Eastern,Odisha,Open Cast,Coal,2016,2,2016-02-01,24244.48,11260157.97,11207212.38,541,112249.4,0.216,21033.59,2240.77,543261.9,313359.49,229902.41,42.32,9558.22,18.336,0,2,1,Safety,Under Review,1,Electrical,Minor,1.0,1,0,1,Overdue
MINE-021,Jharkhand Limestone Mine 21,Eastern,Jharkhand,Open Cast,Limestone,2020,7,2020-07-01,3656.98,1715441.24,1473461.31,323,64231.9,0.0569,3342.57,715.71,26173.45,18055.81,8117.64,31.01,1587.37,7.365,0,2,1,Environmental,Under Review,1,Fall of Roof/Rock,Moderate,3.03,1,0,1,Completed
MINE-027,Gujarat Iron Mine 27,Western,Gujarat,Open Cast,Iron Ore,2022,9,2022-09-01,6179.16,6248149.8,5178815.69,701,135500.8,0.0456,5453.46,5563.15,343755.69,210146.76,133608.92,38.87,1830.31,5.941,0,2,0,,,1,Fall of Roof/Rock,Fatal,2.17,0,0,0,Completed
MINE-020,Uttar Iron Mine 20,Northern,Uttar Pradesh,Open Cast,Iron Ore,2017,5,2017-05-01,18431.81,4723977.98,4433455.14,416,81294.2,0.2267,21843.08,5092.35,938612.54,690869.56,247742.98,26.39,4331.43,10.02,0,1,1,Equipment,Under Review,1,Slip/Fall,Moderate,2.24,2,1,1,In Progress
MINE-006,Maharashtra Limestone Mine 6,Western,Maharashtra,Open Cast,Limestone,2024,11,2024-11-01,54605.61,4919591.78,2021815.74,1043,214817.3,0.2542,69212.19,1002.62,547486.96,355771.47,191715.5,35.02,20979.03,39.207,0,2,1,Emergency Preparedness,Under Review,0,,,1.75,2,1,1,Completed
MINE-030,Uttar Iron Mine 30,Northern,Uttar Pradesh,Mixed,Iron Ore,2021,11,2021-11-01,26367.1,9769224.08,7837094.68,775,168255.6,0.1567,25649.45,5249.89,1384244.74,1091590.75,292653.99,21.14,7821.55,16.225,0,2,1,Operational,Open,0,,,2.47,1,0,1,Completed
MINE-015,Madhya Iron Mine 15,Central,Madhya Pradesh,Open Cast,Iron Ore,2017,5,2017-05-01,44526.91,14086398.07,13407215.61,862,172943.8,0.2575,40077.14,5311.85,2365201.09,1984174.66,381026.43,16.11,18254.91,24.076,0,1,0,,,0,,,2.02,0,0,0,Completed
MINE-027,Gujarat Iron Mine 27,Western,Gujarat,Open Cast,Iron Ore,2021,12,2021-12-01,8444.82,6248149.8,5242349.1,691,144446.5,0.0585,7051.08,5447.06,459994.56,377851.37,82143.19,17.86,3432.46,11.438,0,1,0,,,0,,,1.71,0,0,0,Completed
MINE-012,West Iron Mine 12,Eastern,West Bengal,Open Cast,Iron Ore,2022,8,2022-08-01,122523.15,17808314.68,10364443.41,1053,217412.1,0.5636,142757.88,5621.65,6887821.05,4629243.51,2258577.54,32.79,22040.14,58.345,0,1,0,,,1,Haulage/Transport,Minor,0.8,0,0,0,Completed
MINE-018,Telangana Iron Mine 18,Southern,Telangana,Mixed,Iron Ore,2021,4,2021-04-01,10306.55,4638464.7,3885023.29,878,172155.2,0.0599,12660.44,3838.69,395636.61,316531.54,79105.07,19.99,4745.64,10.381,0,2,0,,,0,,,2.01,0,0,0,Completed
MINE-006,Maharashtra Limestone Mine 6,Western,Maharashtra,Open Cast,Limestone,2017,11,2017-11-01,16771.85,4919591.78,4593818.23,712,131529.5,0.1275,14780.44,978.41,164098.21,131773.41,32324.8,19.7,3162.65,10.945,0,1,0,,,0,,,0.23,1,0,1,Overdue
MINE-030,Uttar Iron Mine 30,Northern,Uttar Pradesh,Mixed,Iron Ore,2024,5,2024-05-01,24463.49,9769224.08,7107089.7,799,168022.3,0.1456,24952.08,4729.49,1156999.15,873112.0,283887.15,24.54,4890.24,16.334,0,0,0,,,0,,,1.92,0,0,0,Completed
MINE-026,Maharashtra Copper Mine 26,Western,Maharashtra,Underground,Copper Ore,2018,11,2018-11-01,20366.03,3439638.4,2862406.09,502,104267.1,0.1953,29064.98,6709.5,1366458.59,1008092.6,358365.99,26.23,9284.69,18.836,0,4,1,Safety,Under Review,1,Haulage/Transport,Minor,2.23,2,1,1,Pending
MINE-028,Telangana Coal Mine 28,Southern,Telangana,Open Cast,Coal,2023,6,2023-06-01,10418.52,10510635.28,8678790.08,932,189319.0,0.055,10591.47,2216.5,230926.09,200792.43,30133.67,13.05,4609.24,8.023,0,4,0,,,0,,,1.05,0,0,0,Completed
MINE-002,West Iron Mine 2,Eastern,West Bengal,Open Cast,Iron Ore,2022,10,2022-10-01,66715.22,31788526.71,25840981.78,1926,378444.4,0.1763,53436.54,6060.95,4043573.48,2269253.88,1774319.6,43.88,24367.28,35.531,0,3,3,Documentation,Closed,0,,,2.19,3,2,1,Completed
MINE-017,Gujarat Iron Mine 17,Western,Gujarat,Open Cast,Iron Ore,2022,7,2022-07-01,27140.98,13268212.21,10675128.84,419,76993.6,0.3525,30052.45,5444.24,1477621.4,1104487.74,373133.67,25.25,11209.54,17.84,0,1,0,,,0,,,1.46,0,0,0,Completed
MINE-010,Uttar Coal Mine 10,Northern,Uttar Pradesh,MIXED,Coal,2016,4,2016-04-01,13393.55,3804225.22,3750944.16,657,129218.8,0.1037,16781.73,2275.92,304826.68,176670.96,128155.72,42.04,4507.29,7.859,0,1,0,,,1,Haulage/Transport,Moderate,1.43,1,0,1,In Progress
MINE-026,Maharashtra Copper Mine 26,Western,Maharashtra,Underground,Copper Ore,2019,12,2019-12-01,20455.36,3439638.4,2617948.14,488,96561.5,0.2118,24579.97,7784.99,1592448.88,1073096.21,519352.67,32.61,11749.08,20.657,0,1,0,,,0,,,1.51,0,0,0,Completed
MINE-019,Andhra Coal Mine 19,Southern,Andhra Pradesh,Open Cast,Coal,2024,8,2024-08-01,40743.72,6903354.37,3698280.55,140,30708.7,1.3268,42793.44,2194.75,894221.65,706119.41,188102.24,21.04,9318.58,17.551,0,2,1,Safety,Under Review,1,Fall of Roof/Rock,Minor,2.3,1,0,1,In Progress
MINE-024,Chhattisgarh Bauxite Mine 24,Central,Chhattisgarh,Underground,Bauxite,2022,3,2022-03-01,63076.6,8763956.29,5805645.43,1247,260188.3,0.2424,89902.12,1629.74,1027982.57,825153.51,202829.07,19.73,13774.95,37.943,0,2,0,,,1,Gas/Explosion,Moderate,1.66,0,0,0,Completed
MINE-011,Jharkhand Coal Mine 11,Eastern,Jharkhand,Underground,Coal,2016,3,2016-03-01,21609.06,4815796.69,4753599.1,372,80212.1,0.2694,24266.05,2414.29,521706.19,418377.53,103328.66,19.81,5629.32,12.895,0,0,0,,,0,,,1.03,0,0,0,Completed
MINE-005,Madhya Coal Mine 5,Central,Madhya Pradesh,Open Cast,Coal,2019,7,2019-07-01,14410.42,6162270.35,5337381.9,1061,192328.9,0.0749,15210.2,2380.8,343082.65,260016.69,83065.96,24.21,2519.72,12.35,0,1,0,,,3,Fall of Roof/Rock,Moderate,1.79,0,0,0,Completed
MINE-027,Gujarat Iron Mine 27,Western,Gujarat,Open Cast,Iron Ore,2024,1,2024-01-01,5473.22,6248149.8,5081086.47,682,146878.0,0.0373,5906.16,5914.61,323719.64,280570.92,43148.72,13.33,1391.22,4.226,0,1,0,,,0,,,1.52,0,0,0,Completed
MINE-007,Gujarat Coal Mine 7,Western,Gujarat,Underground,Coal,2024,4,2024-04-01,10941.33,4595599.71,3441702.96,1540,316406.1,0.0346,18199.38,3045.69,333239.03,296859.99,36379.04,10.92,3961.47,14.804,0,0,0,,,3,Electrical,Minor,3.15,0,0,0,Completed
MINE-022,West Copper Mine 22,Eastern,West Bengal,Open Cast,Copper Ore,2018,9,2018-09-01,66760.48,11657228.78,9883934.62,1913,364314.8,0.1832,74747.32,7451.58,4974713.46,3073952.61,1900760.85,38.21,21779.75,40.839,0,3,1,Equipment,Closed,0,,,2.34,1,0,1,Pending
MINE-001,Jharkhand Coal Mine 1,Eastern,Jharkhand,Underground,Coal,2017,10,2017-10-01,79759.88,15973322.74,14344086.87,2397,433154.1,0.1841,110544.32,2699.53,2153140.43,1432203.88,720936.54,33.48,47136.47,62.747,0,1,1,OPERATIONAL,Closed,2,Haulage/Transport,Minor,2.73,1,0,1,Pending
MINE-005,Madhya Coal Mine 5,Central,Madhya Pradesh,Open Cast,Coal,2018,4,2018-04-01,17970.49,6162270.35,5585080.25,1068,226102.8,0.0795,19742.0,2443.04,439026.74,267563.05,171463.69,39.06,4639.92,13.709,0,2,0,,,0,,,0.63,0,0,0,Completed
MINE-011,Jharkhand Coal Mine 11,Eastern,Jharkhand,Underground,Coal,2024,9,2024-09-01,151419.45,4815796.69,0.0,784,160631.3,0.9427,256211.81,2634.06,3988477.93,2270563.9,1717914.03,43.07,54934.2,107.059,0,1,1,equipment,Under Review,0,,,0.31,2,1,1,Overdue
MINE-022,West Copper Mine 22,Eastern,West Bengal,Open Cast,Copper Ore,2020,9,2020-09-01,99307.97,11657228.78,7904727.65,2140,441415.1,0.225,124191.15,8881.14,8819679.73,6826861.58,1992818.15,22.6,28987.84,54.082,0,1,1,Emergency Preparedness,Closed,0,,,0.9,1,0,1,Pending
MINE-009,Andhra Iron Mine 9,Southern,Andhra Pradesh,underground,Iron Ore,2023,8,2023-08-01,31598.27,7961285.52,4825347.15,1099,227043.6,0.1392,44596.05,4974.92,1571990.19,1250417.35,321572.83,20.46,18905.43,30.338,0,2,1,Documentation,Open,0,,,1.77,1,0,1,Completed
MINE-012,West Iron Mine 12,Eastern,West Bengal,Open Cast,Iron Ore,2018,4,2018-04-01,69127.89,17808314.68,15955050.18,954,207737.0,0.3328,77852.81,5760.23,3981925.95,2550395.47,1431530.48,35.95,13091.02,33.231,0,1,2,Equipment,Open,3,Slip/Fall,Moderate,3.3,2,1,1,Completed
MINE-023,Odisha Copper Mine 23,Eastern,Odisha,Open Cast,Copper Ore,2020,10,2020-10-01,76314.77,20545143.55,16892440.48,1627,302423.6,0.2523,69388.49,6168.67,4707607.47,2710747.73,1996859.74,42.42,27429.22,39.44,0,2,1,Operational,Closed,0,,,1.72,1,0,1,Overdue
MINE-027,Gujarat Iron Mine 27,Western,Gujarat,Open Cast,Iron Ore,2019,10,2019-10-01,10397.86,6248149.8,5494086.23,691,143440.6,0.0725,11687.21,6260.11,650917.45,538662.54,112254.91,17.25,2047.13,4.807,0,1,0,,,0,,,2.32,0,0,0,Completed
MINE-015,Madhya Iron Mine 15,Central,Madhya Pradesh,Open Cast,Iron Ore,2016,4,2016-04-01,35167.51,14086398.07,13940507.72,839,179291.9,0.1961,33599.96,5687.81,2000262.88,1330279.9,669982.99,33.49,10519.51,21.234,0,2,0,,,0,,,0.3,0,0,0,Completed
MINE-023,Odisha Copper Mine 23,Eastern,Odisha,Open Cast,Copper Ore,2017,4,2017-04-01,54515.96,20545143.55,19718469.7,1585,324048.9,0.1682,52838.64,7759.31,4230062.31,2811266.42,1418795.89,33.54,17943.77,31.596,0,1,1,Documentation,Under Review,0,,,2.54,1,0,1,Completed
MINE-008,Telangana Iron Mine 8,Southern,Telangana,Open Cast,Iron Ore,2017,2,2017-02-01,13331.42,4242653.83,4071743.27,720,146119.2,0.0912,17046.04,6019.58,802495.95,597541.47,204954.48,25.54,2878.32,11.615,0,2,0,,,1,Slip/Fall,Minor,2.52,0,0,0,Completed
MINE-016,Maharashtra Iron Mine 16,Western,Maharashtra,Underground,Iron Ore,2021,6,2021-06-01,12310.17,3852023.09,2918658.8,430,90477.6,0.1361,19790.51,7313.65,900322.82,568348.29,331974.53,36.87,3083.26,10.522,0,0,1,Equipment,Open,0,,,1.98,1,0,1,Pending
MINE-002,West Iron Mine 2,Eastern,West Bengal,Open Cast,Iron Ore,2017,11,2017-11-01,85921.09,31788526.71,29908144.22,2012,413489.3,0.2078,83833.68,5312.91,4564914.18,3483991.21,1080922.97,23.68,26785.94,46.023,0,2,2,Safety,Open,0,,,1.48,2,1,1,In Progress
MINE-028,Telangana Coal Mine 28,Southern,Telangana,Open Cast,Coal,2016,4,2016-04-01,31017.16,10510635.28,10375941.16,1067,218384.6,0.142,39053.22,2472.33,766847.03,648070.84,118776.19,15.49,9058.02,16.297,0,3,0,,,0,,,0.89,0,0,0,Completed
MINE-030,Uttar Iron Mine 30,Northern,Uttar Pradesh,Mixed,Iron Ore,2019,4,2019-04-01,28511.12,9769224.08,8638071.35,751,155597.9,0.1832,30694.73,5237.96,1493401.83,1181797.49,311604.34,20.87,12513.16,20.396,0,2,0,,,1,Fall of Roof/Rock,Serious,1.97,0,0,0,Completed
MINE-020,Uttar Iron Mine 20,Northern,Uttar Pradesh,Open Cast,Iron Ore,2022,12,2022-12-01,21637.59,4723977.98,3157503.38,456,84077.2,0.2574,23850.53,5054.51,1093673.7,801485.51,292188.19,26.72,3858.95,12.852,0,1,0,,,2,Fire,Minor,1.11,0,0,0,Completed
MINE-014,Chhattisgarh Bauxite Mine 14,Central,Chhattisgarh,Underground,Bauxite,2022,7,2022-07-01,6693.92,3172486.06,2413414.9,753,141843.6,0.0472,10076.26,2612.93,174907.53,113250.29,61657.24,35.25,2746.04,10.664,0,1,0,,,0,,,1.03,0,0,0,Completed
MINE-004,Chhattisgarh Coal Mine 4,Central,Chhattisgarh,Underground,Coal,2016,7,2016-07-01,12632.03,3455223.81,3364828.69,1520,295944.5,0.0427,16376.92,2409.82,304409.02,226585.89,77823.13,25.57,3259.89,10.029,0,1,0,,,2,Fall of Roof/Rock,Minor,1.68,2,1,1,Overdue
MINE-012,West Iron Mine 12,Eastern,West Bengal,Open Cast,Iron Ore,2020,3,2020-03-01,103872.46,17808314.68,13914223.19,1021,191426.7,0.5426,133928.65,5752.96,5975737.55,5041008.93,934728.62,15.64,25475.16,54.922,0,2,0,,,1,Haulage/Transport,Minor,1.56,1,0,1,Completed
MINE-005,Madhya Coal Mine 5,Central,Madhya Pradesh,Open Cast,Coal,2018,11,2018-11-01,17909.32,6162270.35,5465366.61,1095,236016.6,0.0759,15081.25,2449.64,438713.32,381940.96,56772.35,12.94,3853.99,14.441,0,0,0,,,0,,,1.16,0,0,0,Completed
MINE-021,Jharkhand Limestone Mine 21,Eastern,Jharkhand,Open Cast,Limestone,2016,10,2016-10-01,4820.68,1715441.24,1667546.83,347,63054.1,0.0765,4938.64,957.9,46177.14,38762.42,7414.71,16.06,1304.99,8.999,0,4,0,,,0,,,0.49,0,0,0,Completed
MINE-016,Maharashtra Iron Mine 16,Western,Maharashtra,UNDERGROUND,Iron Ore,2017,7,2017-07-01,13898.47,3852023.09,3559353.94,470,85725.7,0.1621,17681.15,6396.43,889005.19,679976.57,209028.63,23.51,8293.47,12.264,0,0,1,Operational,Open,0,,,1.49,1,0,1,Completed
MINE-029,Andhra Copper Mine 29,Southern,Andhra Pradesh,Open Cast,Copper Ore,2021,9,2021-09-01,36744.99,11305197.36,8849730.07,261,48711.2,0.7543,44111.78,8180.29,3005847.9,2237482.29,768365.61,25.56,10091.68,25.897,0,1,1,EQUIPMENT,Open,0,,,1.19,2,0,2,In Progress
MINE-011,Jharkhand Coal Mine 11,Eastern,Jharkhand,Underground,Coal,2017,4,2017-04-01,30688.46,4815796.69,4428466.02,403,81230.9,0.3778,53146.25,2473.7,759141.76,470542.94,288598.82,38.02,9837.19,28.537,0,3,0,,,2,Slip/Fall,Moderate,3.16,0,0,0,Completed
MINE-011,Jharkhand Coal Mine 11,Eastern,Jharkhand,Underground,Coal,2020,3,2020-03-01,48398.14,4815796.69,3044427.19,450,82407.4,0.5873,57462.11,2516.09,1217740.04,725521.82,492218.22,40.42,11304.78,23.37,0,0,0,,,0,,,2.42,0,0,0,Completed
MINE-012,West Iron Mine 12,Eastern,West Bengal,Open Cast,Iron Ore,2024,11,2024-11-01,204375.67,17808314.68,5813742.25,1296,243426.4,0.8396,240041.08,5426.84,11091136.86,8163078.63,2928058.23,26.4,49677.64,103.471,0,2,0,,,0,,,1.75,2,1,1,In Progress
MINE-008,Telangana Iron Mine 8,Southern,Telangana,Open Cast,Iron Ore,2024,9,2024-09-01,19482.17,4242653.83,2593551.02,780,161895.1,0.1203,16860.85,7811.9,1521926.77,1241449.79,280476.98,18.43,5888.15,11.219,0,2,0,,,0,,,1.64,0,0,0,Completed
MINE-030,Uttar Iron Mine 30,Northern,Uttar Pradesh,Mixed,Iron Ore,2019,7,2019-07-01,26297.3,9769224.08,8554519.42,745,136589.4,0.1925,28580.51,5305.02,1395076.17,855091.09,539985.09,38.71,11507.24,21.366,0,4,2,Safety,Open,0,,,0.84,2,1,1,In Progress
